run_id,sample_id,subject,true_label,predicted_label,confidence,body_acc_x_mean,body_acc_x_std,body_acc_x_rms,body_acc_y_mean,body_acc_y_std,body_acc_y_rms,body_acc_z_mean,body_acc_z_std,body_acc_z_rms,body_gyro_x_mean,body_gyro_x_std,body_gyro_x_rms,body_gyro_y_mean,body_gyro_y_std,body_gyro_y_rms,body_gyro_z_mean,body_gyro_z_std,body_gyro_z_rms,total_acc_x_mean,total_acc_x_std,total_acc_x_rms,total_acc_y_mean,total_acc_y_std,total_acc_y_rms,total_acc_z_mean,total_acc_z_std,total_acc_z_rms
L01_seed2026,train:002469,14,0,1,0.9804403646767146,0.016029037060434348,0.2167761581630944,0.21736796630836774,-0.015613370473715804,0.172321671920692,0.17302755835730943,0.008512979456781977,0.21678531991205466,0.21695240433930083,-0.0235488865764637,0.34944797521424287,0.35024054225678275,-0.020033796325151343,0.7858211289622062,0.7860764592065037,0.009682732592409593,0.45249065635596225,0.4525942436663392,0.8959513488225639,0.2162730818860564,0.9216847972086034,-0.2779169723872883,0.17042376410007587,0.32600936015850074,-0.45386315911309794,0.2139073362985113,0.5017450704515647
L01_seed2026,train:002468,14,0,1,0.9802447860020953,-0.0004939901118632406,0.21064078764199154,0.2106413668885321,-0.009101272979023634,0.17099976288136728,0.171241794183904,0.023349978614760403,0.2217207958392388,0.22294692823381793,0.0029445453345715578,0.3269450689669764,0.3269583283371878,-0.03643985308735864,0.7648038878535801,0.7656715025185278,-0.006803387239415315,0.4407059516740229,0.44075846210689545,0.8802370838820934,0.21028526189716443,0.9050067487109754,-0.2690849932042738,0.16933580697344625,0.31793293174990905,-0.4372670773882419,0.21895483970497287,0.48902322930294945
L01_seed2026,train:002485,14,0,1,0.9782559986027717,0.006626784037507605,0.21642948985141386,0.21653091775546285,-0.005788242980543146,0.17908686865672643,0.17918038475813527,0.010638620194413306,0.2153169731424481,0.2155796353157382,-0.07908229859094718,0.38791705845178825,0.3958960143627564,-0.025066988875551033,0.7891499199591835,0.7895479403448993,0.023922926226077834,0.47064477179942826,0.47125238208560205,0.8826743545942008,0.21633010699834337,0.9087974094660501,-0.2755207537629758,0.17660943312683253,0.32726530158802275,-0.4459388403029152,0.21283721759669247,0.4941266340575164
L01_seed2026,train:002484,14,0,1,0.9772643171527677,-0.014357340336573543,0.20637872970029267,0.2068775321156134,-0.007476025456071511,0.16304234388011551,0.16321365400768917,0.01743211567486469,0.22884767097469913,0.22951064281955644,-0.05859703404348693,0.3189771628151566,0.3243147279978208,-0.015911623047941248,0.7675184429282144,0.7676833591937307,0.0467136794286489,0.455223138498711,0.45761367294955163,0.8675663112662733,0.20666024564173788,0.8918406592956342,-0.2764526941700751,0.161328966915525,0.32008300123549777,-0.43504722812031105,0.2260147986076775,0.49025379130082714
L01_seed2026,train:002486,14,0,1,0.9735815741675579,0.022227935119644826,0.22023259022978917,0.22135147367705815,-0.008989934580768022,0.2012853931576886,0.20148605019308843,0.010390945808467222,0.2081396394216497,0.20839885137247963,-0.004249723984685261,0.38610401676851996,0.3861274037396615,-0.0031828187420614995,0.7984441688440757,0.798450512615686,-0.0071392852605640655,0.4606233652917305,0.46067868850936733,0.8974321517162025,0.21988370732111748,0.9239768999705847,-0.2783027651530574,0.19845993313709154,0.34181687224684604,-0.45101665816036984,0.2045490350357307,0.49523361524859805
L01_seed2026,train:002322,14,0,1,0.9715944650405034,0.012285087304917397,0.19098408051978732,0.19137879292669305,-0.017494029011686507,0.1574283553758023,0.15839737411772845,0.013306484250961148,0.18780970331232344,0.18828050133081767,0.02793934746478044,0.34529626466384405,0.3464247645991279,-0.03558060673822183,0.6977376269998116,0.6986442411608274,-0.006959887288303435,0.4017632815677716,0.4018235613390166,0.9395276512950659,0.19052062488269894,0.9586502574211916,-0.25218609833245864,0.15602499605549666,0.2965495364796011,-0.3629093074478078,0.18493983214050677,0.40731548822062524
L01_seed2026,train:002483,14,0,1,0.9692302190774547,-0.019826754582027206,0.2200357280228595,0.22092718665615996,0.0038684457708768605,0.1714026254144437,0.17144627400922516,0.013407130239556864,0.21840417917719673,0.21881530253463877,-0.012538822356873425,0.34501708422245947,0.3452448558218716,0.010038530774181709,0.7859262456324374,0.7859903534229937,0.018771588584058918,0.450964879501469,0.45135539775407985,0.8660707231611013,0.2201275699404708,0.8936076569528094,-0.2689213324429147,0.1694022077696725,0.31782981458653614,-0.43621448753401637,0.21608100424859739,0.48679983518038183
L01_seed2026,train:002467,14,0,1,0.9684463879700284,-0.01508298158296384,0.21544411677027023,0.21597144205740224,0.0014429701200242562,0.16830104571251592,0.16830723142721365,0.025888050730827672,0.21517313216756698,0.21672486700294258,0.1364206128199612,0.36034911731102887,0.38530776004255535,-0.05001210609043483,0.7757212546342627,0.7773317667810545,-0.06219549499110144,0.4537375811064554,0.4579804276445941,0.86568797333166,0.21474138670016674,0.8919246214411773,-0.26266018502792576,0.1662974193235759,0.3108781183560294,-0.44024197923135944,0.21188808026335346,0.48857912238984796
L01_seed2026,train:002466,14,0,1,0.967794825591605,-0.011113674234366044,0.212542414692197,0.2128327789561031,-0.008580838667967328,0.17018418011441208,0.170400369581349,0.010235626108851648,0.20366398360616264,0.20392102947016397,0.387114215096517,0.3555655496647224,0.5256275065463837,-0.02857571028289385,0.8287906322695818,0.8292831141148269,-0.2212835655609524,0.4524971378566955,0.503706339205563,0.8746416908688843,0.21192981040586376,0.8999512942068845,-0.26633465950362734,0.16655761345700393,0.3141267092327646,-0.461246083752485,0.2016322190178099,0.5033919958869534
L01_seed2026,train:002323,14,0,1,0.951518475441146,0.011617312293310533,0.18122337801795976,0.18159535975668717,-0.009150680808943434,0.16270586204393414,0.16296297893302913,-0.0008188208910269168,0.18223561530612026,0.18223745485945483,0.04030124136079394,0.32967696872574265,0.33213113940643274,-0.0023833001469029114,0.7083643793458079,0.7083683886549158,-0.010325019738957053,0.40006236508138215,0.4001955796696397,0.9366282043047249,0.18090778335634394,0.9539392114689486,-0.2546338952606959,0.1601353853253876,0.30080186543461696,-0.37996084451151546,0.17858251551366355,0.41983563237187466
L01_seed2026,train:002482,14,0,1,0.9461815198887104,-0.012843014532336383,0.22945999532433353,0.2298191299185535,-0.004250766251516325,0.17074400578177804,0.1707969101715042,-0.0013855562215212558,0.19361993623568782,0.19362489373516725,0.14483102531448822,0.3519727392054517,0.38060587887923486,0.03949043937609531,0.8400945333316231,0.841022187421827,-0.07868638578111131,0.43252278193713023,0.4396220014989334,0.875225440133363,0.22834545961916627,0.9045226475801074,-0.2700872273562709,0.16693523237632377,0.31751296381334604,-0.44617145496886224,0.19253379767626944,0.48594056269947056
L01_seed2026,train:002320,14,0,1,0.9436659852610635,-0.01100314498944499,0.20354382601539386,0.2038410123322676,0.004268367549229879,0.16060928575100517,0.1606659940092593,0.0262243504373032,0.18693536696343563,0.18876585490393336,-0.05439639795804396,0.39223990175518736,0.3959938239919013,0.006358114744784871,0.7220098136115293,0.722037808272159,0.05072170957646449,0.4453718461350266,0.4482507926954296,0.9087203573435545,0.20315033696907306,0.9311513020241369,-0.24325755970130558,0.15952979115708332,0.2909020361194759,-0.3652253877135081,0.1846964269716681,0.4092705144114135
L01_seed2026,train:002324,14,0,1,0.9317891538262536,0.002537977643441991,0.17021909958251785,0.17023801923542736,-0.006820803787832119,0.15977345357965783,0.1599189789646094,-0.009515782026028319,0.1734668199402366,0.1737276251139851,-0.006204546745721018,0.31117793165937574,0.31123978144210124,0.00570380794488301,0.7098261001304279,0.7098490162361601,0.021278010803143843,0.3820832338646279,0.38267525572499544,0.9237397108227015,0.1699152998331689,0.9392370640409182,-0.25351132119888575,0.15672591911026384,0.2980453047725489,-0.39519351527269464,0.16978102313953497,0.4301203440107162
L01_seed2026,train:002427,14,3,4,0.9001281914566276,-0.005478977262043827,0.025586965980184204,0.02616700250141573,-0.007971116108819842,0.08019705386992518,0.08059222134571034,-0.013473884604991326,0.03813447813554131,0.04044482648026444,-0.11584778970427578,0.08860903802137106,0.14585016968944153,0.122375753839151,0.1027314031763809,0.15977974316629942,-0.058688542608706484,0.1303558357918443,0.14295799718282368,0.9319026293233037,0.023039416143897352,0.9321873874044523,-0.1006727898857207,0.06710029870389146,0.12098537394877915,-0.4269507166463882,0.035809614058878815,0.42844981375175123
L01_seed2026,train:002321,14,0,1,0.899308453370403,-0.001753489474140224,0.19003778900212664,0.1900458786034381,-0.0027279109590381267,0.1612298781811052,0.16125295382254076,0.02402656961703542,0.19031888894701335,0.19182949600514476,-0.029053792968625203,0.3598627769493487,0.3610337118879072,-0.030825253906527905,0.707679778200234,0.708350806276053,0.020001404684535373,0.4017565537449947,0.4022541294584922,0.9232933488674462,0.18955018690427858,0.9425496705311135,-0.23894897455829778,0.15932314846157133,0.28719414701238244,-0.35624116965391295,0.18655730544518187,0.40213355887236624
L01_seed2026,train:002470,14,0,1,0.8943446245488917,0.0064316843690903625,0.20896124898769383,0.20906020697952202,-0.010134735267115502,0.17385608094246888,0.17415122663825486,-0.0011719554454998615,0.20743337151702126,0.20743668214297298,-0.0071417682393075665,0.38879681723836795,0.3888624049047026,-0.0007534190081059933,0.7911065372052357,0.7911068959685921,0.004893263841950102,0.4639795004893308,0.46400530266943696,0.8831767258234322,0.20846894766325216,0.9074472057238491,-0.27710357477189973,0.1711503151265467,0.32569743861332723,-0.4650767875755264,0.20536497737522985,0.5084006218268227
L01_seed2026,train:000150,1,1,0,0.8934671109663739,-0.019365825934073655,0.20610457683083397,0.2070123952924703,-0.031166858593906,0.1550146437808843,0.1581167697024164,0.020266896593057027,0.18582774889764095,0.1869296641998759,0.2565275469305561,0.2737548680065401,0.3751641108788084,-0.08542516190391325,0.7635160059210647,0.7682799942624857,-0.022963649116036322,0.21606113652480471,0.21727803362768805,0.9806675855070353,0.20251685573317513,1.0013600701646985,-0.29375304486893583,0.15612069508471002,0.3326627764020255,-0.06213598207580162,0.1717113637222661,0.18260797545530344
L01_seed2026,train:004833,23,2,0,0.8858036889363555,-0.006340686135104079,0.22434217195936412,0.22443175893823225,0.04181548802642965,0.11806470350250234,0.12525098503413962,0.03344641144940397,0.1771177678325251,0.18024806828595719,0.23617212105091312,0.33234750318255574,0.40771575102436997,0.03502532771381084,0.8466617844822502,0.847385951549899,0.002198819854129397,0.20969318644207155,0.20970471441763128,0.9917556592263281,0.22356371108312056,1.0166415398362914,-0.07048684501796743,0.11544942240318638,0.13526627241783634,-0.08977572675757983,0.17622202952701682,0.1977723054562302
L01_seed2026,train:001207,6,3,4,0.8791636872490488,-8.732380032938636e-05,0.004567305698302699,0.00456814040807113,-3.319890220154775e-05,0.007569111762912654,0.007569184569461237,-0.0010424029354680897,0.013391024213727398,0.013431535034109316,-0.0009716618164929969,0.014635059701143833,0.014667279882162019,-0.0023166978993458542,0.02786210621249894,0.027958255520568614,-0.0005485856947515799,0.011585414119484522,0.011598395000362654,1.0146067016758025,0.004413268977112974,1.0146162999028328,-0.08236452337587252,0.006358993123822769,0.08260963324263991,-0.16559567395597696,0.010913719007946732,0.16595492308310303
L01_seed2026,train:002319,14,0,1,0.8770116163130844,-0.010667128284694627,0.21401903675614112,0.2142847071535172,0.011071106251620222,0.1543836893379676,0.15478014384034133,0.007293034811766574,0.18894116919058276,0.18908187055312856,-0.08920790355659847,0.3967594735640498,0.4066646406067108,0.04058396378241014,0.7317977194167934,0.7329222061446302,0.035700068153346365,0.45059958618497725,0.4520115949134782,0.9076531804166734,0.21313462135281572,0.9323414947001503,-0.24896835250910954,0.15283740599411794,0.29213783257584264,-0.38795073407345626,0.18737851119894047,0.4308323090568592
L01_seed2026,train:004033,21,3,4,0.8731716680872691,0.002950972485429304,0.012349966133177938,0.012697633720516702,0.00971351400369258,0.05691655893954991,0.057739475541601436,-0.007757074105484207,0.04000146502223504,0.04074664897391032,0.2182867550291121,0.06874788053919867,0.2288566767646763,0.2396598193445243,0.11785321372257676,0.26706967067225995,-0.18941220047418028,0.06894696647498291,0.20157049852241146,1.0270040314644575,0.009530223479531575,1.027048249014533,-0.05552362203889061,0.012316168485159642,0.05687319764592473,-0.0488139916885757,0.02774744570078178,0.05614914538521642
L01_seed2026,train:002432,14,3,4,0.8713352697343872,0.001538695990959127,0.007554964870911748,0.007710063524595906,0.001329304076932658,0.011627001884612366,0.01170274421465877,0.003276509520503623,0.00845714512082282,0.009069664725479555,0.01022568237425503,0.014614132827764189,0.01783640822381807,-0.009356508458438384,0.029654348282314676,0.031095411600132395,0.00545488196576116,0.012890815503609876,0.013997459112585221,0.9429352325387299,0.0075911014205151004,0.942965788130007,-0.1164400817360729,0.01137339241472976,0.11699421647980199,-0.4044876261614263,0.008212239348346854,0.40457098337970343
L01_seed2026,train:001199,6,3,4,0.8675639467316312,-0.00039752506046397684,0.00649393475997087,0.00650609059577676,0.0020603815444815154,0.01316481179232187,0.013325068166283314,-0.0005213648530570936,0.012746579076594279,0.012757237140771283,0.017044236551555514,0.023311986340671418,0.028878273957649057,-0.0055003809061418,0.03780200661510639,0.03820007714967597,0.00609363056850043,0.021530019461928437,0.022375747396151488,1.0150908641517162,0.00655386355535644,1.0151120212133142,-0.07372735103126615,0.012264403478966712,0.0747404701803677,-0.16435581992845982,0.010887148597361075,0.1647160148526467
L01_seed2026,train:001204,6,3,4,0.8669639731336383,-0.0002846351123508839,0.007522115728275987,0.0075274990652114985,-0.0035531283901804045,0.010471130230733636,0.011057544468194095,0.0026418152069140888,0.012153534353910858,0.012437346376103463,-0.00035330189484739094,0.0277223272485353,0.027724578451327,0.0015164812107286707,0.04127520051497495,0.04130304943722535,0.006009037439291376,0.020901852378579975,0.02174847037846006,1.0149151207879186,0.0075020965593136065,1.014942847581449,-0.07185228366870433,0.01041005483667004,0.07260247867745585,-0.1642039151629433,0.01165461037480875,0.1646169969894594
L01_seed2026,train:001200,6,3,4,0.8668637163011316,-0.0006000089159101663,0.008006575734795409,0.008029026447595396,-0.001241463566202583,0.014166072847135485,0.014220367495130275,-0.001551538973899369,0.013098871120241539,0.01319043963680614,0.016127092570513923,0.024403280151454685,0.029250695665715504,-0.0044632717131207755,0.04884565197061065,0.04904914383370177,0.008960784785585929,0.022157350590565696,0.023900708131074908,1.0141451340168715,0.008010481083322191,1.0141767699258766,-0.0747910539212171,0.01376943608675913,0.07604800534395198,-0.16649843379855156,0.012090969253230806,0.16693687428142778
L01_seed2026,train:001197,6,3,4,0.866057561709633,-0.0008912517333214964,0.009924114611838493,0.009964054419816003,-0.018468413482651158,0.013957344752774567,0.02314929305862222,-0.004964535408362281,0.02855908145058463,0.028987372166548828,-0.042731171332434315,0.048557028354209573,0.06468182129496175,-0.02209766909663813,0.07316757101026358,0.07643167162274078,-0.001446351572610638,0.04200055412099055,0.04202545037643083,1.016879128292203,0.009865028133614846,1.0169269788615047,-0.06605434394441545,0.018164798306931115,0.0685064686833194,-0.15171549521619454,0.02538728700438761,0.15382491940559662
L01_seed2026,train:002429,14,3,4,0.8660525792280193,0.006783876566260005,0.008418885513664022,0.010811966266985556,0.006796541103838649,0.01698137052288054,0.018290979082912,0.014221116913859078,0.014800108592400609,0.020525188930299743,-0.003467456539903324,0.02225563825767757,0.02252413570179153,0.014077398083600201,0.039042872041840995,0.041503240765989824,-0.001221093194999412,0.020702660606018334,0.020738640860935346,0.9340813956223428,0.0073103957387827025,0.9341100018379214,-0.12363899068441242,0.010854869979072828,0.12411457698321658,-0.4208729050587863,0.010583222765272236,0.4210059462961556
L01_seed2026,train:001205,6,3,4,0.8657219437538084,-0.0006443641621416418,0.006818377912862117,0.006848757736703676,-0.007308582943892361,0.010218006125084386,0.012562763781111876,-0.0018867894530671947,0.01089298676493747,0.011055185891757248,0.0008902741992642405,0.020877752663834064,0.020896725687104805,-0.0022500813867871727,0.03657999291209132,0.03664913024473864,0.0035881272533515585,0.020785960871845262,0.021093383478051272,1.0142528619617224,0.00678571710835688,1.014275561153979,-0.08010206019389443,0.009866468832601264,0.08070741759300057,-0.16608643380459398,0.009719310635766658,0.16637057580342235
L01_seed2026,train:002431,14,3,4,0.8553869323251003,0.0026136432355201578,0.008490545102118295,0.008883720340807968,0.0015299831660513519,0.012456527650038697,0.012550136636092018,0.0060757376909919,0.009492418522294275,0.01127034151621569,0.011524501999303993,0.010258298329837452,0.015428766345884807,-0.012550071902012405,0.0272858033056798,0.03003363725528308,0.007381334969522868,0.011257253171922298,0.013461420984021553,0.940702720079571,0.008298060183370475,0.9407393184979091,-0.1179795294883661,0.012152604621097626,0.11860377387491922,-0.4089163232129067,0.009880990742175315,0.40903568715701244
L01_seed2026,train:001206,6,3,4,0.8545146627844419,0.0004183085326587843,0.00479675546852784,0.0048149605453572395,-0.0007625400069173338,0.009006310709625445,0.009038534165475256,0.0011472989805270117,0.012165443223417347,0.012219423217685415,-0.002765324932852309,0.0157019589071211,0.0159436048466203,-0.0005924983662133343,0.028128696768811027,0.028134936222171985,-0.006212238618253707,0.007943594836707119,0.010084275262996479,1.0147548145614564,0.004721471000782184,1.0147657985782075,-0.08178908785339445,0.005973352187294516,0.08200692548952028,-0.16390783712267876,0.010019668048382871,0.1642138021544912
L01_seed2026,train:001208,6,3,4,0.8523345320728981,0.00014023167901200395,0.004825530753880231,0.004827567915673734,-0.001157780492690108,0.007101320231971862,0.007195081980510483,-0.00110985493525817,0.013122359321333056,0.013169210004229312,-0.0018990151667139799,0.013893647281751558,0.01402282758195123,0.003417480726739086,0.02645779777047139,0.0266775980436919,-0.0008927072736781838,0.013772542408703034,0.013801443789546132,1.014665437862277,0.004617326398722397,1.0146759435875667,-0.08311469777254388,0.005918535158346604,0.08332515853115369,-0.16694241960067302,0.0098497405512167,0.16723273857427995
L01_seed2026,train:001202,6,3,4,0.8516247027876188,0.0006639205040528395,0.006006076354816347,0.006042660309465178,0.0032734347741438796,0.00842118347121623,0.009035026633965161,0.0013570740497925726,0.008462028214114228,0.00857015586048968,0.004967610683934254,0.017736606564094873,0.01841913049838757,0.003505591004341113,0.02467906158434534,0.024926797808255022,0.0003157779359526103,0.01541071205029766,0.015413946983236448,1.0151784499175847,0.005984610787978679,1.0151960897990857,-0.07032257266109809,0.008238644029969908,0.0708035273212287,-0.16680066485423595,0.007605110513556843,0.1669739485720409
L01_seed2026,train:002262,14,3,4,0.8507576532294036,0.004122410733316428,0.011209519034675547,0.01194351653588322,0.03310390182491574,0.0277327217037251,0.04318532353855792,0.022116673265259124,0.05104922234796707,0.05563425508312669,-0.24805524025578052,0.08180441295052591,0.2611960263796775,0.15999626932898536,0.10054083492696822,0.18896366234544962,-0.18469331818050705,0.0948018287357215,0.2076030069921028,1.018674710765481,0.010581866170673256,1.0187296708375537,-0.05997436733741779,0.014555614039947257,0.061715400327660805,-0.1443372881039977,0.02651287968683896,0.14675212273253577
L01_seed2026,train:001198,6,3,4,0.8481315790368639,-0.0014504008150311165,0.007945669008703379,0.008076962208659407,-0.006840651681329746,0.016915413448197705,0.018246252424778828,-0.011619526926097024,0.020456633342380928,0.023526309818815715,-0.002175137136646299,0.03385375660250894,0.03392356198374716,-0.016650692457460536,0.054554970220722435,0.057039375304230366,0.005995021669832568,0.02726982703267464,0.027921027044393525,1.015342234633863,0.007889716789089125,1.0153728876931363,-0.07496873202035204,0.01269964860482164,0.07603677962292528,-0.1643502934020944,0.017097053774232856,0.16523718767006876
L01_seed2026,train:002428,14,3,4,0.8480016997466223,-0.005717713014689707,0.021541856224293814,0.022287750261219687,-0.027953121027550765,0.0429907875903249,0.05127947730639748,-0.008064220006644973,0.038156379144596055,0.038999242476511486,-0.041238675248223444,0.034310290071728804,0.05364535712468143,0.05686620159144695,0.07470595731702956,0.09388687310850716,-0.008599987566412892,0.05110414452435524,0.051822710983782425,0.9264373783953488,0.016049038641431215,0.9265763798680392,-0.13099691993556917,0.02134768941018398,0.13272496703996425,-0.43574818246997893,0.026214550415021343,0.4365360021571551
L01_seed2026,train:002490,14,0,1,0.8468566763538418,-0.016958081340817444,0.2096425193027938,0.2103272745565445,0.011017531061952468,0.1786257535806317,0.17896520844272956,-0.012608503754563571,0.20722549200218668,0.20760871586346555,0.011388379986385644,0.35401046037586575,0.3541935929040032,-0.03980062406481011,0.7899490925171491,0.7909511100217357,0.010187729915060117,0.4078496461914347,0.40797686667175226,0.8733892533928156,0.20978968992057193,0.8982318753746327,-0.24707334683807858,0.17665833924502797,0.30373246046904645,-0.4593116258693044,0.20353094341958045,0.502386320064518
L01_seed2026,train:004239,21,3,4,0.8460424827164313,0.003937560719691646,0.011569835211255675,0.012221516732258325,0.013231810032038993,0.017274138559403268,0.02175951882954746,0.018250802605507488,0.028886343871139836,0.03416888435385236,0.11701106213149615,0.058955176107599185,0.1310240491322829,0.12251227201750226,0.08273471202633743,0.14783196328592627,-0.0785429448833952,0.05861003710538305,0.09800066653064372,1.0223645605146885,0.011188072869109741,1.0224257760693032,-0.05411666486907052,0.01648369888848781,0.05657142163316762,-0.10581406968412921,0.013050532864609282,0.10661582317446129
L01_seed2026,train:002507,14,2,1,0.845271114633253,0.005517399154996383,0.35692621629859056,0.3569688579899706,-0.028454790332034463,0.21768218507192325,0.21953407204925407,0.009548325214382203,0.3059665764008629,0.3061155278467015,0.05921921939807362,0.780052758581665,0.7822974000448822,0.012981427729755524,0.827863501646295,0.8279652739239538,-0.05691357301111566,0.6636785984056461,0.666114432192078,0.9111732926685363,0.35534617772039284,0.9780121038580837,-0.2436526801718628,0.21663294787400222,0.32603138293653916,-0.41896971781443426,0.3042859221183675,0.5178084074683723
L01_seed2026,train:001201,6,3,4,0.844548531849293,0.0002969063162936436,0.007744099346765146,0.007749788903784633,0.0010879058490331772,0.010754932763124874,0.010809815811367808,-0.0008075985504092387,0.010194485496076839,0.010226424103680822,0.0055583196563020465,0.01815905422079856,0.01899068633819051,0.00559850791523786,0.040849626445831996,0.041231483985432756,0.0034157169626496398,0.01565059693197782,0.01601899830501789,1.0146424472332,0.007727329932736757,1.0146718717670586,-0.07319233106682077,0.01059563651712627,0.07395528946734072,-0.16745170450303704,0.009011674769806053,0.16769401785135088
L01_seed2026,train:002435,14,3,4,0.8412473885610415,-0.0004788774378710059,0.019459554500904103,0.01946544592281818,0.005614047796598243,0.02055143136118792,0.021304432957863672,-0.003181751898694074,0.02353878250921725,0.02375284882200607,-0.004071410436836231,0.019429668899707597,0.01985166029573959,-0.008221783825248963,0.06104460069065111,0.06159578721593034,0.00201762521692217,0.029562077591302638,0.029630849515836662,0.9590078801847994,0.019564542031855488,0.9592074257226425,-0.08225062894052826,0.020046321742713605,0.08465825994269464,-0.36937041231431067,0.022162585001430164,0.37003470332820065
L01_seed2026,train:002437,14,3,4,0.8383824636287038,4.080229668090851e-05,0.002916916026473414,0.0029172013871023523,-1.6700883378462095e-05,0.004769515959705015,0.0047695451994279785,0.0004867579059464333,0.006818080145083141,0.006835433426182886,0.0024919921136756784,0.002628625475695232,0.003622112171937219,-0.006550504577262473,0.011798452668366505,0.013494909988007378,0.002905959159733129,0.006066972769138791,0.006727016962927066,0.9627490104176104,0.0028311882405585467,0.9627531732936234,-0.08090207149507478,0.004363220400345526,0.08101964492921566,-0.3602977788541466,0.006612771997880467,0.36035845792866783
L01_seed2026,train:002430,14,3,4,0.8373144615139245,0.004068717103166364,0.007315953589163486,0.00837123860515232,0.003986308559319696,0.013400814408584615,0.01398114740439548,0.0059198464687142405,0.011516047962734635,0.012948511223038462,0.01126446455743313,0.011779799149901836,0.01629882909222915,-0.006138854524124326,0.027035714586259616,0.027723913830086343,0.00789036138735355,0.011197317602919735,0.013698091995737799,0.9374814489856362,0.007574072281863183,0.9375120445963022,-0.12050495750736445,0.011315503547979932,0.12103505857558816,-0.4164967220276594,0.011472495402207402,0.41665469829408985
L01_seed2026,train:002439,14,3,4,0.8359722925397824,0.0010397673779038996,0.0033808719878648755,0.0035371473815042744,-2.4647869153682223e-05,0.003235019603965093,0.0032351134996306207,0.0006072808026260645,0.006563893071775647,0.006591925532872963,-0.0003579757745626466,0.004055360638632824,0.004071129642316263,0.002868868426588733,0.006464469051630497,0.007072465352942085,-0.00024021152128739232,0.0046383434680628555,0.004644559365825843,0.9632774139754474,0.0032884261344825897,0.9632830269560797,-0.08059776818845421,0.0031313027567541098,0.08065857235231887,-0.3625050454866141,0.005573179817819142,0.3625478841981207
L01_seed2026,train:001203,6,3,4,0.8358819260523734,0.00023802779901416216,0.005730954134632636,0.005735895093737892,0.0017984743484618093,0.008129602237238123,0.00832616013044322,1.574166162754409e-05,0.011230793194282237,0.011230804226441089,-0.001117167359780069,0.026271105348339218,0.026294848148131513,0.002860153989331593,0.029840864778345372,0.029977619844847304,0.0005220669747743045,0.01566934859953351,0.01567804322802602,1.0151672004722059,0.005740602648678947,1.0151834314218027,-0.0683910342049785,0.008056374367834082,0.06886391455313322,-0.1672550168586895,0.010646574063825128,0.1675935267356619
L01_seed2026,train:004238,21,3,4,0.8357852689673251,0.0006532761527751063,0.019628927070450268,0.01963979500068267,-0.009476536153783854,0.04212524774086166,0.04317801795709181,-0.08239116539834868,0.10728381892735023,0.13527055089462198,0.18955743411788717,0.04575756361039357,0.19500198834093038,0.22663044335786253,0.10013028858736644,0.2477648735175562,-0.1293282502447255,0.043480862539716635,0.1364418620459281,1.0199426678009331,0.01893762221167473,1.0201184632854738,-0.06531747608096339,0.0182232315556541,0.06781193737033482,-0.13113107066601515,0.02662704320262215,0.13380716394771158
L01_seed2026,train:002471,14,0,1,0.8356526913319827,-0.002754960004992313,0.20175898546503104,0.20177779367538864,-0.0025219964322786836,0.1691116519022841,0.16913045637945798,0.0002512267903398424,0.20219873382190795,0.2021988898933003,-0.02051926322383224,0.37036171563181713,0.370929697609927,-0.03859032159380149,0.803547272556476,0.8044733880953827,-0.034534681450168137,0.5386667331735452,0.5397726314391309,0.8747306889854372,0.20151794060564387,0.8976431688810858,-0.26702664944969,0.16546049691380618,0.3141343781812034,-0.4561038074643875,0.20133870056821412,0.4985658988839971
L01_seed2026,train:002436,14,3,4,0.8350352780004726,0.0017184583568194967,0.006344329037780019,0.006572945311178353,0.00018544630245287408,0.010992141327639813,0.010993705530798094,0.0036985207017892208,0.012836431041832736,0.013358630815816808,0.0028037248041528073,0.00891475250587508,0.009345249328853012,-0.011568975194151676,0.029246842638860973,0.03145185195477673,0.009621933343424871,0.014968823677925049,0.01779458579360927,0.9631101340055466,0.005559257710648819,0.9631261784265213,-0.08164851213223301,0.010251401505307315,0.08228955441749833,-0.3600799252744764,0.010816813207045743,0.3602423573563062
L01_seed2026,train:002263,14,3,4,0.8335177830482862,0.0009605249320845388,0.007466879449143953,0.007528405996836536,0.005581334842759134,0.019126835318642763,0.01992453582730291,-0.0030976419935768718,0.023410927471973396,0.023614972179072526,-0.1236366660305066,0.06219500315193511,0.1383988569468991,0.06213068090073648,0.03718675526305762,0.07240908973453322,-0.0727246286510308,0.048922914813466806,0.08764886312027133,1.0186802754178643,0.0067571331991077175,1.018702685956254,-0.05655518171261065,0.010028175436034284,0.05743738226209732,-0.1508051126729697,0.014322229390883942,0.15148368975910306
L01_seed2026,train:002438,14,3,4,0.8333487620272197,-0.00024829719797025973,0.0028946913366417566,0.002905320882957461,0.000710040257118294,0.0035098159556080466,0.003580916811232765,-0.0014132542642073531,0.00665853987344306,0.006806867184067233,0.00020835354371229187,0.003468117560853572,0.003474370535086665,-0.0032362685260522994,0.010423011549583392,0.010913872078023707,0.001210928747042317,0.0040174748831327154,0.00419600439311206,0.9622481949627399,0.002751172828001662,0.9622521279067044,-0.080532428517472,0.0033135474469803746,0.08060056848189799,-0.36296299123205245,0.006273875240324248,0.36301720966732437
L01_seed2026,train:002473,14,0,1,0.8328210279028395,-0.004351213525296771,0.20923412942943875,0.209279368255062,0.016268861486423702,0.1801893086632242,0.18092225626106678,-0.0011547997446541558,0.19091726041691284,0.19092075289907479,0.01611462706932798,0.3537224248872605,0.3540893038114921,-0.04858473590866197,0.7818132665113618,0.7833214284420412,-0.0028166583160782466,0.448877005289179,0.4488858423268116,0.88444664189592,0.20871701691950234,0.908740147408898,-0.2507659350267204,0.17892375601597854,0.30805399630047126,-0.4481994845846202,0.18877480079285924,0.48633188605755934
L01_seed2026,train:001291,6,1,0,0.8314554474651614,0.010355710718613409,0.3028280220501006,0.3030050357391174,-0.009625295815112622,0.20253347422899334,0.2027620637663632,-0.008699018373590661,0.11670546010919514,0.11702921575385782,-0.23371834303543437,0.4998099823145008,0.5517556363939118,0.05415578423344414,0.5001344361630388,0.5030579521308257,0.002535483219617163,0.42838426619917974,0.4283917695313096,0.9961178479716182,0.3033150149211218,1.041273626538293,-0.33842388584889704,0.1999959258073648,0.3931018911842224,0.0021550665949234826,0.1153204319150211,0.11534056671048383
L01_seed2026,train:004034,21,3,4,0.8309547825051761,0.0005804016547372726,0.0032930046245802395,0.0033437621832792786,0.012281492303499064,0.019197294204306724,0.022789716057195954,-0.01979639773742292,0.024448336074308238,0.03145820243085362,0.1302529652894009,0.056411802020168815,0.14194409594570884,0.11615709896432236,0.056029623644809554,0.1289642988023677,-0.10618877812521532,0.041957580235054866,0.11417747211646995,1.0256062289699912,0.003060331614330135,1.0256107948591588,-0.05242888332577422,0.007137381363261173,0.05291247508397499,-0.058546154730720446,0.007880763689505762,0.059074179385610534
L01_seed2026,train:002472,14,0,1,0.830947851627136,-0.006534864072406776,0.20484341717450727,0.20494762747632395,-0.0014857186711196846,0.17175439117756514,0.17176081697740544,-0.0006160118841762596,0.1977503519719015,0.19775131143851454,0.003795070490014041,0.366200110117522,0.36621977446624787,-0.05962778655521106,0.806918355895851,0.8091184746445584,-0.03612149809123366,0.538489813212356,0.5396999551212072,0.8785126269795,0.20475952834428143,0.9020592553763831,-0.26282709947554395,0.16952008811244418,0.31275412785825596,-0.4480615949141793,0.19604372119428098,0.4890729326559987
L01_seed2026,train:002488,14,0,1,0.822114198991888,0.0006442607045755722,0.19807994180180294,0.19808098953726253,0.004469199760933407,0.1593099966590235,0.1593726726324222,-0.0018142509111385152,0.19221162080121543,0.1922201828045088,0.02591489629139687,0.3439603188280899,0.3449351863439204,-0.05537093850216479,0.7857600490407421,0.7877085726962224,-0.04510924434362096,0.4973144633422768,0.49935610477360665,0.8836776842363179,0.19830009864260845,0.9056540060856186,-0.2577878290321678,0.15657268043505826,0.30161161956353244,-0.44457788972067647,0.1913849189601341,0.484022403648702
L01_seed2026,train:001195,6,3,4,0.8215428496409828,0.009253716221696351,0.017215903821042246,0.01954529632129079,0.038831933372193816,0.031847102437384305,0.050221081062435814,0.02100150496801234,0.025468232396928147,0.0330105145725629,-0.24677645467454568,0.09798643892961396,0.26551828712133,-0.01205473740876073,0.06149486207057529,0.06266525955482236,-0.17053902955376543,0.09030453133961734,0.19297271564034127,1.0158542352728546,0.01235958583882571,1.0159294201291267,-0.05100911851332057,0.01708437061876213,0.05379410647036724,-0.15506470447871834,0.016728657727337004,0.1559644528872866
L01_seed2026,train:002426,14,3,4,0.8198656456495091,-0.012059263277478749,0.03572906203486844,0.03770930527982483,0.039737782784868614,0.05676106836615814,0.06928860124670637,-0.028559342506014218,0.0570941332883629,0.0638386724511497,-0.25256583039299585,0.11313204757277075,0.27674601870688437,0.20336463664716575,0.11615556205816657,0.23419925285039303,-0.16088093524786018,0.12426937393562805,0.20328687273058024,0.9404319045133889,0.022526768374738604,0.9407016648864234,-0.09603639358101645,0.06362609280056036,0.11520099208389405,-0.412226599175483,0.03046519932432671,0.41335081642311444
L01_seed2026,train:004241,21,3,4,0.8176685802393419,-5.070454632161159e-05,0.004015453035392546,0.00401577315475624,0.0037140696106234827,0.015149594374385282,0.015598221782657249,-0.003013586098916221,0.01020876276214954,0.010644272558960156,0.00781400902361895,0.024890780395656908,0.026088497191789652,8.421103495948046e-05,0.033645645777304486,0.03364575116222338,-0.00603976070152612,0.034394565062417,0.034920836404137505,1.0228167725726962,0.003942760493668383,1.0228243718333743,-0.044596295585506596,0.01429468833088815,0.0468312683410038,-0.10225603159051389,0.009922057620301124,0.10273627997966808
L01_seed2026,train:002474,14,0,1,0.8171095085957009,-0.004950794653268531,0.20018701289727264,0.20024822221540853,0.0227136535304453,0.17761826577151443,0.17906467656235678,-0.006444699033636425,0.1941704738541769,0.19427739719892728,-0.004124225742998533,0.3155982247909052,0.3156251712540525,-0.03612446198530961,0.7445199029309263,0.7453957758224847,0.017364045959766372,0.4434312545883317,0.4437710982453395,0.884941500145942,0.1999416192191561,0.9072475460294881,-0.2448207556590205,0.17573739600930194,0.30136495276920316,-0.4570385870174505,0.19197901903426629,0.49572191173304697
L01_seed2026,train:002270,14,3,4,0.8117896767984597,-0.00018778143362396804,0.004118978923341242,0.004123257115163113,-0.003541344770667365,0.005287095098826765,0.006363528688453529,-0.0017969887758226832,0.007056259008402301,0.007281480608646247,-0.00011728067765659489,0.006895370500640009,0.006896367819254425,0.0007776506430445806,0.01370729382948895,0.013729335186037724,0.004877230286183476,0.009876800698138122,0.011015378672347448,1.0189236644655466,0.004050689190660045,1.0189317161080114,-0.034280949155800045,0.005047837426372147,0.034650600827483946,-0.14477047452237457,0.00727369035618726,0.14495308504764978
L01_seed2026,train:002489,14,0,1,0.8090168220635701,-0.011746175992811914,0.20754282465761797,0.2078749545215028,0.0033708204991853563,0.17125827848632574,0.17129144865094004,-0.002275009695040353,0.18979355998540265,0.1898071944923194,0.02640612982759194,0.3556179288363138,0.3565969643761725,-0.06697576028091135,0.7872428805004865,0.7900867707814815,-0.04068792484554251,0.4676680445956993,0.46943466762074726,0.8813207689672709,0.20741095565834236,0.9053980353083214,-0.2534366458057775,0.16838447301642503,0.3042753098598411,-0.4406653266341891,0.1872837035202263,0.47881219251588464
L01_seed2026,train:002434,14,3,4,0.8062010421409065,0.005726291654127635,0.029264025382724452,0.029819014029791004,0.013781949543954397,0.036085646053492605,0.0386279171627212,0.013536305825027739,0.037810535181405765,0.040160529703839855,-0.00492351349407727,0.0436836007552275,0.04396018607863795,0.00916540183379766,0.09002693545721158,0.09049228529875859,-0.00914031340312249,0.059019443415777216,0.059723027637716336,0.9586771600879729,0.028124669650055823,0.9590896174587991,-0.08792949399503414,0.035300385783022595,0.09475079498691802,-0.36740732495673,0.029785022020586117,0.36861265573583746
L01_seed2026,train:002264,14,3,4,0.8060867236399187,-0.0004222426482822783,0.004767503604191513,0.004786165424429821,0.0020295235700587,0.009962618405468566,0.010167238140931137,-0.0038349825751993194,0.010146673718902786,0.010847215260607437,-0.03922433554271265,0.039478768076613845,0.05565178907828907,0.023269110724498887,0.017928902645254166,0.02937510959931879,-0.017104624450439587,0.027110334339368988,0.0320552399083667,1.0187240112572908,0.004789837757809472,1.018735271627468,-0.05105907321558334,0.008067060000180096,0.05169242124993572,-0.15071320533752441,0.007623713621683665,0.15090590204659407
L01_seed2026,train:002272,14,3,4,0.8037296688313764,0.00023687927869886494,0.0034761415532026246,0.003484203193067082,0.0009841309156399802,0.004645899198135193,0.00474898863110364,0.000630858231829734,0.00753810003460578,0.007564452011903506,-0.0015170336413348195,0.005378418870930534,0.005588271702424933,-0.0010759949585548156,0.012088748625353862,0.012136540218605558,-0.0018950690966121897,0.008140066365534195,0.008357748938334747,1.0193633064627647,0.0034817173867515805,1.019369252488352,-0.034103305282769725,0.0038226446846179613,0.034316876949900724,-0.1422353945672512,0.006049593763541923,0.14236398790566918
L01_seed2026,train:004039,21,3,4,0.803441434333979,-0.0002622675470007607,0.003116936554402444,0.003127951046672562,0.00155368954019508,0.007450421264232468,0.007610698272947031,-0.007579923338198569,0.009172595702271337,0.011899233157237232,-0.007494219219230658,0.008392398013492751,0.011251473953343324,-0.014730950934790599,0.02161798059441944,0.026159854747760038,0.008171242785294908,0.015056952647047222,0.01713128809143248,1.0256405882537365,0.0030937509592363914,1.025645254251424,-0.03351904547889717,0.00531829232816603,0.03393833589179361,-0.059295664716046304,0.010763544312993627,0.06026466411003679
L01_seed2026,train:002267,14,3,4,0.8034385591316221,-0.0003131971911614073,0.003956006461490722,0.003968385012055627,0.0006532887313710489,0.004245888695023426,0.004295853463174008,-0.0005512987160329885,0.005874406470808929,0.005900218780569195,0.013953046293408988,0.006655239545401821,0.015458968732509118,-0.011322656779952922,0.013462564829657447,0.01759099793500481,0.011536415367174868,0.00895005189989159,0.014601106414746162,1.0189166711643338,0.0039306284746061,1.0189242526394258,-0.03655759368848521,0.004256367133759774,0.03680454207662044,-0.14147206721827388,0.005395179306888218,0.14157490513069496
L01_seed2026,train:001196,6,3,4,0.8030786644960909,-0.0006512742239515035,0.008790475953784465,0.00881456894061454,0.0009302005194058438,0.028148757732853497,0.02816412318729597,0.006187427386635136,0.02068763817253058,0.021593115357039776,-0.11947979451224455,0.0643500695379483,0.13570686329816545,-0.019330920783175998,0.058900472337689025,0.06199153280834646,-0.05284696704802627,0.0625145249078743,0.08185882817773787,1.0177181959152222,0.008435756889657574,1.0177531568564333,-0.04795714819920249,0.013783557878893703,0.049898642578742394,-0.14661723095923662,0.01807138646191616,0.14772673225523558
L01_seed2026,train:004240,21,3,4,0.8027255105758337,0.0005789358185133153,0.008232090892127751,0.008252423107076511,0.0034020646917269914,0.018281880768547882,0.018595730924115254,0.008483696877647162,0.02243580492342285,0.023986213858666505,0.047041299197417175,0.038422755094267284,0.06073871861683422,0.03668189433176394,0.043960527859642974,0.0572546013999324,-0.03153935188527157,0.04003434125835166,0.05096547063780674,1.0227538784965873,0.008111534897328042,1.0227860445754051,-0.04998928367422195,0.017239471616300454,0.05287842531572836,-0.10059397015720606,0.011228172906289842,0.10121866773872497
L01_seed2026,train:004037,21,3,4,0.8007715910970576,-9.919123982626843e-05,0.004308063959661064,0.004309205725257131,0.0007308729433930239,0.00499626403481491,0.00504943853957734,0.002642550145765199,0.005642575067544184,0.006230708199374686,-0.009813213557208655,0.01326971822338217,0.016504077739981252,-0.012167556117674394,0.018561546054803497,0.022194152694377564,0.007274345061659915,0.012149485865728886,0.014160723953161505,1.0262143332511187,0.004287258647213576,1.026223288742146,-0.040685208354261704,0.005072906242733267,0.04100025068920004,-0.0499745822744444,0.005119639621399906,0.05023613822098809
L01_seed2026,train:002274,14,3,4,0.7968638583289676,-0.000653398141153616,0.002026500182292234,0.0021292327537621287,0.0007101127500561688,0.003162550042970645,0.0032412933980258503,-0.0018342578726304737,0.004224913514392724,0.004605908829688789,0.001276544956027692,0.003971144647974347,0.004171277602832859,7.872383911688985e-05,0.0053198342687388375,0.0053204167214320145,-2.6597943616479824e-06,0.0032482141368111533,0.003248215225794909,1.0183842377737164,0.002005640128091536,1.0183862127593228,-0.03329953891807236,0.0031041274431430573,0.033443906759520324,-0.14785502944141626,0.004429893197819745,0.14792137670014485
L01_seed2026,train:004243,21,3,4,0.7967432968609289,-0.0004672599777677533,0.006671771232183713,0.00668811358018221,-0.0006019429584682712,0.008623234879626364,0.008644218594786588,5.830446934851352e-05,0.021987509367467843,0.021987586670565558,-0.009609401313753096,0.02240496306269714,0.024378739988965444,-0.005874090880752192,0.04947835231685466,0.04982581952829409,0.004858490704123142,0.02392287637788242,0.024411246303978326,1.0227078720927238,0.006663350584668991,1.0227295790586295,-0.03980246353603434,0.008616589768046868,0.04072446098806162,-0.09997336356900632,0.019027732522876026,0.10176801082984198
L01_seed2026,train:002273,14,3,4,0.7966600400594663,-0.00037309148954278726,0.0028311426232004067,0.0028556200399337682,-0.0006615551889126436,0.003825210040651839,0.003881995250265111,-0.0025308234571497223,0.0051592785344713775,0.005746583538722499,-0.0007477287207962036,0.0051612115139230445,0.005215093722202442,-0.0016415493774957213,0.00819340230627656,0.008356226762795193,0.0004298649735758886,0.006520167166319997,0.006534321982598098,1.0189853943884373,0.002805539814794044,1.0189892565825271,-0.03466276674589608,0.0037326615719322437,0.034863163380436074,-0.14562821190338582,0.004710473440287099,0.14570437420410237
L01_seed2026,train:002269,14,3,4,0.7957787392243549,-0.00012087364345347851,0.007148199192241011,0.007149221085519511,0.0016367856772490086,0.007650512531356406,0.007823644249688818,0.00023717662260480665,0.008931478114020197,0.008934626687866258,0.0029247725110792544,0.007826360987841034,0.008355011702778454,-0.0041416464652002105,0.016621831962907535,0.017130047672024733,0.0060158277190680565,0.010197354600497902,0.011839604047171649,1.0195126966573298,0.007102577242765232,1.0195374369041041,-0.030839974016998895,0.0061338027845084285,0.031444038130755574,-0.14182823861483485,0.008920649997140777,0.14210850525200108
L01_seed2026,train:004035,21,3,4,0.7954516430548947,0.0008266949907769217,0.0030341849560356084,0.003144789810974409,0.0014804138284159052,0.007006419081149917,0.007161112584233451,0.0020103292069961753,0.005258033354419398,0.005629239582455945,0.05249126602234355,0.03687567295082536,0.06414942138635914,0.03870560008499524,0.039546141254803095,0.0553355289672415,-0.043558028767165524,0.030008241156717384,0.05289420013007973,1.0263409027829766,0.0028154848798671293,1.0263447645311414,-0.044946760463062674,0.006278839457400107,0.045383202851448666,-0.0557498479320202,0.00528519852539286,0.055999811320183855
L01_seed2026,train:002433,14,3,4,0.7946087687036701,0.008919354794599599,0.02205358738265484,0.023788980776744927,0.009424313842089305,0.03340527422662722,0.03470922121786026,0.020447140211672377,0.028535991761458195,0.0351053894529857,0.004887521431896857,0.041960997307310455,0.04224468204130984,0.004587067525562816,0.0757074706006782,0.07584630705074985,-0.0013619161470614927,0.05524474266096518,0.05526152737002383,0.9536988856270909,0.023084566004059268,0.9539782291194862,-0.10424405134108383,0.03307843269508814,0.10936637942972235,-0.3796986718662083,0.03179492647365351,0.3810275564397247
L01_seed2026,train:002478,14,0,1,0.7938706000672446,-0.00303149106548517,0.20059633618911588,0.2006192414265813,0.004146742030116002,0.16614361846871645,0.16619535922324288,-0.002028974378845305,0.19337395170708674,0.19338459591147564,-0.02574674084826256,0.3185623307992481,0.3196010845860151,0.07610167519305833,0.829497777594276,0.8329814091569107,0.03445059382192994,0.41077922498177744,0.4122213180941923,0.8785780961625278,0.20038112164086008,0.9011393149600239,-0.26198733487399295,0.1642777040724025,0.30923215823985317,-0.45643244666280225,0.19056602151531385,0.49461701034514255
L01_seed2026,train:004249,21,3,4,0.7938129099425217,0.0003881000950940461,0.004349891199189396,0.004367170151092967,-0.0038371380953208245,0.007894348192061649,0.008777491790942862,0.0048621238626651575,0.011603784139385285,0.012581258077368394,0.0027577875707720523,0.015793920667736685,0.01603288253385101,0.007368603485900849,0.02318488930703613,0.024327667572374225,0.0046579702736835316,0.01749521269874097,0.018104672171699403,1.0244706813246012,0.004286912034958837,1.024479650607316,-0.026833495001483243,0.007109899429677032,0.027759451073368652,-0.09109217813238502,0.008982597243669243,0.0915339935223201
L01_seed2026,train:004242,21,3,4,0.7933028377784531,-0.0002027349091378028,0.00570595162540017,0.0057095521185807525,0.0029254832367087147,0.010843462069128191,0.011231167428762049,0.0027041802631515566,0.012194827280096215,0.012491052929477055,-0.010611893829192809,0.023669356566481187,0.025939366432380085,-0.02205307503709264,0.03369411876911868,0.04026948917256232,0.010336222354112579,0.02370104902437618,0.025856860161464688,1.0229283263906837,0.0056579485561718615,1.022943973692748,-0.03982162933971267,0.009199351311623603,0.04087040772764735,-0.09838566882535815,0.01179215929734164,0.09908983222867486
L01_seed2026,train:002266,14,3,4,0.7927004103255104,0.00035378577464939553,0.0036581792340279985,0.003675246887301307,0.003360112750897315,0.005697146932562317,0.006614215060757166,0.004707641002056562,0.006337856341713428,0.00789495451617305,0.014901729440680356,0.011382818456516149,0.018751802482354713,-0.010713903273995129,0.012728180677834162,0.016637136374151484,0.01662165227753576,0.007854773862171845,0.018384145257834744,1.019255181774497,0.0035531937531864503,1.0192613750947352,-0.03812980190559756,0.00509943831637719,0.03846928728872745,-0.14107807341497391,0.0057306170377759,0.14119441479787512
L01_seed2026,train:002271,14,3,4,0.7912232504753761,0.00023888850106246196,0.0035653946289594136,0.003573388668498363,-0.0001428237687832734,0.005481061696635309,0.005482922209119166,0.0010645970702825025,0.007141123445740433,0.007220042312158413,-0.0014973739409782638,0.004760449302338294,0.004990391395397152,0.001776299201210918,0.01119377193526306,0.01133383293466537,-0.003555619325652515,0.0054111133870595384,0.006474764619394947,1.019017407670617,0.00353786796696429,1.0190235491123334,-0.03444097741157748,0.003982030726880556,0.03467041236810735,-0.14322267251554877,0.006438658388244258,0.14336732627881651
L01_seed2026,train:002265,14,3,4,0.79098096943897,0.0005578509932888664,0.004243854415143142,0.004280361903816465,0.007900693807869175,0.004989797969643649,0.009344466085526889,0.004558374948942401,0.0076436060815420525,0.008899634605135891,0.003127969687739096,0.019746492551872143,0.01999270273046035,0.0027049059557100463,0.015854084408582898,0.016083174707243186,0.010012660935444728,0.013411107151400191,0.01673652216066762,1.0190721973776817,0.0042373033302632495,1.0190810066955862,-0.04239229157974478,0.0063990730931071695,0.042872538084804686,-0.14669775252696127,0.008276351764962367,0.14693103346468017
L01_seed2026,train:004041,21,3,4,0.7909518116594655,0.000391633308282735,0.0024849511969547754,0.002515623004228466,0.0013528883322351248,0.003910263824919232,0.004137688970907543,0.0024149033930029873,0.005036341850594107,0.005585382496623039,-0.0003488229877177673,0.005543378772939345,0.005554342958175599,0.004392869476419037,0.01009987161636342,0.011013841695969554,0.0009031956938088115,0.006861705659187112,0.006920893512736287,1.026000041514635,0.002464744994551605,1.0260030020209108,-0.032762015689513646,0.0032962599026960956,0.032927420205446714,-0.06290958548197523,0.004275463917688685,0.0630547027367936
L01_seed2026,train:004016,21,3,4,0.7906987207407896,-0.0006182180292171324,0.002160875635080235,0.0022475713652590707,0.00013544106866447692,0.0027130237442593475,0.0027164024223218447,-0.0002873643897434164,0.00491557762297282,0.004923970111603412,-0.0021071201910984882,0.005120424815421814,0.005537030412605881,3.699015303482156e-05,0.008641462330891478,0.008641541499503311,-0.0029478499079687026,0.0051178931839499,0.005906153547126244,0.9936118838377297,0.0022034049771409415,0.9936143269383022,-0.029029332697973587,0.002668740779913018,0.02915174667562836,-0.2630522510735318,0.00455573910418586,0.26309169799451637
L01_seed2026,train:004015,21,3,4,0.7895958291239231,0.0008423573651157312,0.0024743234488280256,0.0026137793441652515,0.0007077229825576126,0.003334030378420769,0.0034083178232484097,0.0025459547997623844,0.006261201496689286,0.006759033216709124,-0.0012227179895489826,0.004600488975402818,0.0047602035770300385,0.002470141103799506,0.010201167159545825,0.010495971059872263,-0.0019143036832929283,0.0054656155588761225,0.005791158090511571,0.9941227887757123,0.002248037102805085,0.994125330546413,-0.029142683677491732,0.003232041076148447,0.029321359133646138,-0.2629923034692183,0.005861798807867317,0.26305762176623837
L01_seed2026,train:004246,21,3,4,0.7877574069092684,0.0002908593102830537,0.005068639170759091,0.005076977662126527,-0.0008301584095988801,0.00869416292887798,0.0087337066597696,0.006515719440358225,0.01202969233679165,0.01368093920545391,-0.0022946529084038048,0.015951032288361814,0.01611523698350127,-0.0036640429472072356,0.03462112856813533,0.034814476213930544,0.0004933843219987466,0.0183201952572583,0.018326837761961656,1.024846600368619,0.00504034197688623,1.0248589948545896,-0.034094192858901806,0.007461811445557432,0.0349011836009761,-0.07953131219255738,0.011818964187850218,0.08040471089148764
L01_seed2026,train:004253,21,3,4,0.7877171106282033,-0.00010335312485665327,0.0037650782943026277,0.0037664965724989604,-0.0035572703270645434,0.005631202751706216,0.006660676888322803,0.0047169045714667845,0.006976024786720167,0.008421051630364131,0.0009869165411657832,0.006220205176466555,0.006298012122612021,0.00360917053671983,0.011885738105511476,0.012421629614343442,0.006075141947235352,0.012279658885980796,0.01370026904973423,1.0236879559233785,0.0037323368697457756,1.0236947598972528,-0.024164722970454022,0.006358507440421284,0.024987285829170824,-0.08492744457907975,0.006339938451277364,0.08516375791555142
L01_seed2026,train:002268,14,3,4,0.7871280485812484,0.00018459302989981552,0.0070525565215575755,0.007054971869288487,0.0035184165187160943,0.005751118629494527,0.006742004174553238,-0.0013539209614918946,0.008350711114178573,0.00845975638434303,0.007670108882081195,0.008162657324015788,0.011200872504063665,-0.0077637064232476405,0.014825763930530212,0.016735543419626006,0.003690471825734676,0.009414066129221969,0.01011158856866248,1.0195268359966576,0.007028355438942605,1.0195510615449976,-0.032646523977746256,0.006275798109373122,0.03324426521581087,-0.14227445342112333,0.008133302632766033,0.14250673916694448
L01_seed2026,train:004014,21,3,4,0.7867459669882777,0.0008533335659421937,0.0032808883448518763,0.0033900452070951066,0.0013587684314906312,0.0029992194106875794,0.003292653750982733,0.0018834177910651562,0.006223732186588084,0.0065024691391865315,-0.0013706421914321254,0.00513184924587079,0.005311735752019151,0.0010708442526947692,0.010410040733125533,0.010464972789207922,0.002857928257412823,0.006024348486947403,0.006667872870466576,0.9932446801103652,0.0032216029940795275,0.99324990475378,-0.02990586012310814,0.0029500500294112725,0.030051011045868974,-0.2661615232937038,0.00603881254494555,0.26623002035641624
L01_seed2026,train:004938,23,3,4,0.7863586992519722,0.0010544947625490408,0.004512541433932619,0.0046341115002988455,-0.050919553083872415,0.05648115039367183,0.0760455208151925,-0.01343062553087293,0.04157851009369691,0.04369386917820613,-0.019759250151082597,0.03650711553312171,0.04151141350377934,-0.03448081591841401,0.07995424309705482,0.08707242764286804,0.05483233842960544,0.08392714584278972,0.10025143962545216,1.020516188815236,0.004460578685816959,1.0205259371501476,0.040052079853921896,0.06761347698814514,0.0785859489415975,-0.06849517284672402,0.038624587008399346,0.0786348995349521
L01_seed2026,train:004013,21,3,4,0.7856981222518381,-0.0006834232169836696,0.0033546121422672326,0.003423520106346545,0.0010044860785569654,0.002863491164427231,0.0030345632191087356,-0.0011659587438312968,0.0053098705832451834,0.005436376127819819,-0.0001395263882244535,0.005483334128025468,0.0054851090027983745,-0.006867788064539582,0.010473029882906165,0.012524011650732277,0.013164647553367104,0.010049837258099667,0.016562221291803302,0.992220947984606,0.003277354620522355,0.9922263606016416,-0.031718516955152154,0.0029955459354491123,0.03185965494611736,-0.26807200140319765,0.005146768059833086,0.2681214037666104
L01_seed2026,train:004012,21,3,4,0.7846326313546358,0.001401289782776871,0.0034770857339549766,0.0037488315855194227,0.003377535309510904,0.004307085349744421,0.00547345676670383,0.0008239942755849938,0.006574039026663882,0.00662547777071938,0.005675362389311545,0.0064759609903290005,0.00861091220477105,-0.0184133472454846,0.01110780899689767,0.021504296721686952,0.03261790437500167,0.015128989455110717,0.03595572287897442,0.9927575043402612,0.0024551751120974715,0.9927605402657455,-0.033659562599495985,0.003121595767889287,0.033804001457334795,-0.26739536924287677,0.005568813727283238,0.2674533514070511
L01_seed2026,train:004019,21,3,4,0.7839192718695236,0.0003741077332506393,0.0022294917070833048,0.0022606613784534736,0.0007099972896185136,0.003040754232146529,0.003122544227322115,0.0006026731271049357,0.004301113746507902,0.004343131860597106,0.0010367387685441543,0.004301661425264652,0.004424829747212017,-0.0006467513029795313,0.008920757781270492,0.008944171657565822,-0.002287379104188858,0.005371088289499342,0.005837867125918232,0.9942035838030279,0.0020337349361243843,0.9942056638968492,-0.02690972750133369,0.0031244327306748656,0.02709050597690171,-0.2622447022004053,0.0042670190673359,0.2622794145256167
L01_seed2026,train:004244,21,3,4,0.7830628580619668,0.0006918912320657,0.005705604409080135,0.0057474024698053,0.0036907203589464643,0.010375695682507017,0.011012559995929042,0.0020151070793303916,0.022532147234299808,0.022622075844832012,-0.0057870878119956615,0.01675630782734436,0.01772749946688677,-0.0013263496410615971,0.044339427610332334,0.0443592610869731,0.0007089449663908454,0.020660594937364513,0.020672754681735645,1.0235504331067204,0.005639347473704494,1.023565968246739,-0.035170564628060674,0.010550697327422628,0.036719011837895034,-0.09882822807412595,0.018653338783299594,0.10057318585008632
L01_seed2026,train:004017,21,3,4,0.7808441743325804,-0.0004620744757630746,0.002574526099127841,0.0026156638653011474,0.0004762103468749501,0.0031628700208054133,0.0031985188858251867,-0.0005069153343129074,0.005024148756019367,0.005049656808018987,-0.0015224521151679937,0.005598115808309254,0.005801444737840865,0.0005100167426235203,0.00995805641342344,0.009971108494579727,-0.0010783704281038808,0.005735656712302277,0.0058361494756035085,0.9932360406965017,0.0024450676286838402,0.9932390502261637,-0.02833311505673919,0.0031742907420969444,0.02851037583992507,-0.2636289002839476,0.004861601350155811,0.2636737230605496
L01_seed2026,train:004245,21,3,4,0.780634892954735,0.0012006819994780926,0.005620276631133799,0.00574709897899274,0.002484767683654354,0.010521362243042865,0.01081078784784259,0.00834301240769264,0.012108243525749473,0.014704265276230819,-0.005907404977506303,0.015220215205136976,0.016326432079880437,-0.0031202423481033748,0.03357067097831618,0.03371536537315379,0.006815867494879058,0.014953961173264994,0.016434019729794226,1.0247375508770347,0.005504288153545362,1.0247523336716733,-0.032730434479162795,0.009153761504478337,0.03398636036523532,-0.08768546435749158,0.010316682939178107,0.08829028602545387
L01_seed2026,train:004018,21,3,4,0.7805045299878265,0.0005024057401215032,0.0026708298764894483,0.0027176724888874444,0.0008364781865566329,0.0036514947387131596,0.0037460792281310547,0.0009194607728204574,0.004851419184555239,0.004937780495022659,-0.0006388983791865144,0.004760438072809887,0.004803120005161756,0.001225725471044825,0.009240113798699563,0.009321057125846086,-0.0011270510356666819,0.005913417036120151,0.006019862546609629,0.9936878886073828,0.00251030437097028,0.9936910594309648,-0.027520774689037353,0.00366030341535913,0.02776312051224157,-0.2626702773850411,0.004860546741667484,0.2627152442020873
L01_seed2026,train:004036,21,3,4,0.7802132770440088,-1.559314633059472e-05,0.0028635501072754176,0.0028635925623401006,0.003266894913338092,0.005154903311426786,0.006102919836025469,0.0035292187936875052,0.004958682029086115,0.006086371066513992,0.009698043453909122,0.021640243098715768,0.023713965678591697,-0.0002734745644374925,0.023005489613772096,0.023007115001815636,-0.0065436125594260375,0.018319009292132885,0.01945263392893438,1.0263182809576392,0.00283297722903161,1.0263221909263307,-0.041384475043741986,0.004315109679218405,0.04160883255019044,-0.05335294143878855,0.006032432503301591,0.05369289154141067
L01_seed2026,train:004247,21,3,4,0.7792275808635807,-0.00044593019701721914,0.0030696358215109958,0.0031018571561752003,0.006722326300860004,0.009925361936284785,0.011987596942735646,-0.006835546034380968,0.018396710473031888,0.019625586508858848,-0.0018196772605278966,0.021807952104248712,0.021883738261862122,-0.01450243114982186,0.025476567815905977,0.029315115843772128,-0.005742375063164218,0.01802928483382478,0.01892168023684035,1.0240887720137835,0.003082516748911867,1.0240934112053481,-0.02636273948883172,0.009988422869391294,0.028191534629632815,-0.0865696358087007,0.015469076039207186,0.08794085602015622
L01_seed2026,train:004025,21,3,4,0.7778618487522515,0.0009955459493653507,0.002897799149898525,0.0030640417181315226,-0.0016033870718601406,0.0037757647845818427,0.004102103096058972,0.003371338237229793,0.007094297984924541,0.007854615548116412,-0.0006106277034660934,0.00532281047151527,0.005357721298081199,0.0012293064826280897,0.01430215796058563,0.014354891736191337,0.000109154382968768,0.007361711150575386,0.00736252033911128,0.9969317079521716,0.002796326094556186,0.9969356296973546,-0.01931434758080286,0.003950360711129854,0.01971419215235825,-0.2533721453510225,0.006119310581970104,0.2534460297613247
L01_seed2026,train:004022,21,3,4,0.7772533180788908,-7.89096962421354e-05,0.0022497570354453053,0.002251140479556235,0.0013775987261936962,0.003192426985326774,0.0034769768919354484,-0.0025870124967468655,0.007345350312198252,0.007787605849504417,-0.000981269437168919,0.005241103437574348,0.005332171691878971,-0.005825493314489449,0.013366117109532151,0.014580447830669994,0.0013990488300805737,0.005096016413588966,0.005284573863285285,0.9955138643272221,0.00211150731705301,0.9955161036019803,-0.018874677145504393,0.003183032055171918,0.01914118936772942,-0.2586464026244357,0.0071750857263219526,0.2587459051767617
L01_seed2026,train:004040,21,3,4,0.7769727664554693,-0.00024060553356264336,0.002584378749914249,0.0025955547664785078,-0.0005720113174234598,0.005747304754799671,0.00577569986164477,-0.0055057598895587034,0.010373049728699457,0.011743660103883512,-0.003292432366825082,0.006355039402387564,0.007157278581696809,-0.0026081094725896037,0.02076937025763924,0.020932486138056348,0.004490693096897758,0.011926868237547975,0.012744273633532666,1.0254265610128641,0.00253848032415538,1.0254297030577109,-0.03440095235418994,0.004613220692499633,0.034708894076777394,-0.0654486411367543,0.006196351920683766,0.06574130667831762
L01_seed2026,train:004050,21,3,4,0.7762495099732774,0.00011949163422997344,0.0027407093314002593,0.0027433129405657324,0.0003622226494783831,0.0038320460450900983,0.00384912745170718,-0.0009559130453133946,0.006935373667644365,0.0070009411981572294,-0.001135566729118409,0.004443143292262206,0.004585960544079649,-0.002155574320369169,0.007931822165640296,0.008219507498504867,0.0013665664422291002,0.004620890208757843,0.0048187270271743765,1.0256674429401755,0.0026972163512582964,1.0256709893935207,-0.02129794572829269,0.0032249207635176697,0.021540719722801003,-0.06855548862949945,0.0063516293936476415,0.06884909743187399
L01_seed2026,train:004045,21,3,4,0.775994776218563,0.0002901806990678324,0.0025685843198042153,0.002584923644144171,-0.0004813492013084897,0.003771070624125902,0.003801666832554589,-0.0019660243759744844,0.007063432396851656,0.007331938970819343,0.0002980771910472413,0.00850839444206367,0.008513614155783814,0.0015240099520639205,0.008481760189734955,0.008617590280940642,0.002036762932732472,0.008936820299349647,0.009165978415151373,1.0260345777496696,0.0025628214927392763,1.0260377784428536,-0.024733267418923788,0.0036222097254046196,0.024997098241812243,-0.06563480143086053,0.0065391864434114376,0.06595974619576843
L01_seed2026,train:004250,21,3,4,0.7759210628166616,-0.00034253520141191984,0.003774628792421914,0.003790138900460882,0.0020021092755655445,0.007159795213920496,0.00743445418686432,7.944578763385834e-05,0.008851818968913202,0.00885217547790284,-0.00252694404673548,0.011210933708511365,0.0114921921682492,-0.0012669808448038111,0.02022665362923202,0.020266296097166462,-0.0019880531198168683,0.016571293957818697,0.016690120989485125,1.0242258692160249,0.0037653532538300316,1.0242327904614497,-0.02447497127286624,0.007125198438501234,0.02549103119914234,-0.09059016196988523,0.007301027052906786,0.09088389539273346
L01_seed2026,train:004029,21,3,4,0.7757129651363828,0.00011186236680416073,0.0030049768315824534,0.0030070581882388554,0.0007529987307250963,0.004148906014592992,0.004216684504014915,0.0007811633705330223,0.006194004191304322,0.006243068486998842,-0.0006569226980523979,0.003979931713210458,0.004033782824227746,-0.001355377692284776,0.012105646058612819,0.012181285448800191,-6.383029199241719e-05,0.005175061170985819,0.0051754548041327685,0.9977792911231518,0.0027456735487828786,0.9977830688669034,-0.016048508827225305,0.004074597581421045,0.01655768646363527,-0.24892148829530925,0.004573107318227654,0.24896349259619532
L01_seed2026,train:004044,21,3,4,0.7755426754258761,3.247956776419869e-05,0.002582016093845263,0.0025822203684422638,0.0021680934045917866,0.0034632376801044546,0.004085908006787438,-0.004096862436682613,0.005388733372021349,0.006769248789920309,-0.00045582068867133785,0.006313560510853559,0.00632999358802442,3.425865806150341e-05,0.009110340861479986,0.009110405274629887,0.0018866567093027697,0.005760342294440894,0.006061436866608588,1.0256750183179975,0.0025788224757772736,1.025678260239041,-0.024663484160555527,0.002728095682648382,0.024813906524198445,-0.06323828367749229,0.005531354776885079,0.06347973226268962
L01_seed2026,train:004046,21,3,4,0.7753315758445748,-0.0005068710317850389,0.0032653842632719425,0.0033044897684342857,-0.000656630551446824,0.0036322499164811134,0.0036911249148288672,0.00021604316862067208,0.0067077040182617845,0.006711182298769194,0.0007500329484173562,0.007983674929801494,0.008018828767872058,-1.7549149788465e-05,0.009968046602391686,0.009968062050374222,0.0010860071817546668,0.009223147842524504,0.009286865333571233,1.02534587867558,0.0032592575739244897,1.025351058748627,-0.02539537096163258,0.0036053400876534985,0.025650016441058524,-0.06533226231113076,0.006698017897554612,0.06567471311278306
L01_seed2026,train:002275,14,3,4,0.7752964259910065,0.00011520931342090535,0.003890493488769015,0.003892198963574835,0.0006921932834771383,0.006180348065433162,0.006218989769375271,-0.0015451988729751065,0.007189453571742272,0.007353630546694691,0.0017762434667076832,0.006007314012737142,0.006264412382709949,-0.003554881260193099,0.01925429408996783,0.019579709438013685,0.0027645534882481115,0.00897927578487384,0.00939521950835671,1.018588524311781,0.0038712466751656964,1.0185958808136186,-0.032623638937366195,0.006145493918289615,0.033197423288794124,-0.14989792788401246,0.006950394341360147,0.15005897762353645
L01_seed2026,train:004043,21,3,4,0.775078191777551,-0.00032718939385745216,0.0029235187160108604,0.002941770654269057,0.0034380223452785685,0.003414825568161061,0.004845722991216199,0.0002353901834055705,0.007228442922896283,0.007232274581901123,5.4436009207847746e-05,0.006331353585221731,0.006331587597135377,-0.0020674200006851606,0.013311078313924229,0.0134706730098632,-0.003068533763666892,0.007206234602631187,0.007832350643767345,1.025543201714754,0.0028910452402254607,1.0255472766898315,-0.027424063053331338,0.004066430657243856,0.02772390832193877,-0.05809469032101333,0.005856683217212599,0.05838915808436716
L01_seed2026,train:004254,21,3,4,0.7746464354558074,0.00044309266344555454,0.003612388470320586,0.0036394617141693327,-0.003314494949535174,0.006665212627885664,0.007443852238285005,0.0019134534898626043,0.005676215294985368,0.005990052114372061,-0.0023144547527351733,0.006762651247347718,0.0071477375928129935,-0.003892918336077855,0.013038654417281867,0.013607399537923297,0.0011395990506173348,0.015753296599694266,0.01579446231291546,1.0242317635565996,0.0036208684351594924,1.0242381637912576,-0.028331170025921892,0.006008114853875233,0.028961226478432352,-0.0823644858901389,0.005805122539631598,0.08256880757069844
L01_seed2026,train:004248,21,3,4,0.774068905484386,-7.870595243275602e-05,0.0033397842068873377,0.0033407114774434542,0.0024910217694014136,0.011838103324339993,0.012097350113697683,-0.007817924732762549,0.01782182901647562,0.01946118024734453,0.002975574610672993,0.022014303344577036,0.022214490676374675,0.0017211814094935107,0.024658794264527606,0.024718790423980813,0.0030746782520054694,0.017139571666731943,0.017413172119760255,1.0239067878574133,0.0032070128310349943,1.0239118102413822,-0.023490590319852345,0.0072635838206389315,0.02458795403230184,-0.09561763849342242,0.010004554798759896,0.09613960634296463
L01_seed2026,train:004026,21,3,4,0.7740428186401345,8.690035775771321e-05,0.0026780928363037784,0.002679502362760674,0.00021261202223143982,0.004274031259007787,0.004279316192450966,-0.0010128848374790778,0.006156942048313191,0.006239701201202029,-0.0009213217062011836,0.00522424480989119,0.0053048626297004615,-0.0036404956574074276,0.010989126732063712,0.011576446560363832,-0.0010961894964580665,0.0058562124581269005,0.005957923779880513,0.9969843956641853,0.0025914227604803587,0.9969877635506889,-0.01893555195420049,0.003953208126474408,0.019343809922077123,-0.2540478085866198,0.0057290893599492585,0.25411239936799246
L01_seed2026,train:002326,14,0,1,0.7738575583253897,-0.00868311748126871,0.18451159484014887,0.1847157956419774,0.00044942831482330803,0.1548867661612191,0.15488741820332058,-0.0016773744173406158,0.1778660474135619,0.17787395651825874,-0.014312282901300932,0.347555392676338,0.34784995676332975,-0.04766382111120038,0.7375572536261819,0.7390957598440926,-0.03128574502443371,0.4012735909754016,0.4024913572438889,0.9117096532136202,0.18418925599982786,0.9301291167298601,-0.2500820306800051,0.15338768199301814,0.29337485075620623,-0.3884083500088309,0.17551270437204836,0.4262226598300148
L01_seed2026,train:004251,21,3,4,0.7736822441411538,-0.00020544829287416633,0.0026720098577358944,0.0026798965802587796,0.0032616491381531887,0.005915865725087733,0.006755429103889941,-0.0025236657368452597,0.00634888370043184,0.006832072379076192,-0.0004981430560349054,0.00884288304827896,0.008856902794420586,0.0007315185471270524,0.00953746616582159,0.009565478568737816,-0.0029323630625981423,0.010020547889981994,0.010440791787326886,1.0240505700930953,0.0025822553663532475,1.024053825807399,-0.021487776764843147,0.0053499713287722675,0.022143774373724508,-0.09263447346165776,0.006455257961469815,0.09285911925528745
L01_seed2026,train:004021,21,3,4,0.773675841745892,0.0006869666888178472,0.0022055498424571923,0.00231005916355151,0.002627885451460088,0.0036025952836578282,0.004459201130676796,0.002232914062687996,0.00696011622793598,0.007309522769492382,-0.0015910309953355295,0.004833015658510593,0.005088164696973453,0.001567295978304628,0.013128716040012195,0.013221936376449682,0.0003595522564410203,0.007439886013467347,0.007448569105438902,0.9955382472835481,0.0021416689790344583,0.9955405509322133,-0.02058183203189401,0.003257615016848335,0.020838038904539315,-0.2565617267973721,0.005996277410335751,0.25663178875585757
L01_seed2026,train:004042,21,3,4,0.7729456198541789,-4.41582525212425e-05,0.003029188378612215,0.0030295102218650836,0.0011772648850296719,0.003965400132714885,0.004136465982219503,0.0034195343686178603,0.005683693303600367,0.006633067530754561,0.00042312126817023454,0.007571151456479053,0.007582965513868758,0.000834264860031908,0.014686137963829202,0.014709814619814533,-0.0015718026760396242,0.008407109213171865,0.008552780189774819,1.0258997986093163,0.002966884053598074,1.0259040886884228,-0.0315402245905716,0.003929998071941603,0.03178412578739837,-0.05894543186877854,0.006079225197363096,0.0592580873568922
L01_seed2026,train:004048,21,3,4,0.7719366950523023,0.00035609754845822295,0.002818689408051006,0.0028410940574146583,0.0010726223866441842,0.004678861471334794,0.00480023577048789,-0.0017754936509390973,0.005956869719337755,0.006215840615531267,0.0008897633708500052,0.007096107438057986,0.007151672505684823,0.0013199485281347734,0.012692002764252933,0.012760454470148359,-0.0025498518224367217,0.008300163279073505,0.008682998029232997,1.0253598727285862,0.0027751626186000968,1.0253636282458736,-0.0246886329332483,0.0046495011403515606,0.025122628384920298,-0.06680395337752998,0.005768628601272183,0.06705255597519467
L01_seed2026,train:001039,6,3,4,0.7716014489585082,0.003710859243511777,0.01746629919523235,0.01785614975022698,-0.02952667302486134,0.0594312408911283,0.06636186264547128,-0.017769491792023473,0.038448303871419405,0.04235595482498056,0.01866169569939302,0.13522374633719123,0.13650538619351904,-0.014482262269666535,0.13395182015329116,0.13473242387349477,0.05513833456461725,0.14245521363836414,0.1527538013645213,1.0129637992940843,0.01731451888319496,1.0131117664129967,0.02688085675254115,0.06085293251778657,0.06652563307301121,0.14209968650084193,0.03906128460103185,0.14737063770751746
L01_seed2026,train:004047,21,3,4,0.7709922258516153,-0.0003709554732864717,0.0032494724192048243,0.003270577772555492,4.7886150113640724e-05,0.0043542927754263204,0.004354556080417676,0.0008459410031491643,0.005512794825605782,0.0055773222042513285,-0.0003031329352154444,0.006680567089479396,0.00668744093158568,-0.0006174797292715084,0.0116970901145354,0.011713376898385154,-0.0001320538667641813,0.0090161478558587,0.009017114859112796,1.0249447552487254,0.003105323846994015,1.0249494594115673,-0.025754128182597924,0.004202819705701226,0.026094804308986783,-0.06451038739760406,0.005442109824941251,0.06473952920384635
L01_seed2026,train:004011,21,3,4,0.7704818209975629,-0.00042353636740699585,0.006836267736571398,0.006849375126287311,0.005676356395269977,0.004899069820648868,0.007498126901681172,0.0015343624868364714,0.009895356796987038,0.010013608459525895,0.016120188546665304,0.009104648361731391,0.018513646333740346,-0.02913821990841825,0.016115049466289586,0.033297607702841084,0.056963383831316605,0.01617150707502019,0.05921439637952354,0.9930548113770783,0.001931652095247852,0.9930566900630505,-0.035922872615628876,0.0037599492381005513,0.03611910845012363,-0.26599633146543056,0.006105734193285149,0.26606639837286156
L01_seed2026,train:004023,21,3,4,0.7704350520399891,-0.0003426273881927955,0.002737795573712373,0.0027591517048866448,0.001214453962475659,0.0032968432208873998,0.0035134133901498174,-0.001821049700538424,0.008201236829510985,0.008400982534534782,0.0019418069708194707,0.0054706758954242716,0.005805076146330835,-0.0011477443119929376,0.017251968914748225,0.017290105506940993,0.0015482403823057211,0.005714847631196781,0.005920855658534298,0.9951425311155617,0.002571062824566655,0.9951458524252285,-0.017393686292052735,0.0032664693680185225,0.017697744064104515,-0.2601824514567852,0.007618885868770079,0.260293978931407
L01_seed2026,train:002325,14,0,1,0.7699201186856,-0.004293854972274858,0.1816565190755597,0.18170725938490218,-0.010195854578341823,0.1569953764130095,0.15732610611607104,-0.004494144584896276,0.17816583587019855,0.17822250813765494,-0.007209383172266826,0.34664516113791977,0.34672012192265234,-0.01041463987530733,0.7142862748865372,0.7143621960987424,0.016747090712669888,0.3852503683093775,0.38561420011437514,0.9162044855765998,0.18148122109264156,0.9340054030892745,-0.2546572392488997,0.15490385090690667,0.2980696437540403,-0.3941100186348194,0.175792760707477,0.43153887600712637
L01_seed2026,train:004027,21,3,4,0.7692523109845546,-0.00022743483541631804,0.0022333240317312154,0.0022448747927376746,0.0012116856985358027,0.0038016572059349466,0.003990085179977152,-1.6655902840057024e-05,0.0051233647353714365,0.005123391809216532,0.0002709627326851205,0.005442348983857657,0.005449090131811059,-0.0005068037229989386,0.00963827553247262,0.009651590814653612,-0.00047733761849144685,0.004476140304346805,0.004501520101723971,0.9966385252773762,0.0021621230042462715,0.9966408705461304,-0.017650261732342187,0.003549336778313135,0.018003597717847097,-0.2539393963525072,0.004841431675033664,0.253985543841652
L01_seed2026,train:004032,21,3,4,0.7680485021825797,0.0004273129958143329,0.002195267894927184,0.0022364698806131614,-0.0005025482098091061,0.0033218625700701366,0.0033596615361692777,0.0011827242026924978,0.0051263189165924854,0.005260986806127588,0.002537202737642019,0.004727771450608292,0.0053655587426739626,0.004905027986012556,0.016775888776043118,0.01747826489585668,0.0007419676952906684,0.004918820945564116,0.004974466358854506,0.9974597925320268,0.002208425800952676,0.9974622373115447,-0.013893068280594889,0.0030691499455788632,0.014228036675441858,-0.2504896738100797,0.0051150259221541105,0.2505418930551624
L01_seed2026,train:004028,21,3,4,0.767961661372852,0.000667575921177388,0.002315893019728581,0.0024101904674451364,0.0004982877726433799,0.0035754392676533393,0.0036099939973694346,0.003750683455706394,0.004674787370677006,0.005993435020583012,-0.00020116578226847537,0.004285921044448332,0.004290639447821358,0.0018293993895781568,0.009526169026811823,0.009700237030814136,-0.0006222204474681803,0.004333006320619466,0.004377453832969086,0.9975418196991086,0.0022600711084889455,0.9975443799500974,-0.017095081362640485,0.0035697044553138872,0.0174638081956252,-0.24966534017585218,0.005204679753655249,0.24971958428698
L01_seed2026,train:004024,21,3,4,0.7659218339618382,0.0005352154470870119,0.0029656666260484423,0.003013574971965705,-9.773527595768883e-05,0.004129876759646788,0.004131033071041333,0.003447866812621214,0.007494799563702845,0.008249836729151378,0.00204917058186993,0.006020509320626389,0.006359688086168249,0.00652293708913021,0.01569431385165129,0.01699588760679724,0.0017567013607830972,0.00667302536195307,0.006900381667143209,0.995659502223134,0.002771939106386377,0.9956633607869824,-0.017525642299005995,0.003984072295037835,0.017972784148394934,-0.2570760191883892,0.00734452087516365,0.25718091225562356
L01_seed2026,train:002500,14,2,1,0.7646451834418287,-0.001387471525958972,0.3370867818195068,0.337089637269773,-0.025387786959981895,0.2625804683106759,0.26380493184354853,0.006210415765963262,0.28218742803291336,0.28225575955827154,0.11744418567468529,0.7854570400967963,0.7941888305600942,-0.036780756068765186,0.923937512275558,0.9246693195985994,-0.13610517601773608,0.6710016798878744,0.6846662496071851,0.9056037368718535,0.33503194725820606,0.9655902515663104,-0.28541349004080985,0.2611422809068451,0.38685417300903585,-0.4318316574954224,0.2805456191754116,0.5149606051473831
L01_seed2026,train:004020,21,3,4,0.7642351603893618,0.00034369904011555263,0.0023436180119419635,0.002368686221531918,0.0023341108021668333,0.0033000069382982185,0.0040420439173279995,0.002850025616453422,0.005715890801283358,0.0063870222848081875,0.0008754438201670212,0.00470748237390407,0.0047881929976647895,0.00215698825852062,0.012142340366221383,0.01233243803619402,-0.0013916054055016502,0.007567795594523717,0.00769467970516733,0.9947850401513278,0.002308285599062279,0.9947877182048871,-0.023872863021097146,0.003805116888437525,0.024174211535409794,-0.2590365164214745,0.006182861438213538,0.2591102943059905
L01_seed2026,train:000030,1,3,5,0.7639387606927135,-0.011484648200237757,0.06137920511894982,0.06244440699788364,0.026879096656955426,0.044366107834114654,0.05187328176857757,-0.00505578704189702,0.07970117069448393,0.07986136483108887,-0.010372026109962462,0.23513206148119892,0.23536071308105788,0.043195858929721,0.3835309297391229,0.38595576986907754,-0.004316793346333725,0.2100488150160544,0.2100931683669024,0.9174266280606389,0.06048355670362025,0.9194182282869064,0.19544655503705144,0.04816161198024043,0.20129306183866946,0.366247269208543,0.0758859089601032,0.37402638059556176
L01_seed2026,train:000162,1,1,0,0.7636217269029406,0.011420323520724196,0.18668283628116544,0.1870318292465174,-0.0069099969705348485,0.15126205092249473,0.15141980090930043,-0.0017484576565038878,0.16600852099518845,0.16601772841231902,0.008381188531984662,0.4663368927104503,0.4664122016243215,-0.03800475048046792,0.6757117511753225,0.6767796773954604,-0.011342801160026283,0.22014197486156464,0.22043399972351282,0.982829796615988,0.1855768608789791,1.0001965708849037,-0.3405432016297709,0.15050924335592872,0.37232070115940236,-0.05987012566674821,0.1593734855760812,0.17024787767259122
L01_seed2026,train:004255,21,3,4,0.7633249997110539,0.0006609959984160696,0.0022782275125082796,0.0023721796535405406,0.0032549823334022676,0.006863155917651423,0.007595908052415762,-0.0005162009375681009,0.005768569283118365,0.0057916193747589205,0.00030939013913666713,0.007557845716158527,0.007564175707071512,-0.006558637926213251,0.009778383866193908,0.011774231290483645,-0.010178508332700176,0.008769598784015864,0.013435322650069088,1.025018371641636,0.002300013382201316,1.0250209521099698,-0.025345247122459114,0.006324099302344005,0.026122323474079213,-0.08257912116823718,0.005391968339420915,0.08275496707444041
L01_seed2026,train:004031,21,3,4,0.763266556835628,7.93642695633423e-05,0.0022485281133757494,0.0022499283019519604,0.0010039103763546109,0.003773393852959406,0.003904655838009835,2.2882740324803308e-05,0.004906927728576267,0.004906981083443814,0.000700938499790027,0.004342325601921219,0.004398534575695452,0.0007653216811718266,0.01083959591631155,0.010866579816326279,0.0007351422723258505,0.005421241038464644,0.005470858118951142,0.997170474845916,0.002222832957185715,0.9971729523461741,-0.013239568699646043,0.003372979306215003,0.013662473010139922,-0.25150228489656,0.0046555997313779,0.25154537148802647
L01_seed2026,train:004056,21,3,4,0.7623979423622484,-2.549169725085676e-05,0.0037726397908100754,0.0037727259134254926,0.0011488709995433055,0.004130509890659371,0.004287308774794104,0.0017020595832946128,0.00591252366372395,0.0061526370687032,7.16704071805907e-05,0.006883275966612714,0.006883649081687243,-0.0015523123156526708,0.015189364147087476,0.01526847918812327,9.34871903552903e-05,0.010423945695659667,0.010424364907313166,1.0251951524987817,0.0037122784523419246,1.0252018736416295,-0.016591003681242,0.004143205989356754,0.017100513413965887,-0.06680472250445746,0.005241096024988875,0.0670099995257478
L01_seed2026,train:002328,14,0,1,0.7623864433505103,-0.00025854947671177797,0.1774996245381251,0.1774998128421754,0.0021736981107096653,0.1533977927467064,0.15341319298886258,-0.00013319382833287818,0.17567828153251053,0.17567833202421956,0.007526577850512695,0.35063633505792274,0.350717106564524,0.00024103446048684418,0.7134752283480815,0.713475269062606,-0.03200700872184825,0.4088079865038847,0.41005904262274334,0.9167072614654899,0.1770577659940388,0.933649642918776,-0.24348495092999656,0.14997882181593997,0.28596952341583587,-0.3871479338995414,0.17299019953983075,0.4240390687890847
L01_seed2026,train:004054,21,3,4,0.7623622173887353,0.00038410881799677554,0.002549785035064639,0.002578554499928683,-0.0011130950875326562,0.00555275157911507,0.005663217351758119,-0.0010723534579710758,0.00695008913706093,0.007032331117909258,4.964658563721969e-05,0.00602913909817425,0.006029343500630798,0.0002608944702160443,0.01186779500848774,0.011870662335694492,0.0010201559779017266,0.00905926645718097,0.009116524938892718,1.025335649959743,0.0025235911068864506,1.025338755529334,-0.019075398300628876,0.0048768195223513975,0.01968893569955529,-0.06945587857626379,0.006671570556978795,0.06977556106902649
L01_seed2026,train:004053,21,3,4,0.7596593304739356,-0.00022468436129940983,0.0029420194115629345,0.002950586599343534,9.546038120333833e-05,0.00539353062980673,0.005394375342803175,0.0004709434278353797,0.005074805905372394,0.0050966109022981005,0.0003037541265733523,0.005915054374840288,0.005922848539911143,-0.0010809603894585962,0.011075636447843916,0.011128261233831054,0.0020032187692322623,0.008260427455836907,0.00849985571586651,1.0248587932437658,0.0028564707365055005,1.024862773991785,-0.018114299273293,0.004412565277799142,0.018643995561393536,-0.06827089324360713,0.004919587714429368,0.06844791602057704
L01_seed2026,train:004030,21,3,4,0.7588822310475593,-0.0004303365090017053,0.0028472755139469347,0.002879612363374896,0.0016099777939260207,0.003942997684572644,0.004259020924752557,-0.0024039055351749994,0.004182709792664959,0.004824295081325389,-0.0006330361690629616,0.0037854496152754276,0.0038380155785419623,-0.0011931144514463199,0.01031802533366657,0.010386778561249642,0.00012974546651611796,0.005396650370080346,0.005398209805386395,0.9972679521888494,0.0027522549197189824,0.9972717500110411,-0.014208052572939778,0.004053988093034838,0.014775099910792105,-0.2516875820001587,0.0037777032983457954,0.25171593111143553
L01_seed2026,train:004038,21,3,4,0.7582828910896914,-0.00015836228632792881,0.004366854620222184,0.004369725150153822,0.004123158661400339,0.0058985140875468895,0.00719672882551995,-0.0005998654773975431,0.0057765434633257565,0.005807606475534039,-0.01299107132717836,0.00847783766822792,0.015512629234164658,-0.01630037044014898,0.013512478805197188,0.021172840148335932,0.008032547601942497,0.0158447167906078,0.017764483419228403,1.0259791789576411,0.00433425659068485,1.0259883339662246,-0.0350952227745438,0.006662319400229865,0.03572199828376819,-0.05050939295324497,0.005681162443054482,0.05082788981661235
L01_seed2026,train:004252,21,3,4,0.757574826782733,-0.00015229425359564175,0.0030788024098498245,0.0030825667581701036,0.0002906029384348585,0.005578198135375565,0.0055857626610279825,0.0031799247793742325,0.008422022258588801,0.009002354165808158,0.001739512681723454,0.00836647762887772,0.008545399480678948,0.005913000201189789,0.007128319068660619,0.009261560566335517,0.0016080239522011652,0.009733434153046961,0.009865367780399962,1.0237598270177841,0.002997141324412337,1.0237642141975865,-0.020501445811532903,0.0043673571690701525,0.0209614667665564,-0.08980412664823234,0.00825674929208978,0.09018289789047688
L01_seed2026,train:004049,21,3,4,0.7561902274550583,0.0002861152185289484,0.002997516196160177,0.0030111401934344484,0.00231399276172084,0.003353024808919142,0.0040739830474025894,-0.0005976874330713144,0.006069954500842,0.006099309625682519,0.00035856046676485676,0.006383244660092861,0.006393307281754151,0.0003993617473554423,0.01111839318957754,0.011125563218250794,-0.00040918467749406773,0.00545538484860702,0.005470708907144207,1.0256161745637655,0.002982931800457713,1.0256205123772333,-0.02175829558109399,0.003760884097768681,0.022080934667515855,-0.06730930382036604,0.004906779684370582,0.06748791645660203
L01_seed2026,train:004055,21,3,4,0.7558787213042829,4.2005809085310375e-05,0.003055784082005752,0.0030560727811746644,0.001207041189559277,0.004541091146913982,0.004698771886128675,-0.00011915537027107348,0.006793150119912832,0.006794195062988414,0.0005638474643205882,0.005554288412468292,0.005582834739798438,0.0007563664572671769,0.0112034677957526,0.011228970605899035,-0.00116117416564121,0.007183371901483769,0.007276617161702208,1.0252203373238444,0.003032809581894148,1.0252248231467953,-0.01786909156726324,0.0043712005077102345,0.018395973127775668,-0.06926755144377239,0.0061770675748718884,0.06954243198824864
L01_seed2026,train:004051,21,3,4,0.7537891790173153,-0.0001552999644829356,0.0021992698112289714,0.0022047461943615,-0.00014617473064504338,0.003762467186219923,0.0037653056156520437,-0.0009332770333934093,0.00722775872926929,0.007287763873067514,-0.000790166438491724,0.004894835180563814,0.004958202743475087,0.0027595159370434885,0.009438956027071921,0.00983406422023948,-0.00019749835995241938,0.005152789578938358,0.005156573091404759,1.0255213780328631,0.0021859480531761302,1.0255237077568289,-0.021346784247725736,0.0034325126113367807,0.02162099305179893,-0.06961639114888385,0.006149658354263365,0.069887482530626
L01_seed2026,train:004256,21,3,4,0.7534375379422844,-0.000512283817473147,0.0028363144435505604,0.0028822065041107627,0.006280781488953835,0.005220885461670187,0.008167365616639447,-0.0024768907809402663,0.0062516906516925,0.00672447945533082,0.0021975087533974147,0.008648591135156553,0.008923405927355696,0.0008502297758976596,0.016112692748221868,0.016135109490500045,-0.002149214942960498,0.01040967635709902,0.010629227946120593,1.0244565038010478,0.0027152631722661795,1.0244601021193362,-0.018176861602114514,0.0056141757597284086,0.01902412329553052,-0.08558157598599792,0.005770611720555441,0.08577590633666628
L01_seed2026,train:004052,21,3,4,0.753099946368725,-0.0004973388699767156,0.002750588138154557,0.002795188912640122,0.0026590632509169154,0.00358437024212836,0.0044629953400190945,0.0012131881938941547,0.005030133493279168,0.005174366488181239,0.00031847743505508674,0.005016818608124131,0.005026917228626289,0.001911074208123864,0.010730221205956231,0.01089907572951528,-0.0008938086347427543,0.00593641896897792,0.006003329413815435,1.025053320452571,0.0027822866674252237,1.0250570964048493,-0.01825459409155883,0.003955766083934272,0.018678283935050864,-0.06851281988201663,0.0044584097807805504,0.06865773012530353
L01_seed2026,train:004010,21,3,4,0.749338503483546,-0.00631295637549556,0.01571594575844577,0.01693648042780198,0.010494293393435328,0.02626963777479905,0.028288231875581223,-0.009365007894416522,0.020156497386182446,0.022225835411557954,0.028525179564894643,0.010551719577297045,0.030414217978560563,-0.02896546056263105,0.03197814554685607,0.04314625937692913,0.05959799971606117,0.023681890133106356,0.0641307530786295,0.9906990192830563,0.0038566824368453517,0.9907065260751179,-0.04819315538043156,0.014898101338589922,0.05044337071427042,-0.274204314337112,0.013194682903887102,0.27452159415612437
L01_seed2026,train:002318,14,0,1,0.7461293819135054,-0.009411061015271116,0.2131629406430949,0.21337058685077648,-0.00024077599664451554,0.16771643335020045,0.16771660618076192,-0.005804725786560994,0.20122780005567148,0.20131150577327284,0.058279363618567004,0.42972724467629336,0.4336611454129411,0.06150394756696187,0.7959749473317945,0.7983475761509974,-0.04192875190801715,0.4486261332546686,0.4505812109660141,0.9117749063298106,0.21244305173989833,0.9361973777175923,-0.25693741934446734,0.1618146749987401,0.30364588998427516,-0.4027358162456949,0.19846262283433047,0.4489805678972842
L01_seed2026,train:004257,21,3,4,0.7412454307866523,-9.591685903842517e-05,0.00355882717511127,0.0035601195072859923,0.003726847188318061,0.005835457180442464,0.006924012598909086,0.0027198930625900175,0.007718253355501239,0.008183474392434513,0.00030207525128389534,0.008893545344045782,0.008898673959868214,0.0114337198480996,0.022802886207650575,0.025508852756717375,0.0011373787756383535,0.008952905896514273,0.009024863127555599,1.0243231505155563,0.0032676099922470197,1.0243283623707666,-0.013518710209609708,0.00527175353369133,0.014510234700079554,-0.08235432952642441,0.007451577727157578,0.08269075886923985
L01_seed2026,train:002494,14,0,1,0.7393704259416741,-0.009196732781674655,0.20690794680347252,0.2071122361046931,-0.008663802477258287,0.15747568000370388,0.15771382712366688,-0.01627393372405095,0.2032311088000567,0.20388164336927267,-0.028903498678118922,0.33611983614184815,0.33736027697975773,0.08285125371185131,0.8220500797960569,0.8262146597188464,0.013017085882893298,0.4520857612348769,0.4522731254852545,0.880509639158845,0.20610485513120277,0.904309922515668,-0.269659364769268,0.15525332335780212,0.31115874954981965,-0.4712018332211301,0.20145516061381405,0.5124600953917205
L01_seed2026,train:002304,14,0,1,0.7296730863461781,0.007946769619593397,0.1959774466498774,0.1961384988797264,0.013690234764453635,0.1610375654258139,0.16161843956114397,-0.00512081799297448,0.18104559236814463,0.18111799825762642,-0.04924037730052078,0.370428670501705,0.37368705448056183,0.020996117884351406,0.7081896199579619,0.7085007937768426,-0.0013455505377351074,0.4332069321740902,0.4332090218242648,0.9235014440491796,0.1957276016757687,0.9440149422645111,-0.2446012498244272,0.15882895090038485,0.29164431600802493,-0.40185477226623334,0.1779162115167135,0.43947859596754674
L01_seed2026,train:002491,14,0,1,0.7289869999559244,0.0021756442920377594,0.20885035447230205,0.20886168626938661,0.010114420318132034,0.1769953387758394,0.17728409812147844,-0.003116137327310753,0.1983980873465823,0.19842255762544933,0.022134649160364006,0.3303525903687422,0.33109330506186674,-0.035915524736992666,0.7774468313148837,0.7782759796105021,-0.0038512098908540793,0.42392799348922383,0.4239454864501129,0.8841204312629998,0.2088016145305316,0.9084421011859971,-0.2545003550421825,0.17460718947546863,0.30863911180069054,-0.4625514783911058,0.19461052729394082,0.501823801244444
L01_seed2026,train:002303,14,0,1,0.7259254909552664,-0.005303764966811286,0.18697119248673733,0.18704640264580272,-0.0011374589053048112,0.16544777202078023,0.1654516820083777,-0.004326934946902838,0.18245377308282143,0.18250507302042984,-0.008513075988958008,0.35027700686666385,0.3503804418089894,-0.011074545322117046,0.6999283191047379,0.7000159265608714,-0.0021709482152800774,0.4214276909869735,0.4214332826756395,0.9121729675680399,0.1865600103904324,0.9310554012725357,-0.2554228668632277,0.16283634167984717,0.3029133788532723,-0.39745044201845303,0.17941946306283424,0.4360713216738971
L01_seed2026,train:002508,14,2,1,0.7157673347544697,-0.0001757265108608408,0.3679136608019985,0.3679137027681011,-0.024717419669286755,0.2291113740914947,0.23044082228025586,0.030903375753950968,0.2628331462519797,0.26464368762867635,0.3714785825013678,0.40677108968622405,0.5508711797341949,-0.17487589612937882,0.7843446677442092,0.8036032210399776,-0.21312654868961545,0.6021227796677783,0.6387290251360109,0.8984768351074308,0.36821206381661975,0.9709998698067677,-0.2557569884008899,0.22665368653097367,0.3417360541909118,-0.3916841438585834,0.2617304689441433,0.47108312103486855
L01_seed2026,train:002313,14,0,1,0.7117313221331079,0.002624812253827713,0.1784593610399455,0.17847866310053273,0.0006861380215923418,0.14755366758518018,0.14755526287876866,-0.005101969623865443,0.17765445180633915,0.17772769716803774,-0.025431091864447808,0.2904958072915015,0.2916068491777227,0.060047946779377526,0.7683396283202465,0.7706825159296877,0.004933174335747026,0.36409790487168026,0.3641313232076774,0.9236462451517582,0.1787622723647924,0.9407860204127004,-0.24832144166430226,0.1453393756481424,0.2877274274448463,-0.38631166494451463,0.17286259981865906,0.4232235589948518
L01_seed2026,train:002487,14,0,1,0.7047411160898482,0.009903472422138293,0.20652839704976325,0.2067657069099243,-0.008910208405723097,0.18424834015472355,0.1844636621766036,0.003543345572779799,0.20589659738470298,0.2059270844557525,0.026064496628350753,0.3369614239454312,0.337967985483569,0.003914784876542399,0.7929309291999662,0.7929405929970741,-0.011591004787987913,0.439014602070546,0.4391675901329184,0.8864897917956114,0.2063815554250077,0.910196405935264,-0.2738641351170372,0.18232905434674965,0.3290067606636417,-0.45275626750662923,0.20348649640768723,0.49638190134896143
L01_seed2026,train:002329,14,0,1,0.700519847131801,0.00036515968895400874,0.18529022128880604,0.18529058110668536,0.010429338347421435,0.16666640958211787,0.166992404561882,-0.006556503102729039,0.1741539114914168,0.17427728658863245,0.028007586060994072,0.3800611946998091,0.3810917692546117,-0.021560222885455005,0.7166231869872185,0.716947442521827,-0.018438186849380145,0.406273475798226,0.40669165699761334,0.9202412781305611,0.1847099076341888,0.9385956317571478,-0.2317911835089035,0.16396848997813096,0.2839239659806241,-0.39161160988442134,0.1720922726654701,0.42775624286202385
L01_seed2026,train:002479,14,0,1,0.6846175723942969,-0.0027245297424087767,0.1934288370759699,0.193448024220666,0.004377435441256239,0.1579605833825459,0.15802122592739434,-0.00036834002821706235,0.18602932682742815,0.18602969148564016,-0.03222031290351879,0.32591740690288484,0.32750619030165107,0.06394365667074453,0.7993009823941938,0.8018546325143662,0.025424463652598206,0.4088544391900638,0.4096441819401856,0.8776865187101066,0.19312044742736684,0.8986818860642584,-0.25672421137278434,0.15580133645439248,0.3003021430925075,-0.4552282193908468,0.1834219177717504,0.4907915358365787
L01_seed2026,train:000313,1,1,0,0.6764932338927662,-0.0020555398223223165,0.23094813936386022,0.2309572867860855,-0.008222255698456138,0.17669128504937126,0.17688249122275773,-0.0015741588431410491,0.18008641384555338,0.18009329367806942,0.2259786342838197,0.24640321210735622,0.3343364863271778,-0.09861906726382585,0.7291709779098043,0.7358097821135076,-0.05547857769852271,0.1857547517329523,0.1938625811620741,0.9594030459411442,0.23005830998800414,0.9866007452641022,-0.37986668340454344,0.1745877023460803,0.41806645760124206,-0.09996080738346791,0.17428889893459315,0.2009198429836824
L01_seed2026,train:002327,14,0,1,0.6742065552957391,-0.006396253984348732,0.1793184402302735,0.17943248053697097,0.005214548511503381,0.14822862883503543,0.1483203220145288,-0.0016097923898996669,0.17772855435023652,0.1777358446205029,-0.0072855399039326585,0.33660381433203296,0.3366826501537694,-0.03593707240361255,0.739015090865647,0.7398883548888323,-0.04116358071587456,0.4113364915839682,0.41339103725886495,0.9120532972738147,0.17904793137953037,0.9294618759257027,-0.24662619132232066,0.14515730887909872,0.2861732387334217,-0.38793375854584156,0.17481764741195854,0.42550418431098314
L01_seed2026,train:002514,14,2,1,0.670045594822555,0.0058713168707527075,0.3670549420142404,0.36710189705158724,-0.034037047960737254,0.3104264325051314,0.31228687233334745,-0.00968495312918094,0.32389904066723524,0.32404380392513255,0.0649754896221566,0.8506905906899088,0.8531683862755258,0.04709693211952981,1.0212093829048334,1.0222948325937788,-0.08529025511825239,0.7800792860007573,0.7847280548480395,0.9126627712976187,0.364854719080907,0.9828897700903481,-0.27182292082670756,0.30960551862258323,0.41199912311596154,-0.4517263821835513,0.3212308243197764,0.5542977240200458
L01_seed2026,train:002301,14,0,1,0.6623000357823563,-0.019663047316498705,0.1439760049311736,0.14531250952933197,-0.04491694194302909,0.14686867121868555,0.1535836523170868,0.018633577264608903,0.16030962021410325,0.161388923209947,0.26177555887352355,0.35126920513558163,0.4380827521144024,-0.08188468552543782,0.6340766178382924,0.6393420516537668,-0.13620242333445276,0.33459524238791344,0.3612548634285828,0.9102930538356304,0.14308691661481862,0.92147018919102,-0.2508912873074678,0.1366320715009501,0.28568297290780054,-0.37432887573959306,0.15593547157518162,0.4055095294907901
L01_seed2026,train:002475,14,0,1,0.6619115298497639,0.008244104295954457,0.1993156668782407,0.19948609053956715,0.007378826559033769,0.16729559802815314,0.16745824614209268,-0.014283603450166993,0.19870725542562115,0.19921996558152663,0.03971039326643222,0.34651899995713703,0.34878694451580183,-0.030099856448941864,0.7305957309560854,0.7312155109470146,-0.003332994820084423,0.45941717343878413,0.45942926343992563,0.8939683078788221,0.1992559145792482,0.9159051561087191,-0.2553477204637602,0.16460490370574135,0.30380459619632977,-0.4724743129336275,0.19611708082936782,0.5115602464765379
L01_seed2026,train:004764,23,3,4,0.654511931812167,-0.001221752752201155,0.011609243144635819,0.01167335453838291,-0.002480790035093605,0.02175682566876187,0.021897803140477703,0.007356827790204079,0.05145949925055837,0.05198271807296091,-0.014580234921368174,0.04023563591521778,0.04279590690550029,-0.0058714862761917175,0.16140987210883045,0.16151662813865486,-0.0036710767950580703,0.04990833801240915,0.05004317144222673,1.0167494765482843,0.011478109054213096,1.0168142628074561,0.07114572975388,0.020456495073857498,0.07402825847552327,-0.08944768179026141,0.0454552832329233,0.10033479232767235
L01_seed2026,train:002477,14,0,1,0.6431196321714341,-0.001347485627320566,0.20147565845053758,0.2014801644470083,-0.005803880158055108,0.16034186621013563,0.16044687309087113,-0.010342033938286477,0.21599579834067414,0.21624324860398728,-0.020706189894553972,0.2698015237946583,0.2705949159571719,0.07418958947528154,0.8306213012477847,0.8339279592824993,-0.00249074937619298,0.40621431896349425,0.406221955048506,0.8809878793545067,0.2011685326288221,0.9036638877865953,-0.27226973007054767,0.1584239792386559,0.3150062905887737,-0.46790444292128086,0.21271701712580693,0.5139874483685132
L01_seed2026,train:002255,14,3,4,0.6417422816972849,0.0009008068117672963,0.005861926158005479,0.005930736142675312,0.0013914602300317824,0.007595646348774816,0.007722046686430761,-0.008948044183327397,0.013686813035566658,0.016352258124715885,0.002923785869541007,0.011058752327173727,0.011438729249558187,0.00039297112994063355,0.028691866208640424,0.028694557198944353,-0.004838025197869911,0.012665584974057006,0.013558153655652485,1.0222982801496983,0.005840882602884251,1.0223149659017086,-0.0007406774166724972,0.006545473782233315,0.0065872475336419805,0.08635067311115563,0.014037920464615768,0.08748429549193691
L01_seed2026,train:002305,14,0,1,0.6363495692547514,0.0228482718041505,0.18602386455518333,0.18742177490484271,0.03249628733283316,0.16604130513824913,0.1691913818799031,0.0030101851607469143,0.18486769924695132,0.18489220491833405,-0.04949138556730759,0.3912773533660695,0.3943949346816309,0.018401873850962147,0.6907053668000627,0.6909504560296895,0.01802846339342068,0.42006440629327274,0.42045110408565656,0.9389374395832419,0.18643918982685345,0.9572685552938776,-0.21553720786369013,0.1682084613494747,0.27340514706792424,-0.3912009144478361,0.18195130092414866,0.43144458667691415
L01_seed2026,train:005049,23,1,0,0.636153584371695,-0.013487478423030552,0.23765978947820982,0.23804219711857544,-0.022576900838885194,0.17690126310085025,0.17833612460229448,-0.021608816129628394,0.20524788429119784,0.20638225442255695,0.4285814361173834,0.3098735340884405,0.5288701679173241,-0.009720371930598048,0.4437494325573547,0.443855882607681,-0.1196395168581148,0.4485984711769625,0.46427815190503124,0.9154362617991865,0.23637901867203456,0.9454621038863603,-0.21069534470939288,0.17056974281799944,0.2710840560549594,-0.39853481163663673,0.20379244020517254,0.447617420093352
L01_seed2026,train:001300,6,1,0,0.6330573988182462,0.01949622101165005,0.3207279617922637,0.32131997776228427,-0.01755116267304402,0.2145752760537147,0.21529187723809629,-0.01101634365022619,0.11260924868508539,0.11314681929616618,-0.14087829317941214,0.5515619089096373,0.5692690338049202,0.020630063085263828,0.4783547246948387,0.4787993756687417,0.01826015174810891,0.4165179847948262,0.4169180552571537,1.0061086062341928,0.3210629666637059,1.056094671940641,-0.3378172959892254,0.21396760067230056,0.39987830599687824,-0.028078400824256278,0.11184570219075211,0.11531633748688869
L01_seed2026,train:002315,14,0,1,0.6316416834285236,-0.005270656858556322,0.1661699247186649,0.1662534923083645,-0.0006354317670229648,0.14893506718756763,0.14893642271686205,0.005985611181358763,0.1733043914603104,0.1734077265886469,-0.0022986294691236253,0.29740821970568304,0.29741710247721154,-0.001980366330826655,0.6826741575507078,0.6826770299624654,0.012156607339420589,0.3864376064462972,0.38662877127542916,0.9219262623228133,0.16577606010554957,0.9367121944677733,-0.24277626985576717,0.14575540088210304,0.28316947944893855,-0.3802485703969296,0.16904168892688612,0.4161298690122627
L01_seed2026,train:002260,14,3,4,0.6300803635927296,8.321835600799687e-05,0.002216603419855095,0.002218165010924565,-0.0014066121813449683,0.004754391345300664,0.004958103961493537,-0.00028333844302963485,0.007610136454275231,0.007615409215924463,-0.0007605237210128735,0.0048157326603646645,0.004875415611650579,0.0017096051346925378,0.010877970406817823,0.011011493535763956,-0.0002157317488240551,0.004495039358829461,0.00450021321993488,1.0233426531776786,0.0021801574244885943,1.0233449755088095,-0.002154755415602949,0.004720114431043933,0.005188684914621375,0.07962841319385916,0.006781220582110746,0.07991663869530052
L01_seed2026,train:004835,23,2,0,0.6274701514138734,-0.0013767630225629546,0.3227329216894056,0.3227358582782525,-0.03456087935637697,0.1894304016258956,0.1925573458532137,-0.014512177750020783,0.22652545218067902,0.22698983190598934,-0.04201092902076198,0.6403664270871047,0.6417430008169093,-0.00862481900048806,0.9766604204994118,0.9766985023398363,-0.04076399350378779,0.3548517194252918,0.35718545035522214,1.008088389178738,0.3218500703315795,1.0582200471402086,-0.1288139095236147,0.18411954288743515,0.22470654053639844,-0.08456887596639717,0.22426062466823024,0.239676287018146
L01_seed2026,train:001041,6,3,4,0.6261662408630962,-0.0028787321390097986,0.015240500693913629,0.015509995490951946,-0.007958962172111228,0.03068663691986689,0.031701967830228384,0.022919136876510038,0.027248032971632995,0.03560536667396364,-0.002194071144458576,0.08154676739156953,0.08157627853856594,0.033164580880111316,0.07699914990875284,0.08383769147360891,-0.02040588049476355,0.08239455305463454,0.08488381666630898,1.0130634922534227,0.015358646974097735,1.0131799086902462,-0.02965895658962836,0.028133141946451928,0.04087942491969124,0.15670502625289373,0.0241368344610992,0.15855299439216725
L01_seed2026,train:002253,14,3,4,0.6219794814865842,-0.00036881599653781905,0.0053195300341593,0.0053323001625588395,-0.0013136884247160197,0.007199724135066497,0.007318593095554081,0.002806481561634655,0.015825359244593325,0.016072284653285317,0.0016104086881227886,0.014023311364164978,0.01411547653319221,-0.00942331601800106,0.03899291775527991,0.04011541499031437,0.008977032911225535,0.019645171580132265,0.021599071422217734,1.0219820076599717,0.005048776585496326,1.0219944785201711,-0.005236420743131021,0.005644614782640917,0.0076994661011982645,0.0985650421353057,0.014277745494987728,0.09959378267519631
L01_seed2026,train:002258,14,3,4,0.6209933841032317,4.4070648243632604e-05,0.004111335329789633,0.004111571526316068,-0.0005434485744899575,0.008379450518289849,0.008397054682540967,-0.00036623057462747965,0.010739206853378862,0.01074544967292907,-0.0006253303904060203,0.009033916402566842,0.009055533317576142,0.0006805370936717736,0.017389916687705093,0.01740322766446464,0.0012510330680015613,0.012497362536200133,0.012559823012226407,1.0230783158913255,0.004043309345422669,1.0230863056445891,0.0008653162138898551,0.008397044118056196,0.008441511835601656,0.08024645270779729,0.010013047718219712,0.08086874734279054
L01_seed2026,train:000151,1,1,0,0.620687170345519,0.00033116645340669493,0.20885024913943998,0.20885051169874114,-0.010399790742440018,0.15076887088705862,0.15112712554682264,-0.008356499864021316,0.16372018016874784,0.16393330498853687,0.12296198594685848,0.22902312288919527,0.2599446879740282,-0.049530540469277184,0.7485995177648541,0.7502363043981215,-0.017577966706085135,0.21348809380534112,0.2142105298769376,0.9780689068138599,0.20657919951722295,0.9996468137043382,-0.3083390691317618,0.15040470381945517,0.34306640244136327,-0.07528573297076946,0.16053437980332327,0.17731110706265318
L01_seed2026,train:004827,23,0,2,0.6181708305097199,0.005826339249324519,0.21114044821836164,0.21122082071353399,-0.0044671591467704275,0.15623972143333928,0.15630357022285202,-0.03570575221419858,0.2298980202821031,0.23265425091928157,0.5326282827518298,1.0397584448831798,1.1682424882245346,-0.11998726081219502,1.0476773189032123,1.054525821069089,-0.13923620821788063,0.42841961762365427,0.4504776247980483,1.0059853082057089,0.2107085748074976,1.027815423032337,-0.1552699410153764,0.15563408131941034,0.21984249327883654,-0.19742505687645462,0.22973300096297924,0.30290907020775654
L01_seed2026,train:002480,14,0,1,0.6062089506619223,-0.0017232258833246306,0.17533729775122986,0.17534576553241424,-0.0027155383777426323,0.14323765494559101,0.14326339359024406,0.012433942512870999,0.17673619269428312,0.1771730361383587,0.015364241678980761,0.29465249425890266,0.2950527957762183,0.022100750924437307,0.7546102739039309,0.7549338439047422,-0.016048690777779484,0.407367027407238,0.4076830331204503,0.8777103703469038,0.17511025071562566,0.8950078737755263,-0.2640246378541633,0.14093172754217345,0.29928374700615384,-0.4407777654705569,0.1736004636647587,0.47373216010509195
L01_seed2026,train:002259,14,3,4,0.606055963935511,0.00012432218761659897,0.002557003177609149,0.0025600236828273804,-0.0016974823056621346,0.007118759858117315,0.007318345994524889,-0.0003854243485363895,0.00824688670080175,0.008255888334050158,-0.0009234729614746584,0.006275592778861481,0.00634317483888574,0.002256242249359275,0.011746157297324688,0.011960887941172586,0.002142626798843139,0.007801403803613401,0.008090287442739869,1.0232392465695739,0.0025313907836292,1.0232423777676374,-0.00037042085725147444,0.007148508996363664,0.007158099781546717,0.08029101375723258,0.0073975649431350385,0.08063107873054913
L01_seed2026,train:002330,14,0,1,0.6051889346918226,0.0009642929144320078,0.1826211108134106,0.1826236566700733,0.007873975299389713,0.1638139233274929,0.16400305168795218,-0.004722958555248624,0.1786427887958153,0.17870521068581313,0.016322491232131142,0.3675874385887593,0.36794965515443534,-0.01776375772578831,0.7216863357830604,0.7219049233413779,-0.0014349121192935854,0.38698469962239407,0.38698735988999006,0.9255092241801322,0.18224143809017856,0.9432811170587941,-0.23057489037455525,0.16130786801787686,0.2813983090846691,-0.392826137074735,0.17566988280532056,0.4303164901486969
L01_seed2026,train:002254,14,3,4,0.6015390037210285,0.0002700066517284938,0.0037950240567412685,0.003804617087595358,0.0028482960165092663,0.006913501751912334,0.007477251946494612,-0.00395347981664429,0.014898656576499884,0.01541427813571226,0.006107956355890565,0.01141217857433995,0.01294391558447782,-0.005683258644921807,0.028503654104759562,0.02906471617182688,-0.005740016272476112,0.009101743298042253,0.010760553790198142,1.0217136219143867,0.0036359091181477586,1.0217200913364335,-0.0018315552572403249,0.006412190105342715,0.006668641286452563,0.09558708308031783,0.012655950504936283,0.09642128154607249
L01_seed2026,train:000321,1,1,0,0.599966030624199,-0.020120952330216824,0.2209963922446388,0.2219104731819143,-0.02257264359832334,0.16644648560482236,0.16797010689171235,0.029946648215627647,0.18672389837391937,0.18911006309370296,0.389820865879301,0.259167997432353,0.46811148070516717,-0.1660029292688705,0.7461369297407695,0.7643803310190731,-0.06337365428407793,0.2119106423818698,0.2211839515245501,0.962305448949337,0.21887394221930156,0.9868827588220412,-0.37578878697240725,0.16748435341715037,0.41142219319545004,-0.07795176377840107,0.17154979484360378,0.1884298532267278
L01_seed2026,train:002257,14,3,4,0.5988644746967178,-0.00014445349421521314,0.004852917547745021,0.004855066996160046,0.0016904105073081155,0.007785211375515739,0.007966618093311449,0.0010969035575953967,0.01095008675789605,0.011004889705040929,0.000177126919183479,0.00843848936059689,0.008440348134668756,0.007458555221433016,0.023176946135775835,0.02434750250378507,-0.0026470394491298066,0.013095761935183246,0.013360606217842208,1.0231132619082928,0.004761375448544827,1.0231243411183164,0.001298761673979243,0.0077570940385752385,0.007865067692594697,0.08054362836992368,0.009737079274116987,0.08113006091322016
L01_seed2026,train:002309,14,0,1,0.5982406221289057,-0.008654762573314656,0.17666000913176508,0.17687188510793841,-0.007997776963748038,0.15457318449949392,0.15477995284492255,-0.003127933272480732,0.17202802016338622,0.17205645494398492,-0.02154634472390171,0.3561583814985678,0.35680952577340275,0.03924477696091344,0.7689379432573268,0.7699387723056423,-0.002070459684432535,0.3725091057133738,0.37251485962667635,0.9171573929488659,0.17599613001178604,0.9338909578852801,-0.2456221078055023,0.1523311616642628,0.2890242250345143,-0.38925503932114225,0.16894093726532267,0.42433539319857555
L01_seed2026,train:005062,23,1,0,0.5965296848655446,0.015335716536355903,0.2723275400936794,0.2727590022256974,-0.020983360036552767,0.18711083066825676,0.1882837336356719,0.020015942298414302,0.1924171034592119,0.19345536862472054,0.12500896682104212,0.3376427665576394,0.3600414970449392,-0.035699674476290966,0.559569066785342,0.560706703420542,-0.027148226465214975,0.3743544291178815,0.37533753449446217,0.9347450938075781,0.2719360670285708,0.9734976193850221,-0.21421287012344692,0.1853029513077253,0.2832390112429394,-0.35913927867613893,0.19005784590175892,0.4063286924114935
L01_seed2026,train:002493,14,0,1,0.5897217052019769,0.00832101830837928,0.2289162641755218,0.22906744716298227,0.0005021718948228227,0.16245158931456083,0.1624523654719705,-0.02290253451587887,0.21524381451769314,0.21645883159478177,-0.013861956180335255,0.32880984034280303,0.3291019066116226,0.05361442376306513,0.8305652721537495,0.8322939250909365,0.008851303003666544,0.44879013146144436,0.44887740827763123,0.9001790331676602,0.22816528299264716,0.9286450818896197,-0.26196636143492924,0.16062290547686525,0.3072882885618747,-0.4735909159644507,0.2135281512491411,0.5195022878293448
L01_seed2026,train:002261,14,3,4,0.5884828212011766,-0.0003653779490617737,0.0031531132734677987,0.003174212400104852,0.0006892792323895947,0.004946004132365364,0.004993802432773933,-9.752963329745512e-05,0.008533855095789222,0.008534412388987233,5.931383950397162e-05,0.007463277072426291,0.007463512764868875,-0.0012977529868294368,0.014165077316321252,0.014224400802571039,-0.003001249033559361,0.009878457278676174,0.010324311791498321,1.0227988325059414,0.0031318438993842854,1.0228036273995742,-0.0016324029809311469,0.004871892624701961,0.005138100547748969,0.07986771955620497,0.00796963302280724,0.08026436119241731
L01_seed2026,train:002310,14,0,1,0.5840012408636344,-0.003178110627231945,0.16059213275609033,0.1606235770063308,0.006008771242250077,0.14962279184708163,0.1497433977574865,-0.008004983443242963,0.1714035762940478,0.17159040103198095,-0.041559019082342274,0.3021933580442141,0.3050376660563824,0.018271393564646132,0.6830273795226083,0.68327172120637,0.026794290673933574,0.34594799310773167,0.3469840744875568,0.9181128651835024,0.1600600689952182,0.931960545786255,-0.23403523305478302,0.1476194906747067,0.27670201361404373,-0.3957402096129954,0.16893886730884172,0.4302913598855222
L01_seed2026,train:002334,14,2,1,0.5822421891688667,-0.016099570025289722,0.308024554672465,0.3084450071506582,-0.02245425307228288,0.234155889090228,0.2352300445875681,0.005466445913498319,0.26108906651909985,0.261146285990707,-0.0625051878287195,0.6723911311215461,0.6752901092985264,-0.03789274115115404,0.7464478788358803,0.7474090551033841,0.010974126897963288,0.6177643511830735,0.6178618171191811,0.913004127331078,0.3056174274042717,0.9627972519989807,-0.2548027356242528,0.23262240555435387,0.34501828596104467,-0.344017817540589,0.2579473434709281,0.4299826633587672
L01_seed2026,train:001044,6,3,4,0.5802366172281856,0.0007855931949762862,0.0045656360225052334,0.004632730184026527,-0.0008006788621059968,0.004306285137039663,0.004380088848609359,-0.0012076755463112931,0.008144089128997386,0.008233144476213913,0.003473457840843963,0.007227677634954728,0.008018992041830765,-0.009191387838939136,0.019613824114744934,0.02166064880861024,-0.0017195051778315928,0.009042483422619783,0.00920452087318744,1.0101171368733048,0.00457779624128194,1.0101275099825513,-0.023288717253308278,0.004315454540546678,0.023685174671005987,0.18219322990626097,0.007192043589900181,0.18233512693574624
L01_seed2026,train:002492,14,0,1,0.578968189761215,0.024835784897732083,0.23097659346358146,0.23230799155329762,0.01129956315344316,0.17224758574340107,0.17261781750992264,-0.009908993403428212,0.20384738682253636,0.20408808212300383,0.007986533932125894,0.32619087392580365,0.32628863136298286,-0.005387947940107551,0.7996606754809951,0.7996788267134041,0.0031140022888394014,0.43426201891558297,0.4342731837022556,0.9092700178734958,0.2309936213890028,0.9381524495123772,-0.2552771187218923,0.17029181053510484,0.3068643154201464,-0.46657589147798717,0.2012983687354198,0.508147710576383
L01_seed2026,train:002251,14,3,4,0.5772357892400288,0.00038977014116881037,0.0029699485006616628,0.0029954156405295764,-0.008087863081712499,0.023425025332844247,0.0247819559573679,-0.0036799638182856143,0.01402802989350924,0.014502681007216564,-0.03696493509414722,0.016647185634788328,0.040540537935178166,-0.050995976893318584,0.018968943375261567,0.05440965421759049,0.07564881353755482,0.026931277709439875,0.0802996681730548,1.0220396602526307,0.0019257614129845019,1.022041474543148,-0.004074998497458182,0.0032422618685290713,0.00520748257590979,0.09352350851986557,0.004776409770116573,0.09364539890543172
L01_seed2026,train:002256,14,3,4,0.5755625968215037,0.0005986178838526257,0.006096120744180982,0.006125441330916645,0.0002260001426819258,0.0072819021781198945,0.007285408389115844,-0.004535101015960663,0.012292622994105619,0.013102508206453511,0.003096698619387439,0.008236341471046084,0.008799253557375743,0.001186206894544739,0.029409487040231344,0.02943339964676525,-0.0045528023961196595,0.013521993901195224,0.014267877512863422,1.0231038443744183,0.006001969651835284,1.0231214492978902,-0.00044410639060288304,0.007025843308233404,0.007039865387777128,0.0807185047888197,0.011420024863792103,0.08152235266006704
L01_seed2026,train:001040,6,3,4,0.5754944526355352,0.002534530401703705,0.02225716444228201,0.02240100920422879,-0.04005942853518718,0.06119135012322422,0.0731378092676338,-0.008138612062964512,0.05119958418768705,0.05184239989915094,0.00920806926296791,0.15739713149076665,0.15766624731080936,0.015433761362601217,0.1543143082971942,0.15508419240863722,0.0363731970801382,0.16773696127172194,0.1716353624475496,1.0147165940143168,0.021435069262591665,1.0149429680343167,-0.014716479427079321,0.058158146837591476,0.05999120610814972,0.13486001737601327,0.041171662642873995,0.141004716557416
L01_seed2026,train:002312,14,0,1,0.5741970195842857,0.003306327447546664,0.17357229551347705,0.17360378328541173,-0.010116572820152214,0.1440785547020683,0.14443328899759336,0.012533687116956571,0.17295389945737136,0.17340745269525265,0.07939809561230504,0.3585087858780902,0.36719559792928225,0.0070553706505052105,0.7601012117716535,0.7601339555576714,-0.05160768712448771,0.37103392130421303,0.3746058250063925,0.91923867771402,0.17340595198933753,0.9354514262059513,-0.25293209352912527,0.1400835467938949,0.2891332634260256,-0.3821564473910257,0.16679152784271492,0.41696878065706183
L01_seed2026,train:002302,14,0,1,0.5740711896906288,-0.01024601257267932,0.16106618911499415,0.16139175335086536,-0.01315820696981973,0.15946772974304868,0.1600096723328394,0.002951994059685603,0.17934584680393592,0.17937013975227112,0.06270059900543856,0.3609516095126984,0.3663569700789768,-0.02380589240237896,0.6706185184023054,0.671040921060092,-0.03678800111765668,0.3646948921494112,0.3665456607110543,0.9084322559647262,0.1604860299626403,0.9224992842763247,-0.25653982741096115,0.15398693493753982,0.2992067164679026,-0.388329630746739,0.17602515709719227,0.42636223806405493
L01_seed2026,train:004750,23,3,4,0.5737943023406611,-0.0006432322249452227,0.002369997198618008,0.0024557350053833553,-0.00012273965599263192,0.003196618673726058,0.003198974205642698,-0.003465925679222437,0.008622368986107529,0.00929289447623734,0.012703773196562906,0.005985501765891125,0.014043222024136623,-0.009458153444029449,0.017177533068007747,0.01960929139141203,0.013090859492876916,0.004562427472368975,0.013863129037229395,1.0178903136402369,0.0023486513709810326,1.0178930232425616,0.057768489234149456,0.0029471639095039297,0.05784361782863797,-0.11852638085838407,0.008024477188356494,0.11879770702136119
L01_seed2026,train:002350,14,2,1,0.5729355007381329,0.0005575718987529399,0.3537439419339436,0.3537443813566338,0.013551961297253001,0.23121211671167316,0.23160893456275516,-0.011270960073488823,0.25718738799848184,0.2574342383725596,0.06847201470372966,0.5219736776616619,0.5264455688570551,-0.07646930860937573,0.8712021679571125,0.8745517552508648,0.038571735083678504,0.620519283159474,0.6217169448552234,0.9216822215821594,0.3527568361751203,0.9868817067150983,-0.24627971310110297,0.23012940368847806,0.33706563088985514,-0.39210316180833615,0.2534402822622727,0.4668799269333334
L01_seed2026,train:002252,14,3,4,0.5726549764237332,2.32114850717835e-05,0.005055054691624379,0.005055107981868724,0.003637297365912673,0.008822396442506094,0.00954277795596332,0.004770675259237578,0.012917539692556951,0.013770336747439616,-0.015229496188112535,0.01263013869728636,0.019785296501605036,-0.017669035038125003,0.040885378962482705,0.04453997094839996,0.03844303398363991,0.0179140380769611,0.042412022141016865,1.0219386368989944,0.004733602813886385,1.0219495998250474,-0.0043179760406246714,0.004861992370066056,0.006502606161685426,0.09524320298805833,0.012463622879288603,0.09605524249462706
L01_seed2026,train:001045,6,3,4,0.5695932655629512,0.00034232145465562525,0.003739498765128235,0.0037551344839716638,0.00047868599932598954,0.003759422539643951,0.003789775470596338,-0.001480071628833457,0.0070547784773634555,0.007208363988530847,0.0011584252930312289,0.006981753418281469,0.00707720495345581,-0.005748887787774493,0.014921978749751225,0.01599109629151328,0.001190630826968686,0.006843909052581932,0.0069467037425055824,1.0104888007044792,0.0036092800439727355,1.0104952465259858,-0.022131085162982345,0.0036080500694321022,0.022423268178272015,0.18088656303007156,0.005683130211699437,0.1809758178703309
L01_seed2026,train:001046,6,3,4,0.5668432273115297,0.00032503761993663005,0.003516552343734895,0.0035315421334880677,0.0011174373664744053,0.0034872857483075207,0.003661943221616359,0.00017025504322987217,0.005935286946269228,0.005937728346286912,-0.0008925735290290504,0.0062093793372167,0.0062732032693176044,0.0015169460579045335,0.01785578621629686,0.017920106772692204,0.00015105281993044173,0.006933281321172657,0.006934926591747789,1.0110609643161297,0.0034557228754714597,1.0110668699865772,-0.02095548889337806,0.0034356279271798885,0.02123525497879669,0.18103402003180236,0.005554615752972476,0.18111921533906386
L01_seed2026,train:002496,14,2,1,0.5623871068148664,-0.005626514752293588,0.3136991914859854,0.31374964606708117,0.0032834941844157584,0.22090327744866456,0.22092767893955878,0.001962654486305837,0.27344408801313597,0.27345113143296423,-0.3943137977803417,0.6520357443351434,0.7619934271439884,0.08499015088455053,0.8567809163560826,0.860985983846048,0.17746041541249724,0.6366079091514671,0.6608795873928766,0.9108232329599559,0.31259752494538867,0.9629725719362981,-0.24439478541899007,0.21969882205776878,0.3286280322090089,-0.39747924112089095,0.2728564134105958,0.4821207000962864
L01_seed2026,train:002250,14,3,4,0.5614931588807618,-0.00612837977325853,0.014066593826338918,0.01534360128915244,-0.012916311291021998,0.05683177377275973,0.05828105702134033,-0.007492854270367388,0.035492729386286864,0.03627501487808315,-0.06891818030271679,0.02630674817396414,0.07376828977091814,-0.08348438884058851,0.05701106725237192,0.10109354563641068,0.1442998874699697,0.05763415659469826,0.15538389083244156,1.021638810634613,0.013300621927492534,1.021725386754467,3.764764687730349e-05,0.017969416695798837,0.017969456133466292,0.09438485119608231,0.01659598971411615,0.09583280758642966
L01_seed2026,train:004746,23,3,4,0.5611615872517246,-0.0016486904614083642,0.00831728209937576,0.008479113264848829,0.005620365344711331,0.01119274090173376,0.012524613986122524,-0.012236853410797721,0.02061305464118883,0.02397162078454413,-0.1822699593321886,0.06641311771592565,0.19399237170493863,0.12024458954692818,0.054763327376989836,0.13212790523091097,-0.16146617135382257,0.06664746506731314,0.17468030539119378,1.0189103092998266,0.0023873199912858418,1.0189131060567478,0.055545897397678345,0.003644297188955236,0.055665317925211184,-0.11163323931396008,0.009369747355510383,0.1120257661666903
L01_seed2026,train:001290,6,1,0,0.5597668603075723,-0.021254132153444516,0.3136407383486132,0.31436006566588465,-0.043031323704326496,0.2072308001122158,0.21165136270502885,-0.01658899593167007,0.11817498795027377,0.1193336606455543,-0.5203168246371206,0.4457793653127467,0.6851633677737677,0.15334910550154746,0.5492031392877208,0.5702105193361592,-0.05640842380671529,0.45584515189048713,0.4593220142540735,0.9836093061603606,0.31370247019928366,1.0324226397044955,-0.32835171008628095,0.19866254969083003,0.38377292005331304,0.014092528840592422,0.1157731852859447,0.11662774026952855
L01_seed2026,train:002307,14,0,1,0.5570133413871828,-0.0007335196860367432,0.17959596095521765,0.17959745889783035,-0.01783620476589931,0.15578118408435054,0.15679893977694298,-0.011359364690520124,0.1821810925786972,0.18253488888248207,0.013237218783558546,0.38243021086672274,0.3826592350181684,-0.005028079374824301,0.6831005036628209,0.6831190084360113,0.009962933840142796,0.42896072115143263,0.42907640385071305,0.9361366359516978,0.17905463532342086,0.9531066905660482,-0.23131605954404222,0.15144610423855856,0.276483348308753,-0.38870273048189574,0.1797378716197379,0.4282470258839805
L01_seed2026,train:004747,23,3,4,0.556976893659737,0.0013410078202298337,0.003964566963571428,0.004185223193876228,-0.0011591812026523485,0.003493976861262841,0.0036812464421202068,-0.0018087732134404177,0.01039594644097228,0.010552125991534775,-0.08383525101817213,0.048285951861445624,0.09674648551986667,0.056618870698002866,0.03485787441156891,0.06648885566476444,-0.06701129973953357,0.04423960961364122,0.08029730600430496,1.0185446664690971,0.0026540843986509527,1.0185481244185959,0.057119596283882856,0.0027956375069414746,0.05718796961515579,-0.11318354785908014,0.009781328684223883,0.11360541314918715
L01_seed2026,train:001043,6,3,4,0.5566791800429793,-0.0014302200481353111,0.006209749990582742,0.00637232487649763,0.004829365720979695,0.008502209774176261,0.009778054219069972,0.007133195525796054,0.008821434542933236,0.011344610429824929,0.004410021732610403,0.009860676750977753,0.010801908982646042,-0.010544517061362058,0.025412932942893304,0.027513705690389058,-0.0103763212089234,0.015291464958572441,0.018479635884129385,1.0092248390428722,0.005880119310263452,1.0092419687786542,-0.022839723910010434,0.006222447837515297,0.02367217449614845,0.18385115615092218,0.007419379155533221,0.18400080109902872
L01_seed2026,train:004838,23,1,0,0.5544429278114089,0.006686179107418866,0.16876289084668017,0.16889528802777468,-0.0059316854461712865,0.16368359587681408,0.16379103898381164,-0.029168569067678618,0.21290656076127754,0.2148953443810533,0.2674742133276595,0.4336640792928824,0.5095164260985054,-0.05659746576566249,0.5499307947359569,0.5528355561376425,-0.05562553736899645,0.3743346058045264,0.37844497289621876,0.9717583544552326,0.16895742459386157,0.9863371182202015,-0.1797722252181302,0.1537509352877021,0.2365531717431015,-0.30896829544508364,0.20587503235553406,0.37127609206308004
L01_seed2026,train:002498,14,2,1,0.5541600984204273,0.010506517945032101,0.320370892993403,0.3205431265784992,0.01036469500468229,0.22930231675658613,0.22953644454090041,-0.004709939332315116,0.2867672922462366,0.28680596826208576,0.14647941299335798,0.46333709925881933,0.4859397966625657,0.006330678690574132,0.9131122799863652,0.913134225267338,-0.04535300830320921,0.6149131518650832,0.6165833923313228,0.8984953046310693,0.31886823696106137,0.9533995830640654,-0.26430618645918,0.22394869253218394,0.3464257165504165,-0.45177523723759805,0.2815631153009171,0.532333216020798
L01_seed2026,train:004352,21,1,0,0.5525498455727522,-0.013513049229004537,0.2937323509295883,0.2940430180808385,-0.03396579520284604,0.19412313491076688,0.19707223739366608,-0.02348066879540056,0.15577622732091762,0.15753594766089896,0.6187315637507709,0.31904208772341924,0.6961440955149962,-0.27530756850683247,0.42599286374541095,0.5072121619590372,-0.23383746277613682,0.5341882873256402,0.5831269890113832,0.9106171163730323,0.2920650739876435,0.9563082871516614,-0.4383558840781916,0.19329281292686284,0.4790803613540761,-0.307413240254391,0.1510873294522655,0.3425350805460972
L01_seed2026,train:004748,23,3,4,0.5516613296717258,-0.00016450594334571633,0.0030765112507515307,0.0030809063084418537,0.0008563431809136546,0.003274217319119479,0.003384349671106587,-0.001315578942751472,0.010083805184282747,0.010169261278439977,-0.02109147375495013,0.025530919809611436,0.033116130985979625,0.01780424286471316,0.02619372096298431,0.03167178684369376,-0.01149330447549346,0.022646807623844432,0.025396337202790015,1.0186066646128893,0.0029011898964710365,1.0186107961810589,0.05780183681054041,0.0029596212626821785,0.05787755779825946,-0.11563236266374588,0.007501228788119019,0.11587541468547916
L01_seed2026,train:002317,14,0,1,0.5486882809795265,-0.004807790515769739,0.21454644058958922,0.21460030293386273,-0.05112818855923251,0.16194957684045844,0.16982861097044863,-0.00277804985671537,0.19491221800454006,0.19493201452931158,0.3137496283670771,0.3616921833173906,0.478811095081745,0.018425912985549076,0.7893484219323672,0.7895634524700782,-0.15167431410191057,0.4288886150540781,0.4549181703133985,0.9214481003582478,0.2137544610252753,0.9459162601742447,-0.26688690417449834,0.15462798659487786,0.3084451877696159,-0.40898824314717785,0.19099164214797248,0.4513858553421831
L01_seed2026,train:004749,23,3,4,0.5469731347020735,0.0001500574388728637,0.002800884098020336,0.0028049008833654484,6.189033393866339e-05,0.0031845987497274865,0.0031852000895078647,0.0007723096216523118,0.008335072575160075,0.008370776366913784,0.006434364029701101,0.010398260756993405,0.012228036115302427,-0.0014866055239508569,0.018233050888936085,0.018293554621843566,0.010922173739913887,0.0075622001082432284,0.013284605740554681,1.0187391554936767,0.002684384564354888,1.0187426921732783,0.05772037789574824,0.0027574394275321603,0.05778620507201084,-0.11471430608071387,0.007117518439446832,0.11493489934878602
L01_seed2026,train:001042,6,3,4,0.5457452329105322,-0.0018997657346915275,0.008466215582848893,0.008676745711496993,0.006102027369692564,0.009393812915505381,0.011201716793063145,0.015693930903580622,0.012762405304308309,0.020228159984482023,0.0021984235248737605,0.01913393261989998,0.01925981421243702,0.0005173216966340988,0.03686149825693706,0.036865128176692706,-0.022842199707838517,0.020894824193790528,0.030957386284733275,1.0120862815529108,0.009019669729625621,1.0121264722106764,-0.028947123994157664,0.01095144708589335,0.030949477876181696,0.17252630647271872,0.013507991894976317,0.17305430439649055
L01_seed2026,train:004931,23,3,4,0.5431986479858532,0.003101699382455081,0.006539258799481843,0.007237571740972447,-0.0001850616855563203,0.011316822371825885,0.011318335408659695,0.008431322713136069,0.030843896308760905,0.031975508474434595,-0.10527655615805998,0.05833352484617547,0.12035760631335489,0.05521875478325455,0.09120624923788603,0.10661937337959075,-0.060410975645197595,0.056334420443240406,0.08260177301414565,1.0188694298267365,0.004906143202992669,1.0188812419887743,0.08023118879646063,0.01116851820621796,0.08100481130535353,-0.07964250462828204,0.0213118940109359,0.08244468066406281
L01_seed2026,train:004348,21,1,0,0.5428457086697311,0.012350927544503065,0.23215036651134413,0.23247868307128927,-0.010688811463296588,0.20517278215037726,0.2054510190430412,-0.009925157776706328,0.13606126346769165,0.13642278465607244,0.0033799176453612745,0.41880966553776955,0.41882330378233235,-0.03855359591761953,0.425459758936003,0.4272029801301261,-0.03427549120897311,0.5168591668346416,0.517994408887409,0.8801223519258201,0.23083686650203084,0.9098906600773048,-0.44234977969608735,0.20272327961642433,0.48659023386789835,-0.3199054650613107,0.13527248601600525,0.3473300333242776
L01_seed2026,train:001048,6,3,4,0.5395328896331734,-0.0005979353114753394,0.004982054587515192,0.005017807743396541,0.0024542443895683164,0.0049795248932680836,0.0055514848181728894,0.0023435452496585185,0.010374206428820799,0.010635617676702363,-0.00046337366495663446,0.009450436084746076,0.009461789331053936,-0.0007464214179435658,0.02067115109697095,0.020684623095598535,0.0015337123840026834,0.009613096716578989,0.00973467524672215,1.0099099604412913,0.004744674489237489,1.0099211058961681,-0.015615994085237617,0.005004203562260842,0.016398211017142093,0.1879666227614507,0.007572255240041258,0.1881190854798254
L01_seed2026,train:005059,23,1,0,0.5371691871465067,0.0018414651549392147,0.2177042021119954,0.21771199004909536,-0.031123008349823067,0.13710540738303906,0.14059350761117048,0.020366151121379517,0.17518386655539994,0.17636373553766388,0.27476344217757287,0.350552398038516,0.4454008676774469,-0.05275511463696603,0.4230188797665808,0.42629575972478584,-0.1847306323616067,0.3359035625184057,0.38334920091905184,0.922113909618929,0.21547656210641927,0.9469552318509613,-0.21436987433051513,0.133279264466093,0.25242386051461857,-0.35016574045585,0.16980570562250172,0.3891658045755683
L01_seed2026,train:000325,1,1,0,0.5362030738006346,-0.008100323916778507,0.2168688742848162,0.2170201001776567,0.009054203412233619,0.1632327412926061,0.16348365798858605,0.004808443452930078,0.17823810301681,0.17830295144913055,-0.17114511143881828,0.3468005209283384,0.38673149662986134,0.10430577573424671,0.7457363927390428,0.7529956588898522,0.018496149758902902,0.19823911589338306,0.19910011206951625,0.9476267183199525,0.2166470531221712,0.9720763050812232,-0.35995121335145086,0.16241356715285366,0.3948962430670824,-0.08280914406395823,0.17232852845745075,0.191192248956164
L01_seed2026,train:004752,23,3,4,0.5359811977274425,0.00040729899958558136,0.002740741942136219,0.0027708408233689695,0.002203390212685008,0.0036601395988362373,0.004272183319138491,0.004551898717856773,0.00875613998984855,0.0098686255101433,0.004088747997286646,0.007494584729541503,0.008537368473574995,-0.0028166992424303317,0.021902276914206487,0.02208265221047712,0.004490448470022557,0.0048033549362248035,0.006575435050647455,1.0181024260818958,0.0026959697619947723,1.0181059955853318,0.0622712129552383,0.003656384248008035,0.06237846670675482,-0.11361233034403995,0.007630409616128183,0.11386827809848167
L01_seed2026,train:002497,14,2,1,0.5359451288946024,-0.0021400967561930884,0.304439764617929,0.3044472865616409,-0.02231323294017784,0.22450564742464704,0.22561175964431146,-0.04024414714604063,0.29994211503323165,0.3026299121866848,-0.33613194761710474,0.7134320869115238,0.7886507648153269,0.06397957539593335,1.0411971317894648,1.0431609910816508,0.1537780320359161,0.6997099728679702,0.7164089120521427,0.9085688858758658,0.3022727194044883,0.957531313993384,-0.2705948368529789,0.2229615174165056,0.35061860187411764,-0.4657393827656051,0.298258526078966,0.5530563452648238
L01_seed2026,train:004763,23,3,4,0.5326326015964579,-9.014742536805898e-05,0.003252893596124182,0.0032541424839742654,-0.00010240371688041705,0.0035556666523536627,0.003557140967672047,-0.0007159383495576321,0.00853319364462162,0.00856317473236288,-0.002016421982283134,0.008187046469389938,0.008431707270925912,0.006055131553921456,0.03585169184404546,0.03635943379943768,-0.000790340106213705,0.005528610906530746,0.005584816562726174,1.0180589091032743,0.003190765353649248,1.0180639092847221,0.07225467232638039,0.0034717255640115572,0.07233802977261967,-0.10285889590159059,0.007246857103661722,0.10311386620612739
L01_seed2026,train:004745,23,3,4,0.5317061600615123,-0.005337066088486608,0.019124161302110265,0.019854919288226924,-0.0005002086053025323,0.03619473502516046,0.03619819128341078,-0.03737151978293696,0.021950349737026288,0.04334106995061633,-0.26451409503351897,0.039446356068734874,0.26743919211383904,0.11788146474009409,0.08688937323143649,0.14644385582817027,-0.26362158625852317,0.05721946676275322,0.2697599082852635,1.0195107636973262,0.0071789656023980835,1.019536039010797,0.0563201717013726,0.016595723965910514,0.05871439171467918,-0.08192562754175015,0.057797515251262234,0.10026146426882793
L01_seed2026,train:004751,23,3,4,0.5291107356093541,-0.0003745922180704575,0.0025762580353341172,0.002603348765429356,0.001723920743742724,0.0033842067709275495,0.003797993970387307,-0.00032684910081570706,0.009962345141629629,0.009967705405741862,0.010264109920626652,0.007749494920507339,0.012861050656368455,-0.0036856774659099756,0.0195000446180165,0.019845300665078138,0.008001374949998308,0.006157324790988072,0.010096269096660247,1.0175610492005944,0.0025308375207379144,1.0175641964951256,0.05978684945148416,0.0035637024327575934,0.059892965716882594,-0.11824827187228948,0.008327043380348618,0.11854110448380804
L01_seed2026,train:004756,23,3,4,0.5217628854186791,-0.0007361100364775552,0.0026412123929364082,0.0027418717859163024,0.0002890945869182815,0.003527275986471111,0.00353910321478778,-0.008583612477846003,0.009050246489681365,0.01247338625609836,-0.001599915790848172,0.015375363742360744,0.015458380922583927,-0.016024541214278543,0.026182425424539177,0.03069699207153149,0.0005480262630896959,0.005710773771928343,0.005737008790230386,1.0190674811601639,0.002668325554789778,1.0190709745250266,0.07055190950632095,0.003222323984945708,0.07062545792313178,-0.09491850034100935,0.00960900119819585,0.0954036404494772
L01_seed2026,train:005058,23,1,0,0.5188945797217056,-0.03009778283376363,0.27258130691436544,0.27423793576136013,-0.010348931813496165,0.16483332764877917,0.16515788292857894,-0.006838834057589338,0.20053035998269253,0.20064694098354824,0.41310249212256167,0.36346355122138113,0.550235787698627,-0.020726360347907757,0.494667767293915,0.49510178954717804,-0.14786111656212597,0.4432645335005786,0.467275460997562,0.9025634401477873,0.270990045207288,0.9423674273301558,-0.18352027612789357,0.15993180383921946,0.243429401735544,-0.3720117736756947,0.20112501400424518,0.4228995519169347
L01_seed2026,train:001308,6,1,0,0.5173611488100844,0.02283339483983582,0.33347433497768053,0.334255136099235,-0.02372207738419263,0.23918798742464925,0.24036145756688154,-0.021586008899248554,0.125260658104164,0.12710699527912184,-0.046985533541374025,0.7541523337706233,0.7556145729760941,-0.01688993385323556,0.5660888202580601,0.5663407298497336,-0.013988705879455665,0.41658232763561215,0.4168171296749768,0.9939595251344144,0.33275863546680856,1.048181209087037,-0.3811059956497047,0.23905606473014507,0.4498772966092155,-0.07758667002508446,0.12446946977738918,0.1466708569288587
L01_seed2026,train:002343,14,2,1,0.51338947674621,-0.011521012109369622,0.31992510897032495,0.3201324867452513,0.0010414013768240693,0.24156285587757947,0.24156510065934583,0.017186401814797136,0.2425164593262942,0.24312467059412496,-0.21728451688977657,0.6090226637159462,0.6466228933464157,0.053504595223785145,0.7757611152193191,0.7776040442258404,0.03473444722476415,0.75624094198708,0.7570382052192056,0.9073375922162086,0.31907659483885614,0.9618063108665208,-0.2518541095269029,0.2395095723403893,0.3475562223990032,-0.3680918452446349,0.24035149680045986,0.43961397674530517
L01_seed2026,train:002481,14,0,1,0.5132140172804899,-0.007970671356815728,0.21488451334928346,0.21503228985256315,-0.02858944715671896,0.16150665768318362,0.16401755078259117,-0.0036340591555017454,0.19474900069469203,0.19478290391491454,0.4258371069918212,0.2977262933875478,0.5195942527255781,-0.041950789745897055,0.8359759049978638,0.8370278265967636,-0.2211848686238227,0.41718177836708215,0.47218998539746576,0.8892002329230309,0.21384303837186602,0.9145522944536763,-0.27258827442710754,0.15807553478225744,0.31510671533917645,-0.446905690128915,0.19101766799859357,0.48601691879730147
L01_seed2026,train:001047,6,3,4,0.5126075867028153,-0.00020510985902078005,0.004453768956697366,0.004458489427363114,0.0023158817330539705,0.0046384446795309335,0.005184445702923494,0.003368758182205056,0.008368073257059594,0.009020708493554677,-0.0014991901843472988,0.008158781972855907,0.00829537789913406,0.003984906936125299,0.019201448120477,0.01961058625367812,-0.0005771070655242738,0.008524956326476601,0.008544467972519499,1.0107392612844706,0.0042902739116399595,1.0107483666828823,-0.0183427421397937,0.004966839292117764,0.01900330712693684,0.18483807588927448,0.00816268230461397,0.18501822526674297
L01_seed2026,train:001304,6,1,0,0.5098773961149603,-0.009305694584327284,0.3248269615607654,0.32496022973357175,-0.026914150786979008,0.20997104650154283,0.21168895077811054,-0.025579562037819414,0.15956773463605167,0.16160499970894485,0.21014700550153975,0.7739043744195571,0.8019287653320525,-0.10991734567505773,0.8287662924044272,0.8360235584635344,-0.0420519039194005,0.4122839417507362,0.41442298590784143,0.9649730250239372,0.32376989887725893,1.0178407962165983,-0.37469796801451594,0.2096813838502266,0.42937728161554295,-0.05042047197161992,0.15714492264844765,0.16503560436471731
L01_seed2026,train:001311,6,1,0,0.5094651294029514,-0.028036171217081574,0.3103602256534786,0.311623966607499,-0.040925683784735156,0.21946127575624363,0.22324462625068076,-0.024251264806252948,0.1705402273863128,0.17225589395338053,0.08809909808041994,0.8043017758900572,0.8091123517673445,-0.06050754813622916,0.8016867747810287,0.8039669447435422,-0.0052748571470147,0.42113440051132045,0.42116743394041123,0.9429002176038921,0.3104106914601977,0.992681025168843,-0.39509809583387323,0.2203902925982213,0.4524095339436185,-0.0704345013728016,0.17058353238860394,0.18455286642533916
L01_seed2026,train:004755,23,3,4,0.5041220050568568,0.0010710506849491708,0.0028662384903001418,0.0030598157874303683,0.0012972898649081799,0.004371539865424869,0.004559969494261158,0.00822528883418272,0.02048903868862235,0.02207840761444526,-0.00018834007312307222,0.0062511851604551555,0.006254021737525282,-0.00580800845966678,0.024085419417476904,0.02477580252551538,0.001454211723526555,0.005165185984321304,0.005365992731030421,1.0199511488899589,0.0024775123576845836,1.0199541578862403,0.06991287198616192,0.0029604167912583488,0.06997552241270821,-0.08619915193412453,0.009138349979638903,0.08668219675638505
L01_seed2026,train:004753,23,3,4,0.5014706102011183,-0.00011569717442938554,0.0028689040283132604,0.0028712359986324694,0.00196363360896612,0.004446120931061547,0.004860437046592097,0.002373460714231612,0.013783785408241876,0.01398663847900783,0.00329421721022527,0.008135027928501933,0.008776704758942893,0.004196720084109984,0.03540323587745691,0.035651108959739594,0.00013044001889284118,0.00974999672194232,0.009750869226710753,1.0178165510296822,0.002704025763278944,1.0178201429060472,0.06459411318064667,0.004361553564997753,0.06474119713980069,-0.11185606161598116,0.011535857912794408,0.11244934209688537
L01_seed2026,train:004759,23,3,4,0.4988576582275535,0.0005097923513517344,0.002613555934561571,0.0026628110831560573,-0.000895092174630463,0.003774198173017825,0.0038788866766503735,0.0037768683924923607,0.01021178704180792,0.010887852379668083,9.183158419290294e-05,0.0070940134352741845,0.007094607787588122,0.0022698045371498665,0.018830906095266577,0.018967209520791773,0.0017709351918711036,0.004457607599103096,0.004796506745683697,1.0190185885876417,0.0024542266322187356,1.0190215439898764,0.07266179373255,0.003800445018232392,0.07276111358939093,-0.09795225400011986,0.00674626022474373,0.09818429655868578
L01_seed2026,train:004147,21,1,0,0.4943408139448109,5.093338677397696e-05,0.21370071906304217,0.21370072513276867,0.008599177738233266,0.18153003789345018,0.18173359765153824,-0.008076251911916188,0.12830276808858823,0.12855670400309266,-0.02778357766510453,0.40561573588273997,0.4065661722076365,-0.0008392680138058495,0.3067937350887544,0.306794883041598,0.015307188770748326,0.45088319416358086,0.4511429538485741,0.8822991929482669,0.21207736812303668,0.9074297085433984,-0.43437488260678947,0.18039698292239084,0.4703452031084866,-0.33252955437637866,0.12706656994409052,0.3559800805257359
L01_seed2026,train:002510,14,2,1,0.4582015938495037,0.00902808683834877,0.3712752542824978,0.3713850034593402,0.00017761138587957248,0.31347799616831995,0.31347804648413513,0.033403812796223065,0.31064741797275724,0.31243820669448547,-0.49284451377207006,0.6168687144419028,0.7895712289669844,0.15446760002032534,1.0183517892039022,1.0300002941896804,0.17533838837698568,0.7816792237134875,0.8011029641837304,0.9003146826289594,0.37092839916740716,0.9737322039791942,-0.23927013562115462,0.31227442029096375,0.3934024801246469,-0.4009534956421703,0.310438430619221,0.5070855202754273
L01_seed2026,train:002502,14,2,0,0.43040409802740215,0.026458390668267384,0.32463487598216784,0.32571129722610503,0.012325469815550605,0.22954923009876368,0.22987989526078442,0.029223032886875444,0.25841615792675654,0.2600632544761635,0.5896781144620036,0.43503878255690454,0.7327885240668398,-0.10644059938658756,0.6937614360135044,0.7018792854168697,-0.33113493906421354,0.5473625490253023,0.6397312779163896,0.910409479169175,0.3242909980639404,0.9664419647275232,-0.25818659097421914,0.226494023481008,0.3434528474645452,-0.40052355116495164,0.25449492625792614,0.474538494253955
L01_seed2026,train:002335,14,2,1,0.43008008411973,0.015502621316045406,0.3054538548960964,0.3058470021735609,0.03245740350212145,0.2181661369570531,0.2205673283985259,0.0037169133070165117,0.22397439790440812,0.2240052373521075,-0.08154041114721622,0.5287660634912407,0.5350162507345733,0.06022461243264843,0.7283201648900671,0.7308059020890275,0.07481517172436725,0.6230935976361368,0.6275690729595352,0.9414369454607368,0.30586512654090264,0.989877264064755,-0.21429970024473732,0.21521187568552222,0.30371123285296003,-0.3559946700479486,0.2216383763470939,0.4193516125786615
L01_seed2026,train:004941,23,3,4,0.4274099656671224,0.00242476942094072,0.013357866727306733,0.013576159628157645,0.03281953720488673,0.10499547730884226,0.11000532840573929,0.026668860326935828,0.16854643956072812,0.17064328407451548,-0.01318975830895397,0.02583915730983841,0.02901089062285396,-0.07059145155062652,0.17303730586009153,0.18688248246249115,0.03286200635739078,0.07053746877015378,0.07781674602766175,1.014446709305048,0.01076012617422225,1.0145037734454838,0.1035973459656816,0.04108462733368289,0.11144665402909469,0.01732223923863785,0.08987455792533801,0.09152866291231147
L01_seed2026,train:000299,1,2,0,0.4261402723466845,0.02734047779813409,0.33896463835523916,0.34006547572714335,0.004805231055797776,0.2245022440792762,0.22455366361324525,-0.020206088055601867,0.14312542035280426,0.14454470569923222,-0.19534525933340774,0.6255252037874266,0.6553179006538261,0.0748479328394751,0.7823085064412629,0.7858809148342402,0.015979135054294602,0.4737278746340105,0.47399729109177424,1.0088531102519482,0.33884568510642893,1.0642372838706013,-0.24831136021202838,0.21930669626392843,0.3312913500780645,-0.11179939411886153,0.13506349776009538,0.175331836677016
L01_seed2026,train:002509,14,2,1,0.418037120636111,0.014808945392360329,0.36310482573442704,0.363406685870338,-0.019309272921105958,0.2822612656425497,0.282920960875782,0.01735121107458326,0.3013761375268561,0.30187520732309436,-0.37683943494084815,0.4853864619016981,0.6144981506269863,0.131196077032655,0.8387742606316761,0.8489727150662578,0.1984272070840234,0.7485434945258881,0.774397003938028,0.8982401438988745,0.3625680275293448,0.9686541852993722,-0.2618462091600122,0.28255359911553163,0.3852271714516117,-0.4271633352364006,0.29960465894382987,0.5217580537290576
L01_seed2026,train:002351,14,2,1,0.4178140701257952,-0.010499613328647683,0.32025423952731774,0.3204263094929499,0.0016834011590844966,0.20918821368333776,0.2091949869941634,0.009880772547148808,0.2330816567817996,0.2332909950989903,-0.14404590013145935,0.6392703256773885,0.6552982303015602,0.041391967606614344,0.7149958165366144,0.7161929297662795,0.08225417583162198,0.7299963622680121,0.7346158440751671,0.9137523458339274,0.31944016620469495,0.9679800459213446,-0.2498066954285605,0.20460087046095207,0.3229007607211802,-0.359360439440934,0.22896018351766378,0.42610173793546474
L01_seed2026,train:002336,14,2,0,0.40384029055883747,-0.001755642206887842,0.30287427899157365,0.3028793673300051,-0.0015961529443302425,0.21558482717456037,0.21559073591438654,-0.015275183585799823,0.23126987204642283,0.23177377968603063,-0.11030918985488825,0.6293883825969119,0.6389818882522402,0.045769919466692954,0.7557313334219437,0.7571160636545076,0.03706561940271058,0.6963157755584831,0.6973015986166377,0.9411023501306772,0.3014737803040265,0.9882105411461083,-0.22790690986585105,0.2086096757957308,0.3089652996700456,-0.37606932136259275,0.22807955241052924,0.4398277125169677
L01_seed2026,train:002513,14,2,1,0.35571186638124164,-0.006826046022979426,0.34600193538345103,0.3460692621331771,0.009157413349385024,0.2908682069876654,0.29101232285845025,-0.002918205225796555,0.3083309674453595,0.3083447768449,-0.057787475926488696,0.8061427818797511,0.8082113443591215,0.08977229692754918,0.9879639474696086,0.9920341863037683,0.046742585738684284,0.6854690374605398,0.6870608929626377,0.8838177886791527,0.3440294875532878,0.9484145569801664,-0.2205104832401048,0.2890071867966226,0.3635244520508661,-0.438050430479052,0.3064996656285654,0.5346309237907074
L01_seed2026,train:002512,14,2,1,0.3421070239137847,0.0004039024861413054,0.3715633410481458,0.371563560576221,0.00502716572736972,0.26583138053614674,0.2658789109218783,-0.0206665284963492,0.3139998877883498,0.3146792572305755,0.045543457376879815,0.5797430808339571,0.5815292308084674,-0.05749158694015932,1.0758155413208528,1.0773506214396396,0.033949224758544005,0.7089261430951931,0.7097385618842563,0.8748629444744438,0.37001029572642097,0.9498909361384849,-0.21933833415823756,0.2640584744153333,0.34327275269363267,-0.4505296365387039,0.31137572042921896,0.5476602894792645
L01_seed2026,train:004850,23,2,1,0.3344206469177327,-0.001438675009922008,0.34301386478449436,0.34301688182971335,0.00918412549799541,0.19160259068182414,0.19182257666174116,0.01340005816291523,0.22041358892943216,0.22082054194191764,0.017835602960985852,0.45045072974294065,0.45080369193134356,-0.018481103506928775,0.9458263901888906,0.9460069299770385,-0.012310184974921867,0.4140101700228573,0.414193145207006,0.9855206829961389,0.34268090704332993,1.043398878984071,-0.09283774856157834,0.1894387902411069,0.21096422162536693,-0.16776632274195435,0.22053871526446006,0.2770972103375568
L01_seed2026,train:002505,14,2,1,0.31487687524253255,0.0033673423604341224,0.3912967784241875,0.3913112671515095,0.02571315422983389,0.2676391020447335,0.26887144743121855,-0.002647377648827387,0.3489753073451707,0.34898534889744565,-0.005068542375738616,0.6310973112720137,0.6311176644783282,-0.08387934711936396,1.154631824414367,1.1576745634346555,-0.018875775895139668,0.811648864536866,0.8118683232024928,0.8759684676770121,0.3892003969657534,0.9585393603617498,-0.2290737721550613,0.2654805109364812,0.35064896232050086,-0.4485491270243074,0.34422224798755596,0.5654071766115768
