run_id,sample_id,subject,true_label,predicted_label,predicted_probability
L01_seed2026,train:000030,1,3,5,0.7639387606927135
L01_seed2026,train:000150,1,1,0,0.8934671109663739
L01_seed2026,train:000151,1,1,0,0.620687170345519
L01_seed2026,train:000162,1,1,0,0.7636217269029406
L01_seed2026,train:000299,1,2,0,0.4261402723466845
L01_seed2026,train:000313,1,1,0,0.6764932338927662
L01_seed2026,train:000321,1,1,0,0.599966030624199
L01_seed2026,train:000325,1,1,0,0.5362030738006346
L01_seed2026,train:001039,6,3,4,0.7716014489585082
L01_seed2026,train:001040,6,3,4,0.5754944526355352
L01_seed2026,train:001041,6,3,4,0.6261662408630962
L01_seed2026,train:001042,6,3,4,0.5457452329105322
L01_seed2026,train:001043,6,3,4,0.5566791800429793
L01_seed2026,train:001044,6,3,4,0.5802366172281856
L01_seed2026,train:001045,6,3,4,0.5695932655629512
L01_seed2026,train:001046,6,3,4,0.5668432273115297
L01_seed2026,train:001047,6,3,4,0.5126075867028153
L01_seed2026,train:001048,6,3,4,0.5395328896331734
L01_seed2026,train:001195,6,3,4,0.8215428496409828
L01_seed2026,train:001196,6,3,4,0.8030786644960909
L01_seed2026,train:001197,6,3,4,0.866057561709633
L01_seed2026,train:001198,6,3,4,0.8481315790368639
L01_seed2026,train:001199,6,3,4,0.8675639467316312
L01_seed2026,train:001200,6,3,4,0.8668637163011316
L01_seed2026,train:001201,6,3,4,0.844548531849293
L01_seed2026,train:001202,6,3,4,0.8516247027876188
L01_seed2026,train:001203,6,3,4,0.8358819260523734
L01_seed2026,train:001204,6,3,4,0.8669639731336383
L01_seed2026,train:001205,6,3,4,0.8657219437538084
L01_seed2026,train:001206,6,3,4,0.8545146627844419
L01_seed2026,train:001207,6,3,4,0.8791636872490488
L01_seed2026,train:001208,6,3,4,0.8523345320728981
L01_seed2026,train:001290,6,1,0,0.5597668603075723
L01_seed2026,train:001291,6,1,0,0.8314554474651614
L01_seed2026,train:001300,6,1,0,0.6330573988182462
L01_seed2026,train:001304,6,1,0,0.5098773961149603
L01_seed2026,train:001308,6,1,0,0.5173611488100844
L01_seed2026,train:001311,6,1,0,0.5094651294029514
L01_seed2026,train:002250,14,3,4,0.5614931588807618
L01_seed2026,train:002251,14,3,4,0.5772357892400288
L01_seed2026,train:002252,14,3,4,0.5726549764237332
L01_seed2026,train:002253,14,3,4,0.6219794814865842
L01_seed2026,train:002254,14,3,4,0.6015390037210285
L01_seed2026,train:002255,14,3,4,0.6417422816972849
L01_seed2026,train:002256,14,3,4,0.5755625968215037
L01_seed2026,train:002257,14,3,4,0.5988644746967178
L01_seed2026,train:002258,14,3,4,0.6209933841032317
L01_seed2026,train:002259,14,3,4,0.606055963935511
L01_seed2026,train:002260,14,3,4,0.6300803635927296
L01_seed2026,train:002261,14,3,4,0.5884828212011766
L01_seed2026,train:002262,14,3,4,0.8507576532294036
L01_seed2026,train:002263,14,3,4,0.8335177830482862
L01_seed2026,train:002264,14,3,4,0.8060867236399187
L01_seed2026,train:002265,14,3,4,0.79098096943897
L01_seed2026,train:002266,14,3,4,0.7927004103255104
L01_seed2026,train:002267,14,3,4,0.8034385591316221
L01_seed2026,train:002268,14,3,4,0.7871280485812484
L01_seed2026,train:002269,14,3,4,0.7957787392243549
L01_seed2026,train:002270,14,3,4,0.8117896767984597
L01_seed2026,train:002271,14,3,4,0.7912232504753761
L01_seed2026,train:002272,14,3,4,0.8037296688313764
L01_seed2026,train:002273,14,3,4,0.7966600400594663
L01_seed2026,train:002274,14,3,4,0.7968638583289676
L01_seed2026,train:002275,14,3,4,0.7752964259910065
L01_seed2026,train:002301,14,0,1,0.6623000357823563
L01_seed2026,train:002302,14,0,1,0.5740711896906288
L01_seed2026,train:002303,14,0,1,0.7259254909552664
L01_seed2026,train:002304,14,0,1,0.7296730863461781
L01_seed2026,train:002305,14,0,1,0.6363495692547514
L01_seed2026,train:002307,14,0,1,0.5570133413871828
L01_seed2026,train:002309,14,0,1,0.5982406221289057
L01_seed2026,train:002310,14,0,1,0.5840012408636344
L01_seed2026,train:002312,14,0,1,0.5741970195842857
L01_seed2026,train:002313,14,0,1,0.7117313221331079
L01_seed2026,train:002315,14,0,1,0.6316416834285236
L01_seed2026,train:002317,14,0,1,0.5486882809795265
L01_seed2026,train:002318,14,0,1,0.7461293819135054
L01_seed2026,train:002319,14,0,1,0.8770116163130844
L01_seed2026,train:002320,14,0,1,0.9436659852610635
L01_seed2026,train:002321,14,0,1,0.899308453370403
L01_seed2026,train:002322,14,0,1,0.9715944650405034
L01_seed2026,train:002323,14,0,1,0.951518475441146
L01_seed2026,train:002324,14,0,1,0.9317891538262536
L01_seed2026,train:002325,14,0,1,0.7699201186856
L01_seed2026,train:002326,14,0,1,0.7738575583253897
L01_seed2026,train:002327,14,0,1,0.6742065552957391
L01_seed2026,train:002328,14,0,1,0.7623864433505103
L01_seed2026,train:002329,14,0,1,0.700519847131801
L01_seed2026,train:002330,14,0,1,0.6051889346918226
L01_seed2026,train:002334,14,2,1,0.5822421891688667
L01_seed2026,train:002335,14,2,1,0.43008008411973
L01_seed2026,train:002336,14,2,0,0.40384029055883747
L01_seed2026,train:002343,14,2,1,0.51338947674621
L01_seed2026,train:002350,14,2,1,0.5729355007381329
L01_seed2026,train:002351,14,2,1,0.4178140701257952
L01_seed2026,train:002426,14,3,4,0.8198656456495091
L01_seed2026,train:002427,14,3,4,0.9001281914566276
L01_seed2026,train:002428,14,3,4,0.8480016997466223
L01_seed2026,train:002429,14,3,4,0.8660525792280193
L01_seed2026,train:002430,14,3,4,0.8373144615139245
L01_seed2026,train:002431,14,3,4,0.8553869323251003
L01_seed2026,train:002432,14,3,4,0.8713352697343872
L01_seed2026,train:002433,14,3,4,0.7946087687036701
L01_seed2026,train:002434,14,3,4,0.8062010421409065
L01_seed2026,train:002435,14,3,4,0.8412473885610415
L01_seed2026,train:002436,14,3,4,0.8350352780004726
L01_seed2026,train:002437,14,3,4,0.8383824636287038
L01_seed2026,train:002438,14,3,4,0.8333487620272197
L01_seed2026,train:002439,14,3,4,0.8359722925397824
L01_seed2026,train:002466,14,0,1,0.967794825591605
L01_seed2026,train:002467,14,0,1,0.9684463879700284
L01_seed2026,train:002468,14,0,1,0.9802447860020953
L01_seed2026,train:002469,14,0,1,0.9804403646767146
L01_seed2026,train:002470,14,0,1,0.8943446245488917
L01_seed2026,train:002471,14,0,1,0.8356526913319827
L01_seed2026,train:002472,14,0,1,0.830947851627136
L01_seed2026,train:002473,14,0,1,0.8328210279028395
L01_seed2026,train:002474,14,0,1,0.8171095085957009
L01_seed2026,train:002475,14,0,1,0.6619115298497639
L01_seed2026,train:002477,14,0,1,0.6431196321714341
L01_seed2026,train:002478,14,0,1,0.7938706000672446
L01_seed2026,train:002479,14,0,1,0.6846175723942969
L01_seed2026,train:002480,14,0,1,0.6062089506619223
L01_seed2026,train:002481,14,0,1,0.5132140172804899
L01_seed2026,train:002482,14,0,1,0.9461815198887104
L01_seed2026,train:002483,14,0,1,0.9692302190774547
L01_seed2026,train:002484,14,0,1,0.9772643171527677
L01_seed2026,train:002485,14,0,1,0.9782559986027717
L01_seed2026,train:002486,14,0,1,0.9735815741675579
L01_seed2026,train:002487,14,0,1,0.7047411160898482
L01_seed2026,train:002488,14,0,1,0.822114198991888
L01_seed2026,train:002489,14,0,1,0.8090168220635701
L01_seed2026,train:002490,14,0,1,0.8468566763538418
L01_seed2026,train:002491,14,0,1,0.7289869999559244
L01_seed2026,train:002492,14,0,1,0.578968189761215
L01_seed2026,train:002493,14,0,1,0.5897217052019769
L01_seed2026,train:002494,14,0,1,0.7393704259416741
L01_seed2026,train:002496,14,2,1,0.5623871068148664
L01_seed2026,train:002497,14,2,1,0.5359451288946024
L01_seed2026,train:002498,14,2,1,0.5541600984204273
L01_seed2026,train:002500,14,2,1,0.7646451834418287
L01_seed2026,train:002502,14,2,0,0.43040409802740215
L01_seed2026,train:002505,14,2,1,0.31487687524253255
L01_seed2026,train:002507,14,2,1,0.845271114633253
L01_seed2026,train:002508,14,2,1,0.7157673347544697
L01_seed2026,train:002509,14,2,1,0.418037120636111
L01_seed2026,train:002510,14,2,1,0.4582015938495037
L01_seed2026,train:002512,14,2,1,0.3421070239137847
L01_seed2026,train:002513,14,2,1,0.35571186638124164
L01_seed2026,train:002514,14,2,1,0.670045594822555
L01_seed2026,train:004010,21,3,4,0.749338503483546
L01_seed2026,train:004011,21,3,4,0.7704818209975629
L01_seed2026,train:004012,21,3,4,0.7846326313546358
L01_seed2026,train:004013,21,3,4,0.7856981222518381
L01_seed2026,train:004014,21,3,4,0.7867459669882777
L01_seed2026,train:004015,21,3,4,0.7895958291239231
L01_seed2026,train:004016,21,3,4,0.7906987207407896
L01_seed2026,train:004017,21,3,4,0.7808441743325804
L01_seed2026,train:004018,21,3,4,0.7805045299878265
L01_seed2026,train:004019,21,3,4,0.7839192718695236
L01_seed2026,train:004020,21,3,4,0.7642351603893618
L01_seed2026,train:004021,21,3,4,0.773675841745892
L01_seed2026,train:004022,21,3,4,0.7772533180788908
L01_seed2026,train:004023,21,3,4,0.7704350520399891
L01_seed2026,train:004024,21,3,4,0.7659218339618382
L01_seed2026,train:004025,21,3,4,0.7778618487522515
L01_seed2026,train:004026,21,3,4,0.7740428186401345
L01_seed2026,train:004027,21,3,4,0.7692523109845546
L01_seed2026,train:004028,21,3,4,0.767961661372852
L01_seed2026,train:004029,21,3,4,0.7757129651363828
L01_seed2026,train:004030,21,3,4,0.7588822310475593
L01_seed2026,train:004031,21,3,4,0.763266556835628
L01_seed2026,train:004032,21,3,4,0.7680485021825797
L01_seed2026,train:004033,21,3,4,0.8731716680872691
L01_seed2026,train:004034,21,3,4,0.8309547825051761
L01_seed2026,train:004035,21,3,4,0.7954516430548947
L01_seed2026,train:004036,21,3,4,0.7802132770440088
L01_seed2026,train:004037,21,3,4,0.8007715910970576
L01_seed2026,train:004038,21,3,4,0.7582828910896914
L01_seed2026,train:004039,21,3,4,0.803441434333979
L01_seed2026,train:004040,21,3,4,0.7769727664554693
L01_seed2026,train:004041,21,3,4,0.7909518116594655
L01_seed2026,train:004042,21,3,4,0.7729456198541789
L01_seed2026,train:004043,21,3,4,0.775078191777551
L01_seed2026,train:004044,21,3,4,0.7755426754258761
L01_seed2026,train:004045,21,3,4,0.775994776218563
L01_seed2026,train:004046,21,3,4,0.7753315758445748
L01_seed2026,train:004047,21,3,4,0.7709922258516153
L01_seed2026,train:004048,21,3,4,0.7719366950523023
L01_seed2026,train:004049,21,3,4,0.7561902274550583
L01_seed2026,train:004050,21,3,4,0.7762495099732774
L01_seed2026,train:004051,21,3,4,0.7537891790173153
L01_seed2026,train:004052,21,3,4,0.753099946368725
L01_seed2026,train:004053,21,3,4,0.7596593304739356
L01_seed2026,train:004054,21,3,4,0.7623622173887353
L01_seed2026,train:004055,21,3,4,0.7558787213042829
L01_seed2026,train:004056,21,3,4,0.7623979423622484
L01_seed2026,train:004147,21,1,0,0.4943408139448109
L01_seed2026,train:004238,21,3,4,0.8357852689673251
L01_seed2026,train:004239,21,3,4,0.8460424827164313
L01_seed2026,train:004240,21,3,4,0.8027255105758337
L01_seed2026,train:004241,21,3,4,0.8176685802393419
L01_seed2026,train:004242,21,3,4,0.7933028377784531
L01_seed2026,train:004243,21,3,4,0.7967432968609289
L01_seed2026,train:004244,21,3,4,0.7830628580619668
L01_seed2026,train:004245,21,3,4,0.780634892954735
L01_seed2026,train:004246,21,3,4,0.7877574069092684
L01_seed2026,train:004247,21,3,4,0.7792275808635807
L01_seed2026,train:004248,21,3,4,0.774068905484386
L01_seed2026,train:004249,21,3,4,0.7938129099425217
L01_seed2026,train:004250,21,3,4,0.7759210628166616
L01_seed2026,train:004251,21,3,4,0.7736822441411538
L01_seed2026,train:004252,21,3,4,0.757574826782733
L01_seed2026,train:004253,21,3,4,0.7877171106282033
L01_seed2026,train:004254,21,3,4,0.7746464354558074
L01_seed2026,train:004255,21,3,4,0.7633249997110539
L01_seed2026,train:004256,21,3,4,0.7534375379422844
L01_seed2026,train:004257,21,3,4,0.7412454307866523
L01_seed2026,train:004348,21,1,0,0.5428457086697311
L01_seed2026,train:004352,21,1,0,0.5525498455727522
L01_seed2026,train:004745,23,3,4,0.5317061600615123
L01_seed2026,train:004746,23,3,4,0.5611615872517246
L01_seed2026,train:004747,23,3,4,0.556976893659737
L01_seed2026,train:004748,23,3,4,0.5516613296717258
L01_seed2026,train:004749,23,3,4,0.5469731347020735
L01_seed2026,train:004750,23,3,4,0.5737943023406611
L01_seed2026,train:004751,23,3,4,0.5291107356093541
L01_seed2026,train:004752,23,3,4,0.5359811977274425
L01_seed2026,train:004753,23,3,4,0.5014706102011183
L01_seed2026,train:004755,23,3,4,0.5041220050568568
L01_seed2026,train:004756,23,3,4,0.5217628854186791
L01_seed2026,train:004759,23,3,4,0.4988576582275535
L01_seed2026,train:004763,23,3,4,0.5326326015964579
L01_seed2026,train:004764,23,3,4,0.654511931812167
L01_seed2026,train:004827,23,0,2,0.6181708305097199
L01_seed2026,train:004833,23,2,0,0.8858036889363555
L01_seed2026,train:004835,23,2,0,0.6274701514138734
L01_seed2026,train:004838,23,1,0,0.5544429278114089
L01_seed2026,train:004850,23,2,1,0.3344206469177327
L01_seed2026,train:004931,23,3,4,0.5431986479858532
L01_seed2026,train:004938,23,3,4,0.7863586992519722
L01_seed2026,train:004941,23,3,4,0.4274099656671224
L01_seed2026,train:005049,23,1,0,0.636153584371695
L01_seed2026,train:005058,23,1,0,0.5188945797217056
L01_seed2026,train:005059,23,1,0,0.5371691871465067
L01_seed2026,train:005062,23,1,0,0.5965296848655446
L01_seed2027,train:000269,1,0,1,0.5597308376178458
L01_seed2027,train:000299,1,2,1,0.8948072137419486
L01_seed2027,train:000300,1,2,1,0.800416006569025
L01_seed2027,train:000332,1,2,1,0.9425580878244652
L01_seed2027,train:000335,1,2,0,0.4127313064189415
L01_seed2027,train:000344,1,2,1,0.8284357550034553
L01_seed2027,train:001035,6,3,4,0.5503404006990946
L01_seed2027,train:001039,6,3,2,0.8375211068129607
L01_seed2027,train:001156,6,4,1,0.6866886633590225
L01_seed2027,train:001195,6,3,4,0.8474647313133935
L01_seed2027,train:001196,6,3,4,0.5010758571899171
L01_seed2027,train:001199,6,3,4,0.7237051617515574
L01_seed2027,train:001200,6,3,4,0.691448538859898
L01_seed2027,train:001201,6,3,4,0.5786351149840975
L01_seed2027,train:001202,6,3,4,0.7564594266005705
L01_seed2027,train:001203,6,3,4,0.6400469563000725
L01_seed2027,train:001206,6,3,4,0.8024608123353083
L01_seed2027,train:001207,6,3,4,0.7802834866028447
L01_seed2027,train:001208,6,3,4,0.7278221957531932
L01_seed2027,train:001311,6,1,0,0.6092892073425602
L01_seed2027,train:002220,14,4,3,0.5252480271689398
L01_seed2027,train:002262,14,3,4,0.8200490246087178
L01_seed2027,train:002263,14,3,4,0.5013343990955474
L01_seed2027,train:002301,14,0,1,0.9827991825393992
L01_seed2027,train:002302,14,0,1,0.982199800566382
L01_seed2027,train:002303,14,0,1,0.9784627645199151
L01_seed2027,train:002304,14,0,1,0.9038704957159722
L01_seed2027,train:002305,14,0,1,0.7104798921684148
L01_seed2027,train:002306,14,0,1,0.9152755358591875
L01_seed2027,train:002307,14,0,1,0.7176935386773304
L01_seed2027,train:002308,14,0,1,0.8733462540901398
L01_seed2027,train:002309,14,0,1,0.9019329434525061
L01_seed2027,train:002310,14,0,1,0.8790144046586414
L01_seed2027,train:002311,14,0,1,0.8896566859364617
L01_seed2027,train:002312,14,0,1,0.9277821174203045
L01_seed2027,train:002313,14,0,1,0.8588928348396032
L01_seed2027,train:002314,14,0,1,0.7282318830474324
L01_seed2027,train:002317,14,0,1,0.9491333751984409
L01_seed2027,train:002318,14,0,1,0.9335437890531988
L01_seed2027,train:002319,14,0,1,0.8800071627536258
L01_seed2027,train:002320,14,0,1,0.9301436220614601
L01_seed2027,train:002322,14,0,1,0.9872707950214158
L01_seed2027,train:002323,14,0,1,0.9868087494574603
L01_seed2027,train:002324,14,0,1,0.9795511092303254
L01_seed2027,train:002325,14,0,1,0.9763112494023746
L01_seed2027,train:002326,14,0,1,0.9852887392019276
L01_seed2027,train:002327,14,0,1,0.9847630650316159
L01_seed2027,train:002328,14,0,1,0.9847855232030674
L01_seed2027,train:002329,14,0,1,0.983777118528514
L01_seed2027,train:002330,14,0,1,0.984037785043481
L01_seed2027,train:002331,14,2,1,0.8215844603369319
L01_seed2027,train:002332,14,2,1,0.7185204203850691
L01_seed2027,train:002333,14,2,1,0.6885314960277696
L01_seed2027,train:002334,14,2,1,0.9548464799085324
L01_seed2027,train:002335,14,2,1,0.963650832199473
L01_seed2027,train:002336,14,2,1,0.7428216427282212
L01_seed2027,train:002337,14,2,1,0.9350255347305761
L01_seed2027,train:002338,14,2,1,0.9571351318013653
L01_seed2027,train:002339,14,2,1,0.35948320566248193
L01_seed2027,train:002340,14,2,1,0.6892239452722949
L01_seed2027,train:002341,14,2,1,0.9688417943314245
L01_seed2027,train:002342,14,2,1,0.9528604900174039
L01_seed2027,train:002343,14,2,1,0.9721492231525347
L01_seed2027,train:002344,14,2,1,0.8936483925771378
L01_seed2027,train:002345,14,2,1,0.8551554522279927
L01_seed2027,train:002346,14,2,1,0.9283158762660539
L01_seed2027,train:002347,14,2,1,0.8370290628437892
L01_seed2027,train:002348,14,2,1,0.8766839339848025
L01_seed2027,train:002349,14,2,1,0.9427403070472105
L01_seed2027,train:002350,14,2,1,0.9202494281378114
L01_seed2027,train:002351,14,2,1,0.8748529833242663
L01_seed2027,train:002353,14,2,1,0.8719188005594799
L01_seed2027,train:002354,14,2,1,0.9837405457445978
L01_seed2027,train:002426,14,3,4,0.5875535606880216
L01_seed2027,train:002427,14,3,2,0.5550370608448358
L01_seed2027,train:002428,14,3,4,0.533426725241856
L01_seed2027,train:002429,14,3,4,0.8485541607029896
L01_seed2027,train:002430,14,3,4,0.8558160590288532
L01_seed2027,train:002431,14,3,4,0.8498892600864805
L01_seed2027,train:002432,14,3,4,0.8425904425608015
L01_seed2027,train:002433,14,3,4,0.8633219934755112
L01_seed2027,train:002434,14,3,4,0.8120651796258379
L01_seed2027,train:002435,14,3,4,0.8194524791808685
L01_seed2027,train:002436,14,3,4,0.7844348837598624
L01_seed2027,train:002437,14,3,4,0.8074962209824648
L01_seed2027,train:002438,14,3,4,0.7917038399106454
L01_seed2027,train:002439,14,3,4,0.8064144399517765
L01_seed2027,train:002466,14,0,1,0.9716367383595421
L01_seed2027,train:002467,14,0,1,0.9683869702665021
L01_seed2027,train:002468,14,0,1,0.9863962143244721
L01_seed2027,train:002469,14,0,1,0.9899684259146924
L01_seed2027,train:002470,14,0,1,0.9771925342208684
L01_seed2027,train:002471,14,0,1,0.9679421915600126
L01_seed2027,train:002472,14,0,1,0.9811742498968148
L01_seed2027,train:002473,14,0,1,0.9846402577859941
L01_seed2027,train:002474,14,0,1,0.9729544825287378
L01_seed2027,train:002475,14,0,1,0.9839702214827791
L01_seed2027,train:002476,14,0,1,0.8537722317973521
L01_seed2027,train:002477,14,0,1,0.8560454862286359
L01_seed2027,train:002478,14,0,1,0.9349873060938311
L01_seed2027,train:002479,14,0,1,0.9308501271269006
L01_seed2027,train:002481,14,0,1,0.9530999037082302
L01_seed2027,train:002482,14,0,1,0.9711001716792164
L01_seed2027,train:002483,14,0,1,0.9494988495883258
L01_seed2027,train:002484,14,0,1,0.9730126303058441
L01_seed2027,train:002485,14,0,1,0.9671325344953013
L01_seed2027,train:002486,14,0,1,0.9877434402445306
L01_seed2027,train:002487,14,0,1,0.9747945236019061
L01_seed2027,train:002488,14,0,1,0.9832635260027657
L01_seed2027,train:002489,14,0,1,0.9851474345612236
L01_seed2027,train:002490,14,0,1,0.9847699771883436
L01_seed2027,train:002491,14,0,1,0.9838820212033043
L01_seed2027,train:002492,14,0,1,0.8240467034738113
L01_seed2027,train:002493,14,0,1,0.8886307570869376
L01_seed2027,train:002494,14,0,1,0.9500856103599536
L01_seed2027,train:002495,14,2,1,0.9167476583309693
L01_seed2027,train:002496,14,2,1,0.6181359725189707
L01_seed2027,train:002497,14,2,1,0.9419675466275342
L01_seed2027,train:002498,14,2,1,0.9134417973220523
L01_seed2027,train:002499,14,2,1,0.5343346019397707
L01_seed2027,train:002500,14,2,1,0.9158714267711523
L01_seed2027,train:002501,14,2,1,0.9645761878240687
L01_seed2027,train:002502,14,2,1,0.8238873769026543
L01_seed2027,train:002503,14,2,1,0.950802294597726
L01_seed2027,train:002504,14,2,1,0.8362848284633112
L01_seed2027,train:002505,14,2,1,0.8270014201340484
L01_seed2027,train:002506,14,2,1,0.5709645865292767
L01_seed2027,train:002507,14,2,1,0.8650196380650913
L01_seed2027,train:002508,14,2,1,0.9796765044830692
L01_seed2027,train:002509,14,2,1,0.9429993049308781
L01_seed2027,train:002510,14,2,1,0.7139757680052772
L01_seed2027,train:002511,14,2,1,0.8503915610720931
L01_seed2027,train:002512,14,2,1,0.622446486056693
L01_seed2027,train:002513,14,2,1,0.6591711695500886
L01_seed2027,train:002514,14,2,1,0.6143875912796068
L01_seed2027,train:002515,14,2,1,0.9565430136766688
L01_seed2027,train:003965,21,4,0,0.8004900722869835
L01_seed2027,train:004033,21,3,4,0.5094687015735673
L01_seed2027,train:004177,21,4,0,0.911031430439268
L01_seed2027,train:004238,21,3,4,0.8400802947465718
L01_seed2027,train:004694,23,4,3,0.6218476786790692
L01_seed2027,train:004695,23,4,3,0.5611976527334722
L01_seed2027,train:004696,23,4,3,0.5788603260947252
L01_seed2027,train:004697,23,4,3,0.5795388298460201
L01_seed2027,train:004698,23,4,3,0.5777106132653667
L01_seed2027,train:004699,23,4,3,0.5843968630160415
L01_seed2027,train:004700,23,4,3,0.5865073647632805
L01_seed2027,train:004701,23,4,3,0.5799926668449323
L01_seed2027,train:004702,23,4,3,0.5861789844370862
L01_seed2027,train:004703,23,4,3,0.5887380217392334
L01_seed2027,train:004704,23,4,3,0.5882955975747042
L01_seed2027,train:004705,23,4,3,0.5835772635708153
L01_seed2027,train:004706,23,4,3,0.585242800865957
L01_seed2027,train:004707,23,4,3,0.5865778118781835
L01_seed2027,train:004708,23,4,3,0.5835335309153342
L01_seed2027,train:004709,23,4,3,0.5862960457758919
L01_seed2027,train:004710,23,4,3,0.5868297054145759
L01_seed2027,train:004711,23,4,3,0.5917693668206493
L01_seed2027,train:004745,23,3,4,0.7354620891587242
L01_seed2027,train:004827,23,0,1,0.5962542951318998
L01_seed2027,train:004828,23,2,0,0.7307194308729443
L01_seed2027,train:004829,23,2,0,0.7754080517262856
L01_seed2027,train:004833,23,2,0,0.8301735252187137
L01_seed2027,train:004834,23,2,0,0.8742778997835018
L01_seed2027,train:004836,23,2,0,0.7768357985586134
L01_seed2027,train:004838,23,1,0,0.6993086361283968
L01_seed2027,train:004876,23,1,0,0.7438834544327275
L01_seed2027,train:004880,23,4,3,0.5258629284255671
L01_seed2027,train:004881,23,4,3,0.5788876693386243
L01_seed2027,train:004882,23,4,3,0.5571919664828555
L01_seed2027,train:004938,23,3,2,0.8513610412957314
L01_seed2027,train:004939,23,3,0,0.7304536614659635
L01_seed2027,train:004940,23,3,4,0.7038448613806715
L01_seed2027,train:005018,23,2,0,0.8585246630790836
L01_seed2027,train:005027,23,2,0,0.5234547711855553
L01_seed2027,train:005035,23,2,0,0.4682274461388976
L01_seed2027,train:005036,23,2,0,0.7264795897523761
L01_seed2027,train:005038,23,2,0,0.6496251638345261
L01_seed2027,train:005039,23,2,0,0.7668947972768704
L01_seed2027,train:005060,23,1,0,0.5122991620778301
L01_seed2028,train:000299,1,2,0,0.7347192181980601
L01_seed2028,train:001039,6,3,0,0.653925836486457
L01_seed2028,train:001160,6,4,0,0.7246865432597818
L01_seed2028,train:001195,6,3,4,0.7747884719409381
L01_seed2028,train:001196,6,3,4,0.7979564245600199
L01_seed2028,train:001197,6,3,4,0.8078660130735722
L01_seed2028,train:001198,6,3,4,0.8039573062866081
L01_seed2028,train:001199,6,3,4,0.8122604438460505
L01_seed2028,train:001200,6,3,4,0.8197656959982796
L01_seed2028,train:001201,6,3,4,0.8071991884670605
L01_seed2028,train:001202,6,3,4,0.8137262860541882
L01_seed2028,train:001203,6,3,4,0.8004864887762939
L01_seed2028,train:001204,6,3,4,0.8250313081093652
L01_seed2028,train:001205,6,3,4,0.8207634108421297
L01_seed2028,train:001206,6,3,4,0.8182259215147788
L01_seed2028,train:001207,6,3,4,0.8315532694946973
L01_seed2028,train:001208,6,3,4,0.8237416387252806
L01_seed2028,train:001304,6,1,0,0.71145702456889
L01_seed2028,train:002222,14,4,0,0.5500047564160612
L01_seed2028,train:002262,14,3,4,0.7934424410466103
L01_seed2028,train:002263,14,3,4,0.7743994156825865
L01_seed2028,train:002264,14,3,4,0.7504606002032774
L01_seed2028,train:002265,14,3,4,0.7393428254932769
L01_seed2028,train:002266,14,3,4,0.7348138905965801
L01_seed2028,train:002267,14,3,4,0.7349647651284194
L01_seed2028,train:002268,14,3,4,0.715597448289888
L01_seed2028,train:002269,14,3,4,0.7324437418910444
L01_seed2028,train:002270,14,3,4,0.7435738280953674
L01_seed2028,train:002271,14,3,4,0.7290868245002154
L01_seed2028,train:002272,14,3,4,0.7361741112213448
L01_seed2028,train:002273,14,3,4,0.7325259498271611
L01_seed2028,train:002274,14,3,4,0.7299618706589992
L01_seed2028,train:002275,14,3,4,0.7331581335902848
L01_seed2028,train:002301,14,0,1,0.9913255513341888
L01_seed2028,train:002302,14,0,1,0.9829943136416968
L01_seed2028,train:002303,14,0,1,0.9746031028413672
L01_seed2028,train:002304,14,0,1,0.972407613762508
L01_seed2028,train:002305,14,0,1,0.9546641526483759
L01_seed2028,train:002306,14,0,1,0.9663855136939203
L01_seed2028,train:002307,14,0,1,0.9208987489202363
L01_seed2028,train:002308,14,0,1,0.9431819451762956
L01_seed2028,train:002309,14,0,1,0.9650989564666488
L01_seed2028,train:002310,14,0,1,0.9906636654404345
L01_seed2028,train:002311,14,0,1,0.9730354941833953
L01_seed2028,train:002312,14,0,1,0.9802354004092488
L01_seed2028,train:002313,14,0,1,0.9585814862982853
L01_seed2028,train:002314,14,0,1,0.9075051176928958
L01_seed2028,train:002315,14,0,1,0.9338658295649754
L01_seed2028,train:002316,14,0,1,0.8420746046358472
L01_seed2028,train:002317,14,0,1,0.9726582772865812
L01_seed2028,train:002318,14,0,1,0.8962691627124534
L01_seed2028,train:002319,14,0,1,0.8244213547831195
L01_seed2028,train:002320,14,0,1,0.8834662504780518
L01_seed2028,train:002321,14,0,1,0.9448473825642764
L01_seed2028,train:002322,14,0,1,0.9666332077082526
L01_seed2028,train:002323,14,0,1,0.9057359904058235
L01_seed2028,train:002324,14,0,1,0.9181086822444287
L01_seed2028,train:002325,14,0,1,0.9809692163549114
L01_seed2028,train:002326,14,0,1,0.9240234050811297
L01_seed2028,train:002327,14,0,1,0.9193801526427808
L01_seed2028,train:002328,14,0,1,0.9810524672566244
L01_seed2028,train:002329,14,0,1,0.9781132896059223
L01_seed2028,train:002330,14,0,1,0.973307719551535
L01_seed2028,train:002335,14,2,1,0.5884832083939348
L01_seed2028,train:002342,14,2,1,0.5924925927997805
L01_seed2028,train:002351,14,2,1,0.5213586424106084
L01_seed2028,train:002354,14,2,1,0.904399620655775
L01_seed2028,train:002426,14,3,4,0.8666196938554779
L01_seed2028,train:002427,14,3,4,0.8806815301837765
L01_seed2028,train:002428,14,3,4,0.8982973051767349
L01_seed2028,train:002429,14,3,4,0.888000338296131
L01_seed2028,train:002430,14,3,4,0.880854876830804
L01_seed2028,train:002431,14,3,4,0.8839754472317984
L01_seed2028,train:002432,14,3,4,0.8840757133307098
L01_seed2028,train:002433,14,3,4,0.8997640173166979
L01_seed2028,train:002434,14,3,4,0.8107647054414369
L01_seed2028,train:002435,14,3,4,0.8452713751613634
L01_seed2028,train:002436,14,3,4,0.8411999318818439
L01_seed2028,train:002437,14,3,4,0.8439903001170211
L01_seed2028,train:002438,14,3,4,0.8430909853673365
L01_seed2028,train:002439,14,3,4,0.8456117600802512
L01_seed2028,train:002466,14,0,1,0.9803025585270025
L01_seed2028,train:002467,14,0,1,0.9821907046702131
L01_seed2028,train:002468,14,0,1,0.9748468641517785
L01_seed2028,train:002469,14,0,1,0.9570574311013358
L01_seed2028,train:002470,14,0,1,0.9747572962839363
L01_seed2028,train:002471,14,0,1,0.9753373659853855
L01_seed2028,train:002472,14,0,1,0.9879890134932144
L01_seed2028,train:002473,14,0,1,0.9900261598339617
L01_seed2028,train:002474,14,0,1,0.9743574719788745
L01_seed2028,train:002475,14,0,1,0.9896046987204087
L01_seed2028,train:002476,14,0,1,0.9807192661358469
L01_seed2028,train:002477,14,0,1,0.993298904453023
L01_seed2028,train:002478,14,0,1,0.9659333354370733
L01_seed2028,train:002479,14,0,1,0.9692116449999487
L01_seed2028,train:002480,14,0,1,0.9643822630809076
L01_seed2028,train:002481,14,0,1,0.991931746288503
L01_seed2028,train:002482,14,0,1,0.9802022415322673
L01_seed2028,train:002483,14,0,1,0.9763255952679326
L01_seed2028,train:002484,14,0,1,0.956377835735662
L01_seed2028,train:002485,14,0,1,0.9644510773675036
L01_seed2028,train:002486,14,0,1,0.9866542276159695
L01_seed2028,train:002487,14,0,1,0.9633755466804406
L01_seed2028,train:002488,14,0,1,0.9562112637294992
L01_seed2028,train:002489,14,0,1,0.9918110888547907
L01_seed2028,train:002490,14,0,1,0.9845579796994939
L01_seed2028,train:002491,14,0,1,0.9823701107171197
L01_seed2028,train:002492,14,0,1,0.9893299798296532
L01_seed2028,train:002493,14,0,1,0.9874506780778604
L01_seed2028,train:002494,14,0,1,0.9921099184024362
L01_seed2028,train:002496,14,2,0,0.4984379557045602
L01_seed2028,train:002498,14,2,1,0.9232079113275228
L01_seed2028,train:002499,14,2,1,0.5355130315865083
L01_seed2028,train:002503,14,2,1,0.9664929480380166
L01_seed2028,train:002506,14,2,1,0.6703028326526279
L01_seed2028,train:002507,14,2,1,0.8750900333075897
L01_seed2028,train:002508,14,2,1,0.8565593221476937
L01_seed2028,train:002510,14,2,0,0.9034075231653362
L01_seed2028,train:002513,14,2,1,0.6047420781843917
L01_seed2028,train:004010,21,3,4,0.7781468452611658
L01_seed2028,train:004011,21,3,4,0.7720303482622141
L01_seed2028,train:004012,21,3,4,0.7670591576084875
L01_seed2028,train:004013,21,3,4,0.7659271026199906
L01_seed2028,train:004014,21,3,4,0.7621187432148523
L01_seed2028,train:004015,21,3,4,0.7579990258649064
L01_seed2028,train:004016,21,3,4,0.7624185436846803
L01_seed2028,train:004017,21,3,4,0.7576026380967262
L01_seed2028,train:004018,21,3,4,0.7550419990969173
L01_seed2028,train:004019,21,3,4,0.754183065416972
L01_seed2028,train:004020,21,3,4,0.7450614699136034
L01_seed2028,train:004021,21,3,4,0.7434811744829526
L01_seed2028,train:004022,21,3,4,0.7383501975619798
L01_seed2028,train:004023,21,3,4,0.7420362529600105
L01_seed2028,train:004024,21,3,4,0.7459816452642484
L01_seed2028,train:004025,21,3,4,0.7413117930669437
L01_seed2028,train:004026,21,3,4,0.741237338034832
L01_seed2028,train:004027,21,3,4,0.7401981620703887
L01_seed2028,train:004028,21,3,4,0.736379242070818
L01_seed2028,train:004029,21,3,4,0.7362675606052546
L01_seed2028,train:004030,21,3,4,0.7239449474713519
L01_seed2028,train:004031,21,3,4,0.7304250876583086
L01_seed2028,train:004032,21,3,4,0.7297099930388957
L01_seed2028,train:004033,21,3,4,0.7447754500163912
L01_seed2028,train:004034,21,3,4,0.7350478011001212
L01_seed2028,train:004035,21,3,4,0.7113481813457766
L01_seed2028,train:004036,21,3,4,0.7081605540136768
L01_seed2028,train:004037,21,3,4,0.715583491341727
L01_seed2028,train:004038,21,3,4,0.6805529729892786
L01_seed2028,train:004039,21,3,4,0.6960779400827548
L01_seed2028,train:004040,21,3,4,0.6903513408350745
L01_seed2028,train:004041,21,3,4,0.6874592377344582
L01_seed2028,train:004042,21,3,4,0.6779045336885238
L01_seed2028,train:004043,21,3,4,0.6686770225227617
L01_seed2028,train:004044,21,3,4,0.6731791471585888
L01_seed2028,train:004045,21,3,4,0.671695131604271
L01_seed2028,train:004046,21,3,4,0.6748130835011664
L01_seed2028,train:004047,21,3,4,0.6751051093039351
L01_seed2028,train:004048,21,3,4,0.6604684458744661
L01_seed2028,train:004049,21,3,4,0.6631421142901786
L01_seed2028,train:004050,21,3,4,0.6719043746167543
L01_seed2028,train:004051,21,3,4,0.6616648198812187
L01_seed2028,train:004052,21,3,4,0.6468624446052031
L01_seed2028,train:004053,21,3,4,0.6641656513173495
L01_seed2028,train:004054,21,3,4,0.6544423088387203
L01_seed2028,train:004055,21,3,4,0.6588432412018826
L01_seed2028,train:004056,21,3,4,0.6534852863906104
L01_seed2028,train:004238,21,3,4,0.7774049334199439
L01_seed2028,train:004239,21,3,4,0.7602648673141684
L01_seed2028,train:004240,21,3,4,0.7399493153547309
L01_seed2028,train:004241,21,3,4,0.7503730441165819
L01_seed2028,train:004242,21,3,4,0.7516840250204231
L01_seed2028,train:004243,21,3,4,0.7346704939195255
L01_seed2028,train:004244,21,3,4,0.7042130988366957
L01_seed2028,train:004245,21,3,4,0.7151789582175215
L01_seed2028,train:004246,21,3,4,0.7118568633150195
L01_seed2028,train:004247,21,3,4,0.6719926639508839
L01_seed2028,train:004248,21,3,4,0.7066332985366206
L01_seed2028,train:004249,21,3,4,0.7009856545446731
L01_seed2028,train:004250,21,3,4,0.6771900822734739
L01_seed2028,train:004251,21,3,4,0.6844372473225906
L01_seed2028,train:004252,21,3,4,0.6743018204423394
L01_seed2028,train:004253,21,3,4,0.697092979037127
L01_seed2028,train:004254,21,3,4,0.6924959394884826
L01_seed2028,train:004255,21,3,4,0.6696486701376116
L01_seed2028,train:004256,21,3,4,0.6571233413429515
L01_seed2028,train:004257,21,3,4,0.6233415558421367
L01_seed2028,train:004746,23,3,4,0.5058522852075639
L01_seed2028,train:004764,23,3,4,0.5439934296984155
L01_seed2028,train:004827,23,0,2,0.5425718013254792
L01_seed2028,train:004833,23,2,0,0.9567010003254276
L01_seed2028,train:004837,23,1,0,0.7530782620919435
L01_seed2028,train:004838,23,1,0,0.9569071879025269
L01_seed2028,train:004938,23,3,4,0.6653617873022527
L01_seed2028,train:004941,23,3,0,0.5154156156751414
L01_seed2028,train:005018,23,2,0,0.4506195986659281
L01_seed2028,train:005035,23,2,0,0.9547906216346214
L02_seed2026,train:000030,1,3,2,0.9192557075725087
L02_seed2026,train:000064,1,5,3,0.6217495947385633
L02_seed2026,train:001039,6,3,4,0.6260609709867889
L02_seed2026,train:001040,6,3,4,0.611591510306298
L02_seed2026,train:001041,6,3,4,0.5202037076790547
L02_seed2026,train:001042,6,3,4,0.4988608526742668
L02_seed2026,train:001044,6,3,4,0.501024709564786
L02_seed2026,train:001045,6,3,4,0.5077673882850489
L02_seed2026,train:001130,6,1,0,0.8547633650962013
L02_seed2026,train:001195,6,3,4,0.7212290930578485
L02_seed2026,train:001196,6,3,4,0.8210260677336476
L02_seed2026,train:001197,6,3,4,0.827786945973732
L02_seed2026,train:001198,6,3,4,0.8393539590256781
L02_seed2026,train:001199,6,3,4,0.8120772863842829
L02_seed2026,train:001200,6,3,4,0.8582490893518631
L02_seed2026,train:001201,6,3,4,0.8350958886880364
L02_seed2026,train:001202,6,3,4,0.8467207630507022
L02_seed2026,train:001203,6,3,4,0.8366338902911515
L02_seed2026,train:001204,6,3,4,0.848409697152862
L02_seed2026,train:001205,6,3,4,0.8425216609353163
L02_seed2026,train:001206,6,3,4,0.8467317156119792
L02_seed2026,train:001207,6,3,4,0.8384302071015909
L02_seed2026,train:001208,6,3,4,0.8563469029580852
L02_seed2026,train:001307,6,1,0,0.7109341774749076
L02_seed2026,train:002251,14,3,4,0.6567621509093609
L02_seed2026,train:002252,14,3,4,0.5066452822889663
L02_seed2026,train:002253,14,3,4,0.5007740728808833
L02_seed2026,train:002255,14,3,4,0.4998207877899338
L02_seed2026,train:002258,14,3,4,0.5086409532375968
L02_seed2026,train:002260,14,3,4,0.5068359147674424
L02_seed2026,train:002262,14,3,4,0.7408241434321916
L02_seed2026,train:002263,14,3,4,0.7815773576850765
L02_seed2026,train:002264,14,3,4,0.8056783877950141
L02_seed2026,train:002265,14,3,4,0.8005955721746107
L02_seed2026,train:002266,14,3,4,0.7706591265303977
L02_seed2026,train:002267,14,3,4,0.7540395991230484
L02_seed2026,train:002268,14,3,4,0.7477768772286429
L02_seed2026,train:002269,14,3,4,0.751328212175392
L02_seed2026,train:002270,14,3,4,0.7556370129831983
L02_seed2026,train:002271,14,3,4,0.7509167060825637
L02_seed2026,train:002272,14,3,4,0.7533947368858677
L02_seed2026,train:002273,14,3,4,0.7531002401122412
L02_seed2026,train:002274,14,3,4,0.7547586525866758
L02_seed2026,train:002275,14,3,4,0.7628316510400943
L02_seed2026,train:002301,14,0,1,0.9702885727544699
L02_seed2026,train:002302,14,0,1,0.9758431863769456
L02_seed2026,train:002303,14,0,1,0.9717393269947575
L02_seed2026,train:002304,14,0,1,0.9590622889563638
L02_seed2026,train:002305,14,0,1,0.946147400277212
L02_seed2026,train:002306,14,0,1,0.9124810201657529
L02_seed2026,train:002307,14,0,1,0.9044269496996096
L02_seed2026,train:002308,14,0,1,0.9267721857104205
L02_seed2026,train:002309,14,0,1,0.9681332936322806
L02_seed2026,train:002310,14,0,1,0.9691953501403409
L02_seed2026,train:002311,14,0,1,0.9224637840766461
L02_seed2026,train:002312,14,0,1,0.9676923591442229
L02_seed2026,train:002313,14,0,1,0.9723561480958309
L02_seed2026,train:002314,14,0,1,0.9746276109971392
L02_seed2026,train:002315,14,0,1,0.9768497378603439
L02_seed2026,train:002316,14,0,1,0.9387788941621085
L02_seed2026,train:002317,14,0,1,0.9812726967116302
L02_seed2026,train:002318,14,0,1,0.9876607223300635
L02_seed2026,train:002319,14,0,1,0.9942000039346951
L02_seed2026,train:002320,14,0,1,0.9938432562555249
L02_seed2026,train:002321,14,0,1,0.9925040201703637
L02_seed2026,train:002322,14,0,1,0.988223806904565
L02_seed2026,train:002323,14,0,1,0.9832970526676971
L02_seed2026,train:002324,14,0,1,0.9778948217683079
L02_seed2026,train:002325,14,0,1,0.9902454910567738
L02_seed2026,train:002326,14,0,1,0.9837167832077929
L02_seed2026,train:002327,14,0,1,0.9703930346456787
L02_seed2026,train:002328,14,0,1,0.9541970418161065
L02_seed2026,train:002329,14,0,1,0.961619111572496
L02_seed2026,train:002330,14,0,1,0.965190834438723
L02_seed2026,train:002335,14,2,0,0.9287543870591545
L02_seed2026,train:002343,14,2,0,0.5124448162192697
L02_seed2026,train:002351,14,2,0,0.7906193043909043
L02_seed2026,train:002426,14,3,4,0.8832906326740685
L02_seed2026,train:002427,14,3,4,0.847988841377357
L02_seed2026,train:002428,14,3,4,0.88424384758188
L02_seed2026,train:002429,14,3,4,0.8730923141964053
L02_seed2026,train:002430,14,3,4,0.8645665981557972
L02_seed2026,train:002431,14,3,4,0.8655186508856128
L02_seed2026,train:002432,14,3,4,0.8672341170204473
L02_seed2026,train:002433,14,3,4,0.9142724085615608
L02_seed2026,train:002434,14,3,4,0.8171599078464983
L02_seed2026,train:002435,14,3,4,0.8485444463875824
L02_seed2026,train:002436,14,3,4,0.8428441265935968
L02_seed2026,train:002437,14,3,4,0.8414085159778105
L02_seed2026,train:002438,14,3,4,0.8448414857502823
L02_seed2026,train:002439,14,3,4,0.8444518740618273
L02_seed2026,train:002466,14,0,1,0.99534654123915
L02_seed2026,train:002467,14,0,1,0.9961497311290156
L02_seed2026,train:002468,14,0,1,0.9896107076408525
L02_seed2026,train:002469,14,0,1,0.9840197399442495
L02_seed2026,train:002470,14,0,1,0.9926625017777737
L02_seed2026,train:002471,14,0,1,0.9774466831827581
L02_seed2026,train:002472,14,0,1,0.9700699317146092
L02_seed2026,train:002473,14,0,1,0.9747467001407879
L02_seed2026,train:002474,14,0,1,0.976614645005275
L02_seed2026,train:002475,14,0,1,0.9598546642276358
L02_seed2026,train:002476,14,0,1,0.9419917548151393
L02_seed2026,train:002477,14,0,1,0.9766393774794437
L02_seed2026,train:002478,14,0,1,0.9844277694177643
L02_seed2026,train:002479,14,0,1,0.991135995044372
L02_seed2026,train:002480,14,0,1,0.990934686355043
L02_seed2026,train:002481,14,0,1,0.9773535375176343
L02_seed2026,train:002482,14,0,1,0.9958614271649276
L02_seed2026,train:002483,14,0,1,0.9962811816135965
L02_seed2026,train:002484,14,0,1,0.994534998933222
L02_seed2026,train:002485,14,0,1,0.9882468915188226
L02_seed2026,train:002486,14,0,1,0.9784368845460726
L02_seed2026,train:002487,14,0,1,0.9884020400510187
L02_seed2026,train:002488,14,0,1,0.9613685424408129
L02_seed2026,train:002489,14,0,1,0.9637805771837704
L02_seed2026,train:002490,14,0,1,0.9776785837930896
L02_seed2026,train:002491,14,0,1,0.9701362717587289
L02_seed2026,train:002492,14,0,1,0.9285401104147041
L02_seed2026,train:002493,14,0,1,0.9771151833197911
L02_seed2026,train:002494,14,0,1,0.9819870045519894
L02_seed2026,train:002496,14,2,0,0.7013268737819698
L02_seed2026,train:002497,14,2,0,0.43717155871252844
L02_seed2026,train:002503,14,2,0,0.9479198803139253
L02_seed2026,train:002508,14,2,1,0.6582726923066873
L02_seed2026,train:002510,14,2,0,0.9650975905996264
L02_seed2026,train:004010,21,3,4,0.8494490504508196
L02_seed2026,train:004011,21,3,4,0.8151251662860571
L02_seed2026,train:004012,21,3,4,0.7921274252915237
L02_seed2026,train:004013,21,3,4,0.7699273335216734
L02_seed2026,train:004014,21,3,4,0.7549736656339804
L02_seed2026,train:004015,21,3,4,0.7540849869861082
L02_seed2026,train:004016,21,3,4,0.7626896003100635
L02_seed2026,train:004017,21,3,4,0.7654510633889245
L02_seed2026,train:004018,21,3,4,0.7550257897498404
L02_seed2026,train:004019,21,3,4,0.7425372225925245
L02_seed2026,train:004020,21,3,4,0.7438810516381382
L02_seed2026,train:004021,21,3,4,0.7415806246995293
L02_seed2026,train:004022,21,3,4,0.7429750921874833
L02_seed2026,train:004023,21,3,4,0.7367491478926181
L02_seed2026,train:004024,21,3,4,0.7389812970549123
L02_seed2026,train:004025,21,3,4,0.7241022135763824
L02_seed2026,train:004026,21,3,4,0.7342656630010133
L02_seed2026,train:004027,21,3,4,0.7345135380318157
L02_seed2026,train:004028,21,3,4,0.7287021176022436
L02_seed2026,train:004029,21,3,4,0.7336536626999456
L02_seed2026,train:004030,21,3,4,0.7174580711953679
L02_seed2026,train:004031,21,3,4,0.7225631658866922
L02_seed2026,train:004032,21,3,4,0.724151027705667
L02_seed2026,train:004033,21,3,4,0.6933446236213242
L02_seed2026,train:004034,21,3,4,0.703072408151007
L02_seed2026,train:004035,21,3,4,0.7499696298286241
L02_seed2026,train:004036,21,3,4,0.757466352133103
L02_seed2026,train:004037,21,3,4,0.7367412557136456
L02_seed2026,train:004038,21,3,4,0.7504842489659843
L02_seed2026,train:004039,21,3,4,0.7436985604959765
L02_seed2026,train:004040,21,3,4,0.7394928405662431
L02_seed2026,train:004041,21,3,4,0.7282778811247335
L02_seed2026,train:004042,21,3,4,0.7127059958530615
L02_seed2026,train:004043,21,3,4,0.708700575045215
L02_seed2026,train:004044,21,3,4,0.7191781463977258
L02_seed2026,train:004045,21,3,4,0.6994135376658549
L02_seed2026,train:004046,21,3,4,0.7173864214980143
L02_seed2026,train:004047,21,3,4,0.714711829862648
L02_seed2026,train:004048,21,3,4,0.6926495370017981
L02_seed2026,train:004049,21,3,4,0.6941901356016976
L02_seed2026,train:004050,21,3,4,0.7092728300376571
L02_seed2026,train:004051,21,3,4,0.6818504568832854
L02_seed2026,train:004052,21,3,4,0.6955547766334689
L02_seed2026,train:004053,21,3,4,0.6830411188428346
L02_seed2026,train:004054,21,3,4,0.6902966704900608
L02_seed2026,train:004055,21,3,4,0.6707621757018944
L02_seed2026,train:004056,21,3,4,0.7064121441179991
L02_seed2026,train:004101,21,0,1,0.9524490418437118
L02_seed2026,train:004115,21,0,1,0.9935855403673529
L02_seed2026,train:004131,21,2,0,0.550327176409817
L02_seed2026,train:004135,21,2,0,0.7726476116701576
L02_seed2026,train:004176,21,4,1,0.8643430404930397
L02_seed2026,train:004238,21,3,4,0.713625666381299
L02_seed2026,train:004239,21,3,4,0.8024515243385675
L02_seed2026,train:004240,21,3,4,0.7847137141786203
L02_seed2026,train:004241,21,3,4,0.8079442002604844
L02_seed2026,train:004242,21,3,4,0.7953118615664116
L02_seed2026,train:004243,21,3,4,0.737378910252049
L02_seed2026,train:004244,21,3,4,0.7490544498498041
L02_seed2026,train:004245,21,3,4,0.7728916137261722
L02_seed2026,train:004246,21,3,4,0.6914849832269846
L02_seed2026,train:004247,21,3,4,0.7611218763742454
L02_seed2026,train:004248,21,3,4,0.7031771462895509
L02_seed2026,train:004249,21,3,4,0.7368029259511327
L02_seed2026,train:004250,21,3,4,0.7025687834656493
L02_seed2026,train:004251,21,3,4,0.7123260280994662
L02_seed2026,train:004252,21,3,4,0.6739881054090194
L02_seed2026,train:004253,21,3,4,0.7344075709777599
L02_seed2026,train:004254,21,3,4,0.701112249388697
L02_seed2026,train:004255,21,3,4,0.6853782726364605
L02_seed2026,train:004256,21,3,4,0.7090204102465354
L02_seed2026,train:004257,21,3,4,0.6664091983372772
L02_seed2026,train:004304,21,0,1,0.9168232458115871
L02_seed2026,train:004695,23,4,3,0.4993969802878036
L02_seed2026,train:004764,23,3,4,0.5357884079034136
L02_seed2026,train:004833,23,2,0,0.9704352198031456
L02_seed2026,train:004850,23,2,0,0.8456573388882049
L02_seed2026,train:004938,23,3,4,0.7605330615360879
L02_seed2026,train:004940,23,3,2,0.39457091890199064
L02_seed2026,train:005035,23,2,0,0.7032120920971825
L02_seed2027,train:000031,1,3,5,0.8558096358882279
L02_seed2027,train:000269,1,0,1,0.9590244221742537
L02_seed2027,train:001039,6,3,4,0.775519184678952
L02_seed2027,train:001196,6,3,4,0.5048612939543704
L02_seed2027,train:001197,6,3,4,0.5279068260708122
L02_seed2027,train:001198,6,3,4,0.5032069521609304
L02_seed2027,train:001199,6,3,4,0.5166443805513703
L02_seed2027,train:001200,6,3,4,0.5417447957848192
L02_seed2027,train:001201,6,3,4,0.4992182188126241
L02_seed2027,train:001202,6,3,4,0.5292695156942281
L02_seed2027,train:001204,6,3,4,0.5628313794761586
L02_seed2027,train:001205,6,3,4,0.5245758564942713
L02_seed2027,train:001206,6,3,4,0.5201589756835928
L02_seed2027,train:001207,6,3,4,0.524709515199135
L02_seed2027,train:001208,6,3,4,0.5174873841635126
L02_seed2027,train:001296,6,1,0,0.9823368420378631
L02_seed2027,train:001297,6,1,0,0.967835560317406
L02_seed2027,train:001299,6,1,0,0.8912517408306139
L02_seed2027,train:001300,6,1,0,0.9711434945568741
L02_seed2027,train:001308,6,1,0,0.805597169811165
L02_seed2027,train:001311,6,1,0,0.5726722598019589
L02_seed2027,train:002265,14,3,4,0.5177220967967328
L02_seed2027,train:002266,14,3,4,0.5539167970920337
L02_seed2027,train:002269,14,3,4,0.532713217786262
L02_seed2027,train:002270,14,3,4,0.5114338494021334
L02_seed2027,train:002272,14,3,4,0.5053288774823116
L02_seed2027,train:002301,14,0,1,0.9894245124696949
L02_seed2027,train:002302,14,0,1,0.9882769856316421
L02_seed2027,train:002303,14,0,1,0.9739583616883117
L02_seed2027,train:002304,14,0,1,0.7984285706773853
L02_seed2027,train:002305,14,0,1,0.7364109367961779
L02_seed2027,train:002306,14,0,1,0.8348150345314959
L02_seed2027,train:002307,14,0,1,0.8328673747258201
L02_seed2027,train:002308,14,0,1,0.8203410309086403
L02_seed2027,train:002309,14,0,1,0.9478165010543297
L02_seed2027,train:002310,14,0,1,0.954865340917816
L02_seed2027,train:002311,14,0,1,0.9151608005956398
L02_seed2027,train:002312,14,0,1,0.9663394442878199
L02_seed2027,train:002313,14,0,1,0.9863239183855591
L02_seed2027,train:002314,14,0,1,0.9759279428162071
L02_seed2027,train:002315,14,0,1,0.9833127935085698
L02_seed2027,train:002316,14,0,1,0.8585442609500825
L02_seed2027,train:002317,14,0,1,0.9925042442325288
L02_seed2027,train:002318,14,0,1,0.9964421472570483
L02_seed2027,train:002319,14,0,1,0.9987866102089235
L02_seed2027,train:002320,14,0,1,0.9992356333581554
L02_seed2027,train:002321,14,0,1,0.9993762233281795
L02_seed2027,train:002322,14,0,1,0.999497423432131
L02_seed2027,train:002323,14,0,1,0.9992678000727904
L02_seed2027,train:002324,14,0,1,0.9992712850942455
L02_seed2027,train:002325,14,0,1,0.9988256064801081
L02_seed2027,train:002326,14,0,1,0.9942794334763184
L02_seed2027,train:002327,14,0,1,0.9944077371663593
L02_seed2027,train:002328,14,0,1,0.9908899553638427
L02_seed2027,train:002329,14,0,1,0.9862701341401957
L02_seed2027,train:002330,14,0,1,0.9893330237479275
L02_seed2027,train:002335,14,2,0,0.9547708433665192
L02_seed2027,train:002426,14,3,4,0.7694434575436115
L02_seed2027,train:002427,14,3,4,0.7133004408928375
L02_seed2027,train:002428,14,3,4,0.7283340970403896
L02_seed2027,train:002429,14,3,4,0.7010288370842799
L02_seed2027,train:002430,14,3,4,0.6777811322102841
L02_seed2027,train:002431,14,3,4,0.6802900497880537
L02_seed2027,train:002432,14,3,4,0.6654247365742958
L02_seed2027,train:002433,14,3,4,0.6749824086383053
L02_seed2027,train:002434,14,3,4,0.5888930504326577
L02_seed2027,train:002435,14,3,4,0.6184081657482308
L02_seed2027,train:002436,14,3,4,0.5928615181280366
L02_seed2027,train:002437,14,3,4,0.6102886085801317
L02_seed2027,train:002438,14,3,4,0.6016614694300325
L02_seed2027,train:002439,14,3,4,0.5888693645325621
L02_seed2027,train:002466,14,0,1,0.9993187832720726
L02_seed2027,train:002467,14,0,1,0.9994860669937645
L02_seed2027,train:002468,14,0,1,0.9995115351386832
L02_seed2027,train:002469,14,0,1,0.9995012137299394
L02_seed2027,train:002470,14,0,1,0.9988671405368003
L02_seed2027,train:002471,14,0,1,0.9873315590212459
L02_seed2027,train:002472,14,0,1,0.9915284519812994
L02_seed2027,train:002473,14,0,1,0.9932080109854587
L02_seed2027,train:002474,14,0,1,0.9700738152208142
L02_seed2027,train:002475,14,0,1,0.9580746321744106
L02_seed2027,train:002476,14,0,1,0.8929268711590316
L02_seed2027,train:002477,14,0,1,0.9723896729699396
L02_seed2027,train:002478,14,0,1,0.9906983202231472
L02_seed2027,train:002479,14,0,1,0.9970388851448586
L02_seed2027,train:002480,14,0,1,0.9966823397659038
L02_seed2027,train:002481,14,0,1,0.9949913722190241
L02_seed2027,train:002482,14,0,1,0.9987023932544886
L02_seed2027,train:002483,14,0,1,0.9993280165421472
L02_seed2027,train:002484,14,0,1,0.9994748495165294
L02_seed2027,train:002485,14,0,1,0.9513506248855766
L02_seed2027,train:002486,14,0,1,0.9992083343931141
L02_seed2027,train:002487,14,0,1,0.9976926384837913
L02_seed2027,train:002488,14,0,1,0.9907187367266747
L02_seed2027,train:002489,14,0,1,0.993784622384495
L02_seed2027,train:002490,14,0,1,0.9927327312883305
L02_seed2027,train:002491,14,0,1,0.9825314913348435
L02_seed2027,train:002492,14,0,1,0.9173579602266623
L02_seed2027,train:002493,14,0,1,0.9631791995506995
L02_seed2027,train:002494,14,0,1,0.9937327487305385
L02_seed2027,train:004010,21,3,4,0.5198922858992757
L02_seed2027,train:004011,21,3,4,0.5052803383380821
L02_seed2027,train:004034,21,3,4,0.7803237740485028
L02_seed2027,train:004035,21,3,4,0.6409735714093876
L02_seed2027,train:004036,21,3,4,0.6377196755146852
L02_seed2027,train:004037,21,3,4,0.6679219913721172
L02_seed2027,train:004038,21,3,4,0.6241042165736878
L02_seed2027,train:004039,21,3,4,0.6493221300475885
L02_seed2027,train:004040,21,3,4,0.6343019909320744
L02_seed2027,train:004041,21,3,4,0.6657951699546999
L02_seed2027,train:004042,21,3,4,0.6339767722066921
L02_seed2027,train:004043,21,3,4,0.6226861244797536
L02_seed2027,train:004044,21,3,4,0.6412254577341227
L02_seed2027,train:004045,21,3,4,0.6275897153769883
L02_seed2027,train:004046,21,3,4,0.6218697546693001
L02_seed2027,train:004047,21,3,4,0.6204684439632401
L02_seed2027,train:004048,21,3,4,0.6029753823362946
L02_seed2027,train:004049,21,3,4,0.6103314686082427
L02_seed2027,train:004050,21,3,4,0.614709456885426
L02_seed2027,train:004051,21,3,4,0.5688212664113103
L02_seed2027,train:004052,21,3,4,0.5940681940710314
L02_seed2027,train:004053,21,3,4,0.5945048113299292
L02_seed2027,train:004054,21,3,4,0.6027000749058335
L02_seed2027,train:004055,21,3,4,0.5900649434976876
L02_seed2027,train:004056,21,3,4,0.6188402082790109
L02_seed2027,train:004112,21,0,1,0.9898985629953859
L02_seed2027,train:004176,21,4,1,0.9846069062084744
L02_seed2027,train:004239,21,3,4,0.6559886588226643
L02_seed2027,train:004240,21,3,4,0.5356950661275739
L02_seed2027,train:004241,21,3,4,0.6314645500118525
L02_seed2027,train:004242,21,3,4,0.6576991696297354
L02_seed2027,train:004244,21,3,4,0.6431794738257961
L02_seed2027,train:004245,21,3,4,0.6309932563517472
L02_seed2027,train:004246,21,3,4,0.6123293488903967
L02_seed2027,train:004247,21,3,4,0.5442535100543566
L02_seed2027,train:004248,21,3,4,0.6106684600598933
L02_seed2027,train:004249,21,3,4,0.6450663122748764
L02_seed2027,train:004250,21,3,4,0.5639224437293716
L02_seed2027,train:004251,21,3,4,0.6107385268556431
L02_seed2027,train:004252,21,3,4,0.580891098987388
L02_seed2027,train:004253,21,3,4,0.6443836734734915
L02_seed2027,train:004254,21,3,4,0.5941488141902713
L02_seed2027,train:004255,21,3,4,0.5184527976462998
L02_seed2027,train:004256,21,3,4,0.5729609542912827
L02_seed2027,train:004257,21,3,4,0.6119436578063426
L02_seed2027,train:004304,21,0,1,0.9975542362708002
L02_seed2027,train:004316,21,0,1,0.9923320217798943
L02_seed2027,train:004695,23,4,3,0.7164083239724593
L02_seed2027,train:004697,23,4,3,0.5201188621540882
L02_seed2027,train:004699,23,4,3,0.5650288132837334
L02_seed2027,train:004701,23,4,3,0.561009414698292
L02_seed2027,train:004703,23,4,3,0.5055756267019337
L02_seed2027,train:004704,23,4,3,0.5255247417172607
L02_seed2027,train:004705,23,4,3,0.5296511209847873
L02_seed2027,train:004706,23,4,3,0.5120356429585358
L02_seed2027,train:004710,23,4,3,0.5016315255049334
L02_seed2027,train:004827,23,0,2,0.36819229558123784
L02_seed2027,train:004833,23,2,0,0.9058827141151222
L02_seed2027,train:004847,23,2,0,0.6957202844099153
L02_seed2027,train:004848,23,2,0,0.5412045747804164
L02_seed2027,train:004850,23,2,0,0.8603073913574741
L02_seed2027,train:004938,23,3,4,0.5811929902428543
L02_seed2027,train:005018,23,2,0,0.9282819885541295
L02_seed2027,train:005033,23,2,0,0.7681802780078079
L02_seed2027,train:005035,23,2,0,0.5534350357322844
L02_seed2028,train:000030,1,3,2,0.6564534875251335
L02_seed2028,train:000334,1,2,1,0.6748182403856952
L02_seed2028,train:001039,6,3,4,0.525789388839758
L02_seed2028,train:001195,6,3,4,0.6965766090844155
L02_seed2028,train:001196,6,3,4,0.8025381700533528
L02_seed2028,train:001197,6,3,4,0.8124672090503537
L02_seed2028,train:001198,6,3,4,0.8215747104691885
L02_seed2028,train:001199,6,3,4,0.8221948450583103
L02_seed2028,train:001200,6,3,4,0.8192077211657474
L02_seed2028,train:001201,6,3,4,0.8221829352651286
L02_seed2028,train:001202,6,3,4,0.8241879547949884
L02_seed2028,train:001203,6,3,4,0.818877239129506
L02_seed2028,train:001204,6,3,4,0.8285469192224811
L02_seed2028,train:001205,6,3,4,0.8261390259899143
L02_seed2028,train:001206,6,3,4,0.8315188972302817
L02_seed2028,train:001207,6,3,4,0.8264618115881759
L02_seed2028,train:001208,6,3,4,0.8374626931375664
L02_seed2028,train:001311,6,1,2,0.4720621653365633
L02_seed2028,train:002262,14,3,4,0.6855078093299529
L02_seed2028,train:002263,14,3,4,0.7776039408320427
L02_seed2028,train:002264,14,3,4,0.791041840653934
L02_seed2028,train:002265,14,3,4,0.7892687026311237
L02_seed2028,train:002266,14,3,4,0.7865307775885275
L02_seed2028,train:002267,14,3,4,0.7731606910496026
L02_seed2028,train:002268,14,3,4,0.7644620133310164
L02_seed2028,train:002269,14,3,4,0.7652607304063712
L02_seed2028,train:002270,14,3,4,0.7681949662656636
L02_seed2028,train:002271,14,3,4,0.766206012706143
L02_seed2028,train:002272,14,3,4,0.7614563234330941
L02_seed2028,train:002273,14,3,4,0.768304643252933
L02_seed2028,train:002274,14,3,4,0.7655730960602893
L02_seed2028,train:002275,14,3,4,0.7792672456959758
L02_seed2028,train:002301,14,0,1,0.9527507791835642
L02_seed2028,train:002302,14,0,1,0.9357962374639286
L02_seed2028,train:002303,14,0,1,0.946293903816151
L02_seed2028,train:002304,14,0,1,0.9290828745230173
L02_seed2028,train:002305,14,0,1,0.8151583749402589
L02_seed2028,train:002306,14,0,1,0.8777150078290586
L02_seed2028,train:002307,14,0,1,0.8596559493564901
L02_seed2028,train:002308,14,0,1,0.8281147741908524
L02_seed2028,train:002309,14,0,1,0.8822832465076551
L02_seed2028,train:002310,14,0,1,0.8831577500863306
L02_seed2028,train:002311,14,0,1,0.8272908025995616
L02_seed2028,train:002312,14,0,1,0.8986607281556338
L02_seed2028,train:002313,14,0,1,0.9497914230839979
L02_seed2028,train:002314,14,0,1,0.9451520806544356
L02_seed2028,train:002315,14,0,1,0.9463304095119032
L02_seed2028,train:002316,14,0,1,0.8148386899499872
L02_seed2028,train:002317,14,0,1,0.9376503729743052
L02_seed2028,train:002318,14,0,1,0.9615700843430894
L02_seed2028,train:002319,14,0,1,0.9790373620093136
L02_seed2028,train:002320,14,0,1,0.9752729801398471
L02_seed2028,train:002321,14,0,1,0.9949563964023813
L02_seed2028,train:002322,14,0,1,0.9943292508281525
L02_seed2028,train:002323,14,0,1,0.9834136813674355
L02_seed2028,train:002324,14,0,1,0.9640156782865567
L02_seed2028,train:002325,14,0,1,0.9723300619265911
L02_seed2028,train:002326,14,0,1,0.9449617273745547
L02_seed2028,train:002327,14,0,1,0.9587583763394104
L02_seed2028,train:002328,14,0,1,0.9499575703782991
L02_seed2028,train:002329,14,0,1,0.9544048771219247
L02_seed2028,train:002330,14,0,1,0.9567999120580292
L02_seed2028,train:002331,14,2,1,0.7222776059302478
L02_seed2028,train:002333,14,2,1,0.5009095796421761
L02_seed2028,train:002334,14,2,1,0.6138008222850756
L02_seed2028,train:002338,14,2,1,0.683281905328447
L02_seed2028,train:002339,14,2,1,0.5758555786562881
L02_seed2028,train:002342,14,2,1,0.784785819392013
L02_seed2028,train:002344,14,2,1,0.5204778973009285
L02_seed2028,train:002346,14,2,1,0.579816582226559
L02_seed2028,train:002349,14,2,1,0.655328625335091
L02_seed2028,train:002350,14,2,1,0.8588766854474945
L02_seed2028,train:002354,14,2,1,0.8339702087480226
L02_seed2028,train:002412,14,3,0,0.9428983016666873
L02_seed2028,train:002413,14,3,0,0.7148552224966928
L02_seed2028,train:002414,14,3,0,0.4899631480475252
L02_seed2028,train:002426,14,3,4,0.8065887140039898
L02_seed2028,train:002427,14,3,4,0.8037874255389137
L02_seed2028,train:002428,14,3,4,0.8532445682425983
L02_seed2028,train:002429,14,3,4,0.8521599012410382
L02_seed2028,train:002430,14,3,4,0.8615126153574472
L02_seed2028,train:002431,14,3,4,0.8505785564345204
L02_seed2028,train:002432,14,3,4,0.8469298177841605
L02_seed2028,train:002433,14,3,4,0.8888765954282869
L02_seed2028,train:002434,14,3,4,0.8232742038934016
L02_seed2028,train:002435,14,3,4,0.8253653369649855
L02_seed2028,train:002436,14,3,4,0.827064529200808
L02_seed2028,train:002437,14,3,4,0.830729859392591
L02_seed2028,train:002438,14,3,4,0.8276873293610211
L02_seed2028,train:002439,14,3,4,0.8330319802464773
L02_seed2028,train:002466,14,0,1,0.9809124297384952
L02_seed2028,train:002467,14,0,1,0.9897508663834765
L02_seed2028,train:002468,14,0,1,0.9951017324182674
L02_seed2028,train:002469,14,0,1,0.9894917138883527
L02_seed2028,train:002470,14,0,1,0.9864681439382275
L02_seed2028,train:002471,14,0,1,0.975056418519561
L02_seed2028,train:002472,14,0,1,0.9598946578048269
L02_seed2028,train:002473,14,0,1,0.949823031733506
L02_seed2028,train:002474,14,0,1,0.8914905232537614
L02_seed2028,train:002475,14,0,1,0.9357344852110332
L02_seed2028,train:002476,14,0,1,0.8351304056506895
L02_seed2028,train:002477,14,0,1,0.9131667194937225
L02_seed2028,train:002478,14,0,1,0.9550188241290333
L02_seed2028,train:002479,14,0,1,0.9650387447600747
L02_seed2028,train:002480,14,0,1,0.9775008565545138
L02_seed2028,train:002481,14,0,1,0.9479763999484933
L02_seed2028,train:002482,14,0,1,0.9751698724433923
L02_seed2028,train:002483,14,0,1,0.9848656796000644
L02_seed2028,train:002484,14,0,1,0.9945178636625723
L02_seed2028,train:002485,14,0,1,0.9957459319300556
L02_seed2028,train:002486,14,0,1,0.9869770424790568
L02_seed2028,train:002487,14,0,1,0.9767257444828633
L02_seed2028,train:002488,14,0,1,0.9587156870341079
L02_seed2028,train:002489,14,0,1,0.9510275637666289
L02_seed2028,train:002490,14,0,1,0.8914127463932141
L02_seed2028,train:002491,14,0,1,0.9493594110949686
L02_seed2028,train:002492,14,0,1,0.9206772332216971
L02_seed2028,train:002493,14,0,1,0.8391883386533752
L02_seed2028,train:002494,14,0,1,0.95917279370811
L02_seed2028,train:002497,14,2,1,0.6018066223067474
L02_seed2028,train:002498,14,2,1,0.8277380320289687
L02_seed2028,train:002504,14,2,1,0.48094375317863625
L02_seed2028,train:002505,14,2,1,0.4655850794224315
L02_seed2028,train:002510,14,2,0,0.6043578133659644
L02_seed2028,train:002511,14,2,1,0.6004399276871425
L02_seed2028,train:002512,14,2,1,0.44232069985121053
L02_seed2028,train:002515,14,2,1,0.5174381609778088
L02_seed2028,train:004010,21,3,4,0.8237759467462038
L02_seed2028,train:004011,21,3,4,0.8052731936498303
L02_seed2028,train:004012,21,3,4,0.793635261314826
L02_seed2028,train:004013,21,3,4,0.7878819955439225
L02_seed2028,train:004014,21,3,4,0.7855513476939135
L02_seed2028,train:004015,21,3,4,0.7802453434138555
L02_seed2028,train:004016,21,3,4,0.7806670383054611
L02_seed2028,train:004017,21,3,4,0.7809102198020184
L02_seed2028,train:004018,21,3,4,0.7809190940435353
L02_seed2028,train:004019,21,3,4,0.779276662598777
L02_seed2028,train:004020,21,3,4,0.7740308103221678
L02_seed2028,train:004021,21,3,4,0.7702024967961184
L02_seed2028,train:004022,21,3,4,0.7698886754710234
L02_seed2028,train:004023,21,3,4,0.770023486942748
L02_seed2028,train:004024,21,3,4,0.7687231620993747
L02_seed2028,train:004025,21,3,4,0.7701153171404717
L02_seed2028,train:004026,21,3,4,0.7683836851582619
L02_seed2028,train:004027,21,3,4,0.7678620940977281
L02_seed2028,train:004028,21,3,4,0.767155117716214
L02_seed2028,train:004029,21,3,4,0.7640675023492054
L02_seed2028,train:004030,21,3,4,0.7612322796244069
L02_seed2028,train:004031,21,3,4,0.7623470490458281
L02_seed2028,train:004032,21,3,4,0.7572198497353265
L02_seed2028,train:004033,21,3,4,0.7352973611223156
L02_seed2028,train:004034,21,3,4,0.7388689257434231
L02_seed2028,train:004035,21,3,4,0.7384639172282988
L02_seed2028,train:004036,21,3,4,0.7338911257086751
L02_seed2028,train:004037,21,3,4,0.725832914082336
L02_seed2028,train:004038,21,3,4,0.7114461269896523
L02_seed2028,train:004039,21,3,4,0.7116161966677897
L02_seed2028,train:004040,21,3,4,0.7236545142649078
L02_seed2028,train:004041,21,3,4,0.7189356502619489
L02_seed2028,train:004042,21,3,4,0.7045570797421481
L02_seed2028,train:004043,21,3,4,0.6909800330064384
L02_seed2028,train:004044,21,3,4,0.6947333606195834
L02_seed2028,train:004045,21,3,4,0.6963651720486946
L02_seed2028,train:004046,21,3,4,0.6999553920693435
L02_seed2028,train:004047,21,3,4,0.7047918975258537
L02_seed2028,train:004048,21,3,4,0.6926451647543552
L02_seed2028,train:004049,21,3,4,0.6886124544575812
L02_seed2028,train:004050,21,3,4,0.6863116692224035
L02_seed2028,train:004051,21,3,4,0.6858085260538143
L02_seed2028,train:004052,21,3,4,0.6723639502436283
L02_seed2028,train:004053,21,3,4,0.672565632779173
L02_seed2028,train:004054,21,3,4,0.6810146377293652
L02_seed2028,train:004055,21,3,4,0.6773692155050836
L02_seed2028,train:004056,21,3,4,0.6770962137411246
L02_seed2028,train:004131,21,2,1,0.7367007554355222
L02_seed2028,train:004238,21,3,4,0.7611918626307808
L02_seed2028,train:004239,21,3,4,0.7844064611664874
L02_seed2028,train:004240,21,3,4,0.7751102933944315
L02_seed2028,train:004241,21,3,4,0.7679123665635187
L02_seed2028,train:004242,21,3,4,0.7639852960732649
L02_seed2028,train:004243,21,3,4,0.7421606893798112
L02_seed2028,train:004244,21,3,4,0.7458845687107498
L02_seed2028,train:004245,21,3,4,0.7360363304929245
L02_seed2028,train:004246,21,3,4,0.7303279815502562
L02_seed2028,train:004247,21,3,4,0.7148723243134005
L02_seed2028,train:004248,21,3,4,0.7126855857122246
L02_seed2028,train:004249,21,3,4,0.7274880296147032
L02_seed2028,train:004250,21,3,4,0.712926990939478
L02_seed2028,train:004251,21,3,4,0.7109114954362938
L02_seed2028,train:004252,21,3,4,0.6995819245651408
L02_seed2028,train:004253,21,3,4,0.7114101413163373
L02_seed2028,train:004254,21,3,4,0.719943765474336
L02_seed2028,train:004255,21,3,4,0.7050127770455665
L02_seed2028,train:004256,21,3,4,0.6847426059390136
L02_seed2028,train:004257,21,3,4,0.6794600261871359
L02_seed2028,train:004316,21,0,1,0.8113156552262452
L02_seed2028,train:004695,23,4,3,0.7476405345721832
L02_seed2028,train:004827,23,0,1,0.7009978331823542
L02_seed2028,train:004833,23,2,1,0.5445867907326843
L02_seed2028,train:004836,23,2,0,0.5382165787410843
L02_seed2028,train:004837,23,1,0,0.6630202992764331
L02_seed2028,train:004838,23,1,0,0.4815925675439418
L02_seed2028,train:004839,23,1,0,0.8536666983870675
L02_seed2028,train:004850,23,2,1,0.6108754431788365
L02_seed2028,train:004938,23,3,4,0.7460530601757394
L02_seed2028,train:004941,23,3,4,0.8374156245243447
L02_seed2028,train:005018,23,2,1,0.5127386270288927
L02_seed2028,train:005036,23,2,1,0.6110142675631848
L02_seed2028,train:005037,23,2,1,0.48898179378885026
L02_seed2028,train:005039,23,2,0,0.5571123799825517
L03_seed2026,train:000030,1,3,2,0.7552655487719263
L03_seed2026,train:000248,1,0,1,0.841661279440072
L03_seed2026,train:000269,1,0,1,0.7961378922281257
L03_seed2026,train:000271,1,0,1,0.6741126205340161
L03_seed2026,train:000332,1,2,0,0.4766257868634488
L03_seed2026,train:001039,6,3,2,0.3681715699294213
L03_seed2026,train:001040,6,3,4,0.7655253721339426
L03_seed2026,train:001041,6,3,4,0.5979805437884134
L03_seed2026,train:001044,6,3,4,0.5060022968747114
L03_seed2026,train:001045,6,3,4,0.5011205975836512
L03_seed2026,train:001046,6,3,4,0.5021959650114518
L03_seed2026,train:001160,6,4,0,0.45635948286864014
L03_seed2026,train:001195,6,3,4,0.6773295885558983
L03_seed2026,train:001196,6,3,4,0.7349400603903657
L03_seed2026,train:001197,6,3,4,0.7903826217087851
L03_seed2026,train:001198,6,3,4,0.7870458130047099
L03_seed2026,train:001199,6,3,4,0.7832179615755459
L03_seed2026,train:001200,6,3,4,0.7814021723248417
L03_seed2026,train:001201,6,3,4,0.777924391374882
L03_seed2026,train:001202,6,3,4,0.7710046147701579
L03_seed2026,train:001203,6,3,4,0.7728252056225331
L03_seed2026,train:001204,6,3,4,0.780392592083507
L03_seed2026,train:001205,6,3,4,0.7921267447321746
L03_seed2026,train:001206,6,3,4,0.7914600684942583
L03_seed2026,train:001207,6,3,4,0.7907377226381804
L03_seed2026,train:001208,6,3,4,0.7952261615743059
L03_seed2026,train:002251,14,3,4,0.52378787824934
L03_seed2026,train:002252,14,3,4,0.5627185965850342
L03_seed2026,train:002253,14,3,4,0.5330438706092625
L03_seed2026,train:002254,14,3,4,0.5406643883481363
L03_seed2026,train:002255,14,3,4,0.554863652879701
L03_seed2026,train:002256,14,3,4,0.5477903541312446
L03_seed2026,train:002257,14,3,4,0.5339420226415585
L03_seed2026,train:002258,14,3,4,0.5527794340264985
L03_seed2026,train:002259,14,3,4,0.5475369653659473
L03_seed2026,train:002260,14,3,4,0.5598531521503546
L03_seed2026,train:002261,14,3,4,0.5335845902296282
L03_seed2026,train:002262,14,3,4,0.7332849341452824
L03_seed2026,train:002263,14,3,4,0.7442023066246372
L03_seed2026,train:002264,14,3,4,0.7445134106797324
L03_seed2026,train:002265,14,3,4,0.732837045524891
L03_seed2026,train:002266,14,3,4,0.7270080689908278
L03_seed2026,train:002267,14,3,4,0.7182102290753907
L03_seed2026,train:002268,14,3,4,0.7037404309452474
L03_seed2026,train:002269,14,3,4,0.7181290987480845
L03_seed2026,train:002270,14,3,4,0.7237091341449197
L03_seed2026,train:002271,14,3,4,0.7132518884866268
L03_seed2026,train:002272,14,3,4,0.7221783381946085
L03_seed2026,train:002273,14,3,4,0.7196554223917732
L03_seed2026,train:002274,14,3,4,0.7193258802579369
L03_seed2026,train:002275,14,3,4,0.7122457490153278
L03_seed2026,train:002301,14,0,1,0.9602785468901018
L03_seed2026,train:002302,14,0,1,0.9618909610641442
L03_seed2026,train:002303,14,0,1,0.9719801707594609
L03_seed2026,train:002304,14,0,1,0.9610158250542277
L03_seed2026,train:002305,14,0,1,0.9524876855816167
L03_seed2026,train:002306,14,0,1,0.9461858942893168
L03_seed2026,train:002307,14,0,1,0.9507927772238138
L03_seed2026,train:002308,14,0,1,0.904497587873066
L03_seed2026,train:002309,14,0,1,0.9331858526409528
L03_seed2026,train:002310,14,0,1,0.9135599893424632
L03_seed2026,train:002311,14,0,1,0.9200408332289509
L03_seed2026,train:002312,14,0,1,0.9175560848096206
L03_seed2026,train:002313,14,0,1,0.9495754778233011
L03_seed2026,train:002314,14,0,1,0.9469180951372085
L03_seed2026,train:002315,14,0,1,0.947041429631755
L03_seed2026,train:002316,14,0,1,0.8967987242861095
L03_seed2026,train:002317,14,0,1,0.9510258294185696
L03_seed2026,train:002318,14,0,1,0.9583142359144053
L03_seed2026,train:002319,14,0,1,0.9865181158627115
L03_seed2026,train:002320,14,0,1,0.9861725124103037
L03_seed2026,train:002321,14,0,1,0.9796969364003567
L03_seed2026,train:002322,14,0,1,0.9846452768932972
L03_seed2026,train:002323,14,0,1,0.980137156571328
L03_seed2026,train:002324,14,0,1,0.9831444502382856
L03_seed2026,train:002325,14,0,1,0.9830165531514328
L03_seed2026,train:002326,14,0,1,0.9717308864670142
L03_seed2026,train:002327,14,0,1,0.9525030266599451
L03_seed2026,train:002328,14,0,1,0.9575034987183985
L03_seed2026,train:002329,14,0,1,0.9659656082465266
L03_seed2026,train:002330,14,0,1,0.9616883293155709
L03_seed2026,train:002331,14,2,0,0.9257460893712899
L03_seed2026,train:002334,14,2,1,0.6873453185071163
L03_seed2026,train:002335,14,2,1,0.6267095899189548
L03_seed2026,train:002336,14,2,0,0.4754743992022061
L03_seed2026,train:002337,14,2,0,0.9643435372170249
L03_seed2026,train:002342,14,2,1,0.743288539595589
L03_seed2026,train:002344,14,2,1,0.37323287816162887
L03_seed2026,train:002348,14,2,1,0.8158996194435938
L03_seed2026,train:002349,14,2,1,0.6058151952428946
L03_seed2026,train:002350,14,2,1,0.7324366454686724
L03_seed2026,train:002351,14,2,1,0.4926482596946415
L03_seed2026,train:002354,14,2,1,0.4806677801920079
L03_seed2026,train:002412,14,3,0,0.9963310903654561
L03_seed2026,train:002426,14,3,4,0.7000478957114171
L03_seed2026,train:002427,14,3,1,0.3084324334441307
L03_seed2026,train:002428,14,3,4,0.7618284311300678
L03_seed2026,train:002429,14,3,4,0.7619677087050102
L03_seed2026,train:002430,14,3,4,0.7518260682298363
L03_seed2026,train:002431,14,3,4,0.7533972877523506
L03_seed2026,train:002432,14,3,4,0.7598188125940417
L03_seed2026,train:002433,14,3,4,0.7441474957967912
L03_seed2026,train:002434,14,3,4,0.7436424331216622
L03_seed2026,train:002435,14,3,4,0.7352644509838459
L03_seed2026,train:002436,14,3,4,0.7407619050810081
L03_seed2026,train:002437,14,3,4,0.7341965065556905
L03_seed2026,train:002438,14,3,4,0.7379701755696171
L03_seed2026,train:002439,14,3,4,0.7375663859115053
L03_seed2026,train:002466,14,0,1,0.9921262745387524
L03_seed2026,train:002467,14,0,1,0.9882313757705943
L03_seed2026,train:002468,14,0,1,0.9870344645894505
L03_seed2026,train:002469,14,0,1,0.9882830932845154
L03_seed2026,train:002470,14,0,1,0.9839186893774509
L03_seed2026,train:002471,14,0,1,0.972919909263584
L03_seed2026,train:002472,14,0,1,0.9742074344039208
L03_seed2026,train:002473,14,0,1,0.970203409235658
L03_seed2026,train:002474,14,0,1,0.9744338802684335
L03_seed2026,train:002475,14,0,1,0.9691190365272837
L03_seed2026,train:002476,14,0,1,0.8849499772109188
L03_seed2026,train:002477,14,0,1,0.9511833073259106
L03_seed2026,train:002478,14,0,1,0.9621626788321959
L03_seed2026,train:002479,14,0,1,0.9675005452238407
L03_seed2026,train:002480,14,0,1,0.9778034594833069
L03_seed2026,train:002481,14,0,1,0.950828742712512
L03_seed2026,train:002482,14,0,1,0.9899054465635941
L03_seed2026,train:002483,14,0,1,0.9904939586240272
L03_seed2026,train:002484,14,0,1,0.9865154169982139
L03_seed2026,train:002485,14,0,1,0.9864771641022507
L03_seed2026,train:002486,14,0,1,0.9864274768191876
L03_seed2026,train:002487,14,0,1,0.9734953972337933
L03_seed2026,train:002488,14,0,1,0.9664461229351076
L03_seed2026,train:002489,14,0,1,0.9664919732445681
L03_seed2026,train:002490,14,0,1,0.9743134587782788
L03_seed2026,train:002491,14,0,1,0.9672491865707876
L03_seed2026,train:002492,14,0,1,0.9496493211813039
L03_seed2026,train:002493,14,0,1,0.9330282865180758
L03_seed2026,train:002494,14,0,1,0.947606050339149
L03_seed2026,train:002496,14,2,1,0.61032493303979
L03_seed2026,train:002497,14,2,1,0.8217834867572659
L03_seed2026,train:002498,14,2,1,0.9483805475883116
L03_seed2026,train:002500,14,2,1,0.6829652104662781
L03_seed2026,train:002503,14,2,1,0.6402602314959052
L03_seed2026,train:002504,14,2,1,0.43799674751458545
L03_seed2026,train:002505,14,2,1,0.5139802174467177
L03_seed2026,train:002507,14,2,1,0.5976405099973082
L03_seed2026,train:002508,14,2,1,0.7482231286318753
L03_seed2026,train:002510,14,2,1,0.5855585236174491
L03_seed2026,train:002512,14,2,1,0.5179948023631898
L03_seed2026,train:004010,21,3,4,0.7107961287671108
L03_seed2026,train:004011,21,3,4,0.7056213438506533
L03_seed2026,train:004012,21,3,4,0.7066202964981249
L03_seed2026,train:004013,21,3,4,0.7087028091026324
L03_seed2026,train:004014,21,3,4,0.7042759007776584
L03_seed2026,train:004015,21,3,4,0.7050091330209177
L03_seed2026,train:004016,21,3,4,0.7077772413087556
L03_seed2026,train:004017,21,3,4,0.7048440831909802
L03_seed2026,train:004018,21,3,4,0.7013379032354109
L03_seed2026,train:004019,21,3,4,0.7035233783965343
L03_seed2026,train:004020,21,3,4,0.6937032211372959
L03_seed2026,train:004021,21,3,4,0.6976623347426708
L03_seed2026,train:004022,21,3,4,0.6907392973881583
L03_seed2026,train:004023,21,3,4,0.6932501276974876
L03_seed2026,train:004024,21,3,4,0.6902178625718554
L03_seed2026,train:004025,21,3,4,0.6948370606467079
L03_seed2026,train:004026,21,3,4,0.6889612212053604
L03_seed2026,train:004027,21,3,4,0.6921473911914509
L03_seed2026,train:004028,21,3,4,0.6888818169802572
L03_seed2026,train:004029,21,3,4,0.6897164468343094
L03_seed2026,train:004030,21,3,4,0.6805586016502505
L03_seed2026,train:004031,21,3,4,0.684844407662006
L03_seed2026,train:004032,21,3,4,0.6912876298923556
L03_seed2026,train:004033,21,3,4,0.8353114154354808
L03_seed2026,train:004034,21,3,4,0.7987692974550402
L03_seed2026,train:004035,21,3,4,0.7428755852265649
L03_seed2026,train:004036,21,3,4,0.715895556069898
L03_seed2026,train:004037,21,3,4,0.7105330372477042
L03_seed2026,train:004038,21,3,4,0.6949155565453737
L03_seed2026,train:004039,21,3,4,0.7213652970066823
L03_seed2026,train:004040,21,3,4,0.7106905563519971
L03_seed2026,train:004041,21,3,4,0.7106991281035341
L03_seed2026,train:004042,21,3,4,0.6948216785144379
L03_seed2026,train:004043,21,3,4,0.6898285259206929
L03_seed2026,train:004044,21,3,4,0.6965958889509372
L03_seed2026,train:004045,21,3,4,0.6959288636453136
L03_seed2026,train:004046,21,3,4,0.695968449391311
L03_seed2026,train:004047,21,3,4,0.6911802100965545
L03_seed2026,train:004048,21,3,4,0.6885109991274703
L03_seed2026,train:004049,21,3,4,0.6768982070821611
L03_seed2026,train:004050,21,3,4,0.6864409982720752
L03_seed2026,train:004051,21,3,4,0.6783506806332423
L03_seed2026,train:004052,21,3,4,0.6703140572611586
L03_seed2026,train:004053,21,3,4,0.6784329826643076
L03_seed2026,train:004054,21,3,4,0.6804232053253924
L03_seed2026,train:004055,21,3,4,0.6754585308815028
L03_seed2026,train:004056,21,3,4,0.6737580580908378
L03_seed2026,train:004115,21,0,1,0.7552053764428299
L03_seed2026,train:004238,21,3,4,0.8368523785492403
L03_seed2026,train:004239,21,3,4,0.7866965251520036
L03_seed2026,train:004240,21,3,4,0.7541736166790522
L03_seed2026,train:004241,21,3,4,0.7264666715286744
L03_seed2026,train:004242,21,3,4,0.7071047115326449
L03_seed2026,train:004243,21,3,4,0.7509659426009948
L03_seed2026,train:004244,21,3,4,0.7022503306730299
L03_seed2026,train:004245,21,3,4,0.7312510252951886
L03_seed2026,train:004246,21,3,4,0.6905290266910741
L03_seed2026,train:004247,21,3,4,0.7053933307293045
L03_seed2026,train:004248,21,3,4,0.7079320761788481
L03_seed2026,train:004249,21,3,4,0.7032508237809695
L03_seed2026,train:004250,21,3,4,0.6828957715919224
L03_seed2026,train:004251,21,3,4,0.6953742610037821
L03_seed2026,train:004252,21,3,4,0.6917930561109318
L03_seed2026,train:004253,21,3,4,0.7100535854062607
L03_seed2026,train:004254,21,3,4,0.6992433655856842
L03_seed2026,train:004255,21,3,4,0.6783995029024016
L03_seed2026,train:004256,21,3,4,0.6789649029017059
L03_seed2026,train:004257,21,3,4,0.6665654054800431
L03_seed2026,train:004304,21,0,1,0.9671667121782355
L03_seed2026,train:004316,21,0,1,0.5913483382993282
L03_seed2026,train:004726,23,4,3,0.5877209815570683
L03_seed2026,train:004747,23,3,4,0.5213348148882224
L03_seed2026,train:004748,23,3,4,0.5242020433141562
L03_seed2026,train:004749,23,3,4,0.5268845583954479
L03_seed2026,train:004750,23,3,4,0.52189612584174
L03_seed2026,train:004751,23,3,4,0.5193308712207136
L03_seed2026,train:004753,23,3,4,0.5105864161864441
L03_seed2026,train:004813,23,0,1,0.6359271186538854
L03_seed2026,train:004827,23,0,1,0.9500184372578326
L03_seed2026,train:004833,23,2,0,0.9951586108938169
L03_seed2026,train:004834,23,2,0,0.9905204840584144
L03_seed2026,train:004835,23,2,0,0.6991333456716015
L03_seed2026,train:004938,23,3,0,0.4404134323582536
L03_seed2026,train:004939,23,3,0,0.5031761853044218
L03_seed2026,train:004940,23,3,0,0.990606522079024
L03_seed2026,train:004941,23,3,0,0.9485728858927264
L03_seed2026,train:004984,23,0,1,0.47127749191696583
L03_seed2026,train:005035,23,2,1,0.37448432204100307
L03_seed2026,train:005038,23,2,0,0.8235080248842763
L03_seed2027,train:001039,6,3,4,0.6318153047115425
L03_seed2027,train:001040,6,3,4,0.5088229719195514
L03_seed2027,train:001195,6,3,4,0.5336612361643858
L03_seed2027,train:001196,6,3,4,0.6331087234404997
L03_seed2027,train:001197,6,3,4,0.6258915594808682
L03_seed2027,train:001198,6,3,4,0.6110432630771941
L03_seed2027,train:001199,6,3,4,0.6004458992350608
L03_seed2027,train:001200,6,3,4,0.6303009666368853
L03_seed2027,train:001201,6,3,4,0.6127232500121405
L03_seed2027,train:001202,6,3,4,0.6239987421896412
L03_seed2027,train:001203,6,3,4,0.6098161203225058
L03_seed2027,train:001204,6,3,4,0.6535397787725713
L03_seed2027,train:001205,6,3,4,0.6366568991602937
L03_seed2027,train:001206,6,3,4,0.6425819647001266
L03_seed2027,train:001207,6,3,4,0.6467413482825887
L03_seed2027,train:001208,6,3,4,0.6559085198781379
L03_seed2027,train:001255,6,0,1,0.6250607397305441
L03_seed2027,train:001311,6,1,0,0.858285428316323
L03_seed2027,train:002250,14,3,4,0.667469557166128
L03_seed2027,train:002262,14,3,4,0.5232707636543475
L03_seed2027,train:002263,14,3,4,0.5365879079111651
L03_seed2027,train:002264,14,3,4,0.5476678268250477
L03_seed2027,train:002265,14,3,4,0.5474566749583138
L03_seed2027,train:002266,14,3,4,0.5354463469626629
L03_seed2027,train:002267,14,3,4,0.5137631890206676
L03_seed2027,train:002268,14,3,4,0.510134999793226
L03_seed2027,train:002269,14,3,4,0.5183716685048745
L03_seed2027,train:002270,14,3,4,0.5146052682749647
L03_seed2027,train:002271,14,3,4,0.5134942384263095
L03_seed2027,train:002272,14,3,4,0.5130751009185153
L03_seed2027,train:002273,14,3,4,0.5138102170243073
L03_seed2027,train:002274,14,3,4,0.5135395895498082
L03_seed2027,train:002275,14,3,4,0.5368961467829324
L03_seed2027,train:002301,14,0,1,0.9378342144918452
L03_seed2027,train:002302,14,0,1,0.8824009440889141
L03_seed2027,train:002303,14,0,1,0.9055526586296675
L03_seed2027,train:002304,14,0,1,0.8914130035606446
L03_seed2027,train:002305,14,0,1,0.8725193330283977
L03_seed2027,train:002306,14,0,1,0.9399203869809871
L03_seed2027,train:002307,14,0,1,0.9610082387393234
L03_seed2027,train:002308,14,0,1,0.9633845551430598
L03_seed2027,train:002309,14,0,1,0.9728112770806429
L03_seed2027,train:002310,14,0,1,0.9756313381855425
L03_seed2027,train:002311,14,0,1,0.9227294113800788
L03_seed2027,train:002312,14,0,1,0.9558462026253006
L03_seed2027,train:002313,14,0,1,0.9589046941598445
L03_seed2027,train:002314,14,0,1,0.7871957190638013
L03_seed2027,train:002315,14,0,1,0.9563027194330257
L03_seed2027,train:002316,14,0,1,0.9231874191602335
L03_seed2027,train:002317,14,0,1,0.9476472784848838
L03_seed2027,train:002318,14,0,1,0.9684825412401286
L03_seed2027,train:002319,14,0,1,0.9718439744773459
L03_seed2027,train:002320,14,0,1,0.968974008156461
L03_seed2027,train:002321,14,0,1,0.9730638630524854
L03_seed2027,train:002322,14,0,1,0.9818239144340674
L03_seed2027,train:002323,14,0,1,0.9823186537667092
L03_seed2027,train:002324,14,0,1,0.9752799329756331
L03_seed2027,train:002325,14,0,1,0.974336463553163
L03_seed2027,train:002326,14,0,1,0.9185756654919541
L03_seed2027,train:002327,14,0,1,0.9380923076826567
L03_seed2027,train:002328,14,0,1,0.9366456209928057
L03_seed2027,train:002329,14,0,1,0.9080325067690743
L03_seed2027,train:002330,14,0,1,0.9276177101747516
L03_seed2027,train:002331,14,2,1,0.8709378581794871
L03_seed2027,train:002332,14,2,1,0.8957756119595396
L03_seed2027,train:002334,14,2,1,0.5152674974687677
L03_seed2027,train:002335,14,2,1,0.9403084288667787
L03_seed2027,train:002338,14,2,1,0.6389151157180141
L03_seed2027,train:002345,14,2,1,0.5454629498067812
L03_seed2027,train:002347,14,2,1,0.8494453761855818
L03_seed2027,train:002348,14,2,1,0.9297304294232347
L03_seed2027,train:002349,14,2,1,0.6951738579008764
L03_seed2027,train:002350,14,2,1,0.854626327501448
L03_seed2027,train:002351,14,2,1,0.46564870109183754
L03_seed2027,train:002412,14,3,4,0.7410757079076224
L03_seed2027,train:002426,14,3,4,0.8273293489939154
L03_seed2027,train:002427,14,3,4,0.8635564474424736
L03_seed2027,train:002428,14,3,4,0.9114374354152639
L03_seed2027,train:002429,14,3,4,0.8396799872159955
L03_seed2027,train:002430,14,3,4,0.8323815831105092
L03_seed2027,train:002431,14,3,4,0.8339432159035598
L03_seed2027,train:002432,14,3,4,0.8262490511669712
L03_seed2027,train:002433,14,3,4,0.8346959936179299
L03_seed2027,train:002434,14,3,4,0.711605467300006
L03_seed2027,train:002435,14,3,4,0.7544498912277208
L03_seed2027,train:002436,14,3,4,0.7100536341834802
L03_seed2027,train:002437,14,3,4,0.7084742401473781
L03_seed2027,train:002438,14,3,4,0.7085926454432007
L03_seed2027,train:002439,14,3,4,0.7073054576427956
L03_seed2027,train:002466,14,0,1,0.9773705293878556
L03_seed2027,train:002467,14,0,1,0.9797206380980175
L03_seed2027,train:002468,14,0,1,0.9800472560050066
L03_seed2027,train:002469,14,0,1,0.9807784907605616
L03_seed2027,train:002470,14,0,1,0.9801390823026805
L03_seed2027,train:002471,14,0,1,0.913671584402581
L03_seed2027,train:002472,14,0,1,0.8988529543673708
L03_seed2027,train:002473,14,0,1,0.9379261158132096
L03_seed2027,train:002474,14,0,1,0.8952156967943433
L03_seed2027,train:002475,14,0,1,0.9378315734345362
L03_seed2027,train:002476,14,0,1,0.9686447239967033
L03_seed2027,train:002477,14,0,1,0.9738722683103612
L03_seed2027,train:002478,14,0,1,0.9708170726409437
L03_seed2027,train:002479,14,0,1,0.9735660157010664
L03_seed2027,train:002480,14,0,1,0.9681924184838263
L03_seed2027,train:002481,14,0,1,0.9681702103421758
L03_seed2027,train:002482,14,0,1,0.9792825920696885
L03_seed2027,train:002483,14,0,1,0.9721427960535999
L03_seed2027,train:002484,14,0,1,0.9808322540255228
L03_seed2027,train:002485,14,0,1,0.9787616045178517
L03_seed2027,train:002486,14,0,1,0.9795205981902042
L03_seed2027,train:002487,14,0,1,0.9742621829711755
L03_seed2027,train:002488,14,0,1,0.9321895477366176
L03_seed2027,train:002489,14,0,1,0.9111931867464167
L03_seed2027,train:002490,14,0,1,0.9342992133014533
L03_seed2027,train:002491,14,0,1,0.9112598936675513
L03_seed2027,train:002492,14,0,1,0.9720447636438295
L03_seed2027,train:002493,14,0,1,0.9712549818721351
L03_seed2027,train:002494,14,0,1,0.9730349885759657
L03_seed2027,train:002495,14,2,1,0.9022981813564478
L03_seed2027,train:002497,14,2,1,0.6646397621712095
L03_seed2027,train:002498,14,2,1,0.9446204645652807
L03_seed2027,train:002499,14,2,0,0.4841861481650346
L03_seed2027,train:002500,14,2,1,0.7143182582178567
L03_seed2027,train:002501,14,2,1,0.7013491357293183
L03_seed2027,train:002502,14,2,1,0.556072716881001
L03_seed2027,train:002503,14,2,1,0.9715068237935298
L03_seed2027,train:002505,14,2,1,0.6335667051411747
L03_seed2027,train:002506,14,2,1,0.7560871576555389
L03_seed2027,train:002507,14,2,1,0.6186653233405599
L03_seed2027,train:002508,14,2,1,0.8034897396004963
L03_seed2027,train:002509,14,2,1,0.8598893474266331
L03_seed2027,train:002510,14,2,0,0.6271942651763477
L03_seed2027,train:002512,14,2,0,0.5784587417087096
L03_seed2027,train:002513,14,2,1,0.5390661701570898
L03_seed2027,train:002514,14,2,1,0.514936443969688
L03_seed2027,train:004010,21,3,4,0.6584873910822228
L03_seed2027,train:004011,21,3,4,0.6116676446499346
L03_seed2027,train:004012,21,3,4,0.5698187376703591
L03_seed2027,train:004013,21,3,4,0.5518920926660222
L03_seed2027,train:004014,21,3,4,0.5421963474407987
L03_seed2027,train:004015,21,3,4,0.534315379915018
L03_seed2027,train:004016,21,3,4,0.5370376008354463
L03_seed2027,train:004017,21,3,4,0.5450286297157935
L03_seed2027,train:004018,21,3,4,0.5366002825575227
L03_seed2027,train:004019,21,3,4,0.5272114379718141
L03_seed2027,train:004020,21,3,4,0.5303610526910072
L03_seed2027,train:004021,21,3,4,0.5258076948536204
L03_seed2027,train:004022,21,3,4,0.5220614438638908
L03_seed2027,train:004023,21,3,4,0.5229536260922537
L03_seed2027,train:004024,21,3,4,0.5257679501453844
L03_seed2027,train:004025,21,3,4,0.5140685381349074
L03_seed2027,train:004026,21,3,4,0.5175489978536602
L03_seed2027,train:004027,21,3,4,0.5200899543585008
L03_seed2027,train:004028,21,3,4,0.5162319043917433
L03_seed2027,train:004029,21,3,4,0.5116654445461775
L03_seed2027,train:004030,21,3,4,0.5088576740800362
L03_seed2027,train:004031,21,3,4,0.5096315296701268
L03_seed2027,train:004032,21,3,4,0.5062603118213742
L03_seed2027,train:004035,21,3,4,0.5014186660476079
L03_seed2027,train:004036,21,3,4,0.5220295199633604
L03_seed2027,train:004037,21,3,4,0.5063883081859779
L03_seed2027,train:004038,21,3,4,0.5138270758600721
L03_seed2027,train:004115,21,0,1,0.9715615777469415
L03_seed2027,train:004238,21,3,5,0.611546459004523
L03_seed2027,train:004239,21,3,4,0.5221441199808157
L03_seed2027,train:004240,21,3,4,0.5245211047149454
L03_seed2027,train:004241,21,3,4,0.5473513918962143
L03_seed2027,train:004242,21,3,4,0.5611156692664081
L03_seed2027,train:004243,21,3,4,0.5018558839873255
L03_seed2027,train:004244,21,3,4,0.5102816560729324
L03_seed2027,train:004245,21,3,4,0.5211623885380651
L03_seed2027,train:004304,21,0,1,0.6332969843074484
L03_seed2027,train:004316,21,0,1,0.9215291204429176
L03_seed2027,train:004694,23,4,3,0.5779285622100664
L03_seed2027,train:004695,23,4,3,0.5680567731115989
L03_seed2027,train:004696,23,4,3,0.5507046985365059
L03_seed2027,train:004697,23,4,3,0.5629466182247819
L03_seed2027,train:004698,23,4,3,0.5499702015247792
L03_seed2027,train:004699,23,4,3,0.56563087657122
L03_seed2027,train:004700,23,4,3,0.5716689273925463
L03_seed2027,train:004701,23,4,3,0.5734866320747632
L03_seed2027,train:004702,23,4,3,0.5739652231325342
L03_seed2027,train:004703,23,4,3,0.579157380101205
L03_seed2027,train:004704,23,4,3,0.5771568522668802
L03_seed2027,train:004705,23,4,3,0.5745046664219192
L03_seed2027,train:004706,23,4,3,0.5751339463523292
L03_seed2027,train:004707,23,4,3,0.5699766199503722
L03_seed2027,train:004708,23,4,3,0.5704573984013567
L03_seed2027,train:004709,23,4,3,0.5687573950018662
L03_seed2027,train:004710,23,4,3,0.5728420816365003
L03_seed2027,train:004711,23,4,3,0.5600972224929345
L03_seed2027,train:004827,23,0,1,0.5364848344113597
L03_seed2027,train:004833,23,2,0,0.8793128102904696
L03_seed2027,train:004938,23,3,4,0.573160350625391
L03_seed2027,train:004940,23,3,0,0.8312859097777326
L03_seed2027,train:004941,23,3,0,0.6758805984602502
L03_seed2027,train:004984,23,0,1,0.8753943667281711
L03_seed2027,train:005018,23,2,0,0.6396585926829617
L03_seed2027,train:005056,23,1,0,0.6547638969687739
L03_seed2028,train:000078,1,0,1,0.6160371279502025
L03_seed2028,train:000079,1,0,1,0.6002937898354069
L03_seed2028,train:000080,1,0,1,0.5293762990830093
L03_seed2028,train:000084,1,0,1,0.6263258588819034
L03_seed2028,train:000086,1,0,1,0.6153154162423107
L03_seed2028,train:000088,1,0,1,0.5865006348606517
L03_seed2028,train:000091,1,0,1,0.5697594085611493
L03_seed2028,train:000092,1,0,1,0.5622061595694913
L03_seed2028,train:000093,1,0,1,0.5508696870132032
L03_seed2028,train:000100,1,0,1,0.5136977053871031
L03_seed2028,train:000101,1,0,1,0.5611528295983215
L03_seed2028,train:000105,1,0,1,0.6050822137042515
L03_seed2028,train:000106,1,0,1,0.5431869049055711
L03_seed2028,train:000107,1,0,1,0.5868901815344105
L03_seed2028,train:000112,1,0,1,0.515553384485679
L03_seed2028,train:000116,1,0,1,0.6700802952840536
L03_seed2028,train:000117,1,0,1,0.5116476834500233
L03_seed2028,train:000248,1,0,1,0.5083671496308094
L03_seed2028,train:000250,1,0,1,0.49584962046941977
L03_seed2028,train:000251,1,0,1,0.5620240913898216
L03_seed2028,train:000252,1,0,1,0.5245644124486386
L03_seed2028,train:000254,1,0,1,0.5562153987007715
L03_seed2028,train:000263,1,0,1,0.5183676129929988
L03_seed2028,train:000264,1,0,1,0.5849935353388287
L03_seed2028,train:000269,1,0,1,0.7094047331836171
L03_seed2028,train:000271,1,0,1,0.6782152404615287
L03_seed2028,train:000274,1,0,1,0.5945621315729782
L03_seed2028,train:000282,1,0,1,0.520125381742754
L03_seed2028,train:000284,1,0,1,0.5702964770565981
L03_seed2028,train:000285,1,0,1,0.5556657792629962
L03_seed2028,train:000286,1,0,1,0.5190257867027427
L03_seed2028,train:000292,1,0,1,0.5262323943767602
L03_seed2028,train:000295,1,0,1,0.5742072729114469
L03_seed2028,train:000299,1,2,0,0.7785615197436712
L03_seed2028,train:000343,1,2,0,0.7744188763283453
L03_seed2028,train:001039,6,3,4,0.47304603850080923
L03_seed2028,train:001079,6,0,1,0.513574411623904
L03_seed2028,train:001080,6,0,1,0.5531310631791213
L03_seed2028,train:001081,6,0,1,0.4937797931026531
L03_seed2028,train:001084,6,0,1,0.6090563413611756
L03_seed2028,train:001089,6,0,1,0.4939120836647537
L03_seed2028,train:001090,6,0,1,0.510159559320185
L03_seed2028,train:001091,6,0,1,0.5735747098410916
L03_seed2028,train:001094,6,0,1,0.6300054788058972
L03_seed2028,train:001097,6,0,1,0.5374928007003287
L03_seed2028,train:001098,6,0,1,0.5925842015456727
L03_seed2028,train:001099,6,0,1,0.4951986298488108
L03_seed2028,train:001152,6,1,0,0.5728577199880621
L03_seed2028,train:001195,6,3,4,0.5272224032925967
L03_seed2028,train:001196,6,3,4,0.6011533683557857
L03_seed2028,train:001197,6,3,4,0.6304008481502105
L03_seed2028,train:001198,6,3,4,0.8320959128597157
L03_seed2028,train:001199,6,3,4,0.842548459354088
L03_seed2028,train:001200,6,3,4,0.8387300043736667
L03_seed2028,train:001201,6,3,4,0.8379885821560559
L03_seed2028,train:001202,6,3,4,0.8385745557835595
L03_seed2028,train:001203,6,3,4,0.8161354042138255
L03_seed2028,train:001204,6,3,4,0.8479455105532021
L03_seed2028,train:001205,6,3,4,0.8383974427710661
L03_seed2028,train:001206,6,3,4,0.8567296872180141
L03_seed2028,train:001207,6,3,4,0.8442893487658573
L03_seed2028,train:001208,6,3,4,0.8580463092858277
L03_seed2028,train:001238,6,0,1,0.4881101569243424
L03_seed2028,train:001244,6,0,1,0.5529526354947886
L03_seed2028,train:001246,6,0,1,0.5749478273292936
L03_seed2028,train:001251,6,0,1,0.5914827050414182
L03_seed2028,train:001257,6,0,1,0.5702632109516991
L03_seed2028,train:001260,6,0,1,0.5744040133347237
L03_seed2028,train:001263,6,0,1,0.6859388428691382
L03_seed2028,train:001283,6,2,0,0.6672341771140614
L03_seed2028,train:001309,6,1,0,0.5304662650994633
L03_seed2028,train:001311,6,1,0,0.8769043906681004
L03_seed2028,train:002263,14,3,4,0.5581296578919469
L03_seed2028,train:002264,14,3,4,0.5818640468191684
L03_seed2028,train:002265,14,3,4,0.5900200537767274
L03_seed2028,train:002266,14,3,4,0.5849645396164466
L03_seed2028,train:002267,14,3,4,0.5687928251247683
L03_seed2028,train:002268,14,3,4,0.5590932858644642
L03_seed2028,train:002269,14,3,4,0.5644274598764021
L03_seed2028,train:002270,14,3,4,0.5611609671401542
L03_seed2028,train:002271,14,3,4,0.5583414005911632
L03_seed2028,train:002272,14,3,4,0.5566330145783805
L03_seed2028,train:002273,14,3,4,0.5643545904079659
L03_seed2028,train:002274,14,3,4,0.5584817928809195
L03_seed2028,train:002275,14,3,4,0.5804850629952357
L03_seed2028,train:002301,14,0,1,0.743522761561849
L03_seed2028,train:002302,14,0,1,0.7430728334411436
L03_seed2028,train:002303,14,0,1,0.733043290382461
L03_seed2028,train:002304,14,0,1,0.6886637804279703
L03_seed2028,train:002305,14,0,1,0.6865882428439832
L03_seed2028,train:002306,14,0,1,0.7271359136147885
L03_seed2028,train:002307,14,0,1,0.7170436424557217
L03_seed2028,train:002308,14,0,1,0.7243201245453164
L03_seed2028,train:002309,14,0,1,0.7262618244728595
L03_seed2028,train:002310,14,0,1,0.701671348394315
L03_seed2028,train:002311,14,0,1,0.7489576645624194
L03_seed2028,train:002312,14,0,1,0.6622055755609773
L03_seed2028,train:002313,14,0,1,0.6921787294382247
L03_seed2028,train:002314,14,0,1,0.6398501631137699
L03_seed2028,train:002315,14,0,1,0.6826089490145184
L03_seed2028,train:002316,14,0,1,0.7022077458195759
L03_seed2028,train:002317,14,0,1,0.6677305181547625
L03_seed2028,train:002318,14,0,1,0.63397663367693
L03_seed2028,train:002319,14,0,1,0.6103460527344782
L03_seed2028,train:002320,14,0,1,0.6200230494646166
L03_seed2028,train:002321,14,0,1,0.7825445904604997
L03_seed2028,train:002322,14,0,1,0.7753135031540024
L03_seed2028,train:002323,14,0,1,0.7051459545762583
L03_seed2028,train:002324,14,0,1,0.7189388941284447
L03_seed2028,train:002325,14,0,1,0.7439132043543791
L03_seed2028,train:002326,14,0,1,0.6010918935968519
L03_seed2028,train:002327,14,0,1,0.6603868331061757
L03_seed2028,train:002328,14,0,1,0.7349475554613762
L03_seed2028,train:002329,14,0,1,0.7377874150267159
L03_seed2028,train:002330,14,0,1,0.7367867686671034
L03_seed2028,train:002331,14,2,0,0.6731399947443232
L03_seed2028,train:002332,14,2,0,0.8382476697162559
L03_seed2028,train:002333,14,2,0,0.5293323960244536
L03_seed2028,train:002335,14,2,0,0.8907078625935697
L03_seed2028,train:002340,14,2,0,0.953291118913096
L03_seed2028,train:002343,14,2,0,0.4672977990248428
L03_seed2028,train:002344,14,2,1,0.3907334018922205
L03_seed2028,train:002348,14,2,0,0.9648129846773214
L03_seed2028,train:002349,14,2,1,0.6302989090244122
L03_seed2028,train:002350,14,2,1,0.5018319666076381
L03_seed2028,train:002351,14,2,1,0.7199961649904654
L03_seed2028,train:002354,14,2,1,0.5293314144941111
L03_seed2028,train:002426,14,3,4,0.8260884131591847
L03_seed2028,train:002427,14,3,4,0.8015713555400119
L03_seed2028,train:002428,14,3,4,0.8870022695140467
L03_seed2028,train:002429,14,3,4,0.8790556872242088
L03_seed2028,train:002430,14,3,4,0.8789295335752252
L03_seed2028,train:002431,14,3,4,0.8775325007413395
L03_seed2028,train:002432,14,3,4,0.8711418865370993
L03_seed2028,train:002433,14,3,4,0.8869357842199312
L03_seed2028,train:002434,14,3,4,0.8169669729265292
L03_seed2028,train:002435,14,3,4,0.8434413594585841
L03_seed2028,train:002436,14,3,4,0.8372363363264845
L03_seed2028,train:002437,14,3,4,0.8438516335618731
L03_seed2028,train:002438,14,3,4,0.8364020017323727
L03_seed2028,train:002439,14,3,4,0.8397583033888958
L03_seed2028,train:002466,14,0,1,0.7315320014752329
L03_seed2028,train:002467,14,0,1,0.7083109603246811
L03_seed2028,train:002468,14,0,1,0.8171679527971746
L03_seed2028,train:002469,14,0,1,0.8095328833086126
L03_seed2028,train:002470,14,0,1,0.7230636209565897
L03_seed2028,train:002471,14,0,1,0.6966936696228052
L03_seed2028,train:002472,14,0,1,0.7512887143787275
L03_seed2028,train:002473,14,0,1,0.7650067399038365
L03_seed2028,train:002474,14,0,1,0.7236341386054643
L03_seed2028,train:002475,14,0,1,0.766380787396458
L03_seed2028,train:002476,14,0,1,0.7710455585362472
L03_seed2028,train:002477,14,0,1,0.7868036710413668
L03_seed2028,train:002478,14,0,1,0.7212609513402394
L03_seed2028,train:002479,14,0,1,0.7024041715610961
L03_seed2028,train:002480,14,0,1,0.7201165876982442
L03_seed2028,train:002481,14,0,1,0.7802455339005457
L03_seed2028,train:002482,14,0,1,0.711772565930163
L03_seed2028,train:002483,14,0,1,0.6641407452584298
L03_seed2028,train:002484,14,0,1,0.7183913225921764
L03_seed2028,train:002485,14,0,1,0.7188290722021726
L03_seed2028,train:002486,14,0,1,0.8156159339135898
L03_seed2028,train:002487,14,0,1,0.6583574568863556
L03_seed2028,train:002488,14,0,1,0.6757508568039874
L03_seed2028,train:002489,14,0,1,0.7455483710279063
L03_seed2028,train:002490,14,0,1,0.7674983618953856
L03_seed2028,train:002491,14,0,1,0.7056921099799721
L03_seed2028,train:002492,14,0,1,0.759711237179831
L03_seed2028,train:002493,14,0,1,0.7499553627832357
L03_seed2028,train:002494,14,0,1,0.7519500609637307
L03_seed2028,train:002496,14,2,0,0.8635335571247978
L03_seed2028,train:002497,14,2,1,0.7292645837414684
L03_seed2028,train:002498,14,2,1,0.6858540571946453
L03_seed2028,train:002500,14,2,1,0.3930825920280965
L03_seed2028,train:002503,14,2,0,0.916243488053253
L03_seed2028,train:002504,14,2,1,0.6478221313311311
L03_seed2028,train:002505,14,2,1,0.4671713561541499
L03_seed2028,train:002507,14,2,1,0.6103089229706224
L03_seed2028,train:002508,14,2,1,0.6772563111591559
L03_seed2028,train:002509,14,2,0,0.49555680316848133
L03_seed2028,train:002510,14,2,0,0.9785246730951335
L03_seed2028,train:004010,21,3,4,0.7567723182423529
L03_seed2028,train:004011,21,3,4,0.6607987989333799
L03_seed2028,train:004012,21,3,4,0.5927278004482118
L03_seed2028,train:004013,21,3,4,0.5774420746655853
L03_seed2028,train:004014,21,3,4,0.5697243939100121
L03_seed2028,train:004015,21,3,4,0.568757400527492
L03_seed2028,train:004016,21,3,4,0.5724604354225584
L03_seed2028,train:004017,21,3,4,0.5685238351558083
L03_seed2028,train:004018,21,3,4,0.5666624754758443
L03_seed2028,train:004019,21,3,4,0.5681572150183289
L03_seed2028,train:004020,21,3,4,0.5582138141258565
L03_seed2028,train:004021,21,3,4,0.5590537328954189
L03_seed2028,train:004022,21,3,4,0.5649072374200097
L03_seed2028,train:004023,21,3,4,0.5594107618158534
L03_seed2028,train:004024,21,3,4,0.5598839927954006
L03_seed2028,train:004025,21,3,4,0.5519104953928353
L03_seed2028,train:004026,21,3,4,0.5588462546009817
L03_seed2028,train:004027,21,3,4,0.5555110659508972
L03_seed2028,train:004028,21,3,4,0.5549616125004552
L03_seed2028,train:004029,21,3,4,0.5563826204853997
L03_seed2028,train:004030,21,3,4,0.546102668134297
L03_seed2028,train:004031,21,3,4,0.5493622754810917
L03_seed2028,train:004032,21,3,4,0.5392481894567537
L03_seed2028,train:004033,21,3,4,0.5300338414303818
L03_seed2028,train:004034,21,3,4,0.539622478244863
L03_seed2028,train:004035,21,3,4,0.5562485357617389
L03_seed2028,train:004036,21,3,4,0.5566537110023614
L03_seed2028,train:004037,21,3,4,0.5534637123863354
L03_seed2028,train:004038,21,3,4,0.5439792734962732
L03_seed2028,train:004039,21,3,4,0.5413910270548022
L03_seed2028,train:004040,21,3,4,0.5375898428524514
L03_seed2028,train:004041,21,3,4,0.5348195712942104
L03_seed2028,train:004042,21,3,4,0.5344595178219126
L03_seed2028,train:004043,21,3,4,0.5327781019081963
L03_seed2028,train:004044,21,3,4,0.5319747799004027
L03_seed2028,train:004045,21,3,4,0.5272405593370154
L03_seed2028,train:004046,21,3,4,0.5364788024657762
L03_seed2028,train:004047,21,3,4,0.5375792090641227
L03_seed2028,train:004048,21,3,4,0.518490672989773
L03_seed2028,train:004049,21,3,4,0.5251582716603461
L03_seed2028,train:004050,21,3,4,0.5313439448936065
L03_seed2028,train:004051,21,3,4,0.5179670917172614
L03_seed2028,train:004052,21,3,4,0.5195537816316323
L03_seed2028,train:004053,21,3,4,0.523555897807208
L03_seed2028,train:004054,21,3,4,0.5167480287806061
L03_seed2028,train:004055,21,3,4,0.5173108428476049
L03_seed2028,train:004056,21,3,4,0.5262418190223468
L03_seed2028,train:004101,21,0,1,0.5622433212256135
L03_seed2028,train:004102,21,0,1,0.6486583446098257
L03_seed2028,train:004106,21,0,1,0.6050286841870788
L03_seed2028,train:004107,21,0,1,0.6753691205194935
L03_seed2028,train:004109,21,0,1,0.4945279904918718
L03_seed2028,train:004110,21,0,1,0.5235344436645546
L03_seed2028,train:004111,21,0,1,0.546385679739829
L03_seed2028,train:004112,21,0,1,0.6304232482382656
L03_seed2028,train:004116,21,0,1,0.6011181129017014
L03_seed2028,train:004117,21,0,1,0.7112427474062913
L03_seed2028,train:004120,21,0,1,0.5603917496825918
L03_seed2028,train:004121,21,0,1,0.5886929602178645
L03_seed2028,train:004122,21,0,1,0.6851770556177547
L03_seed2028,train:004125,21,0,1,0.5214280330198592
L03_seed2028,train:004126,21,0,1,0.6745951528128021
L03_seed2028,train:004135,21,2,0,0.5895738429063698
L03_seed2028,train:004238,21,3,4,0.6335959150121523
L03_seed2028,train:004239,21,3,4,0.6193112699168282
L03_seed2028,train:004240,21,3,4,0.5775599666597934
L03_seed2028,train:004241,21,3,4,0.5831238192421101
L03_seed2028,train:004242,21,3,4,0.6006632013898519
L03_seed2028,train:004243,21,3,4,0.5450009934741358
L03_seed2028,train:004244,21,3,4,0.5499519936344062
L03_seed2028,train:004245,21,3,4,0.5535305939086076
L03_seed2028,train:004246,21,3,4,0.551295962514233
L03_seed2028,train:004247,21,3,4,0.5446302241002144
L03_seed2028,train:004248,21,3,4,0.5320238016289651
L03_seed2028,train:004249,21,3,4,0.5446912803086165
L03_seed2028,train:004250,21,3,4,0.532826074363377
L03_seed2028,train:004251,21,3,4,0.531254666793214
L03_seed2028,train:004252,21,3,4,0.5184094872646241
L03_seed2028,train:004253,21,3,4,0.537314530245595
L03_seed2028,train:004254,21,3,4,0.5320563130364996
L03_seed2028,train:004255,21,3,4,0.5266740980036247
L03_seed2028,train:004256,21,3,4,0.5238437726761384
L03_seed2028,train:004304,21,0,1,0.7011125216181863
L03_seed2028,train:004307,21,0,1,0.6130513585057786
L03_seed2028,train:004308,21,0,1,0.7208653801250618
L03_seed2028,train:004309,21,0,1,0.5247774534966495
L03_seed2028,train:004311,21,0,1,0.5630026812105867
L03_seed2028,train:004312,21,0,1,0.7111003575032024
L03_seed2028,train:004313,21,0,1,0.5943185877850979
L03_seed2028,train:004315,21,0,1,0.6146258694240583
L03_seed2028,train:004316,21,0,1,0.5210829352141655
L03_seed2028,train:004318,21,0,1,0.5851502549413687
L03_seed2028,train:004319,21,0,1,0.6782176873482468
L03_seed2028,train:004320,21,0,1,0.5172874690229281
L03_seed2028,train:004321,21,0,1,0.595747442421136
L03_seed2028,train:004322,21,0,1,0.595285556486056
L03_seed2028,train:004323,21,0,1,0.58459506509899
L03_seed2028,train:004324,21,0,1,0.6106910906379653
L03_seed2028,train:004326,21,0,1,0.5440406806371115
L03_seed2028,train:004327,21,0,1,0.7165224608457009
L03_seed2028,train:004695,23,4,3,0.7223580464563821
L03_seed2028,train:004697,23,4,3,0.5068854475680041
L03_seed2028,train:004698,23,4,3,0.5081278204528239
L03_seed2028,train:004699,23,4,3,0.5457331664834049
L03_seed2028,train:004700,23,4,3,0.513603807499133
L03_seed2028,train:004701,23,4,3,0.5415438740228158
L03_seed2028,train:004702,23,4,3,0.52610979079033
L03_seed2028,train:004703,23,4,3,0.5279689533901016
L03_seed2028,train:004704,23,4,3,0.5289118278729151
L03_seed2028,train:004705,23,4,3,0.5281511930099548
L03_seed2028,train:004706,23,4,3,0.5210915635109284
L03_seed2028,train:004707,23,4,3,0.5235490808811343
L03_seed2028,train:004708,23,4,3,0.5258473547523408
L03_seed2028,train:004709,23,4,3,0.5166026858947478
L03_seed2028,train:004710,23,4,3,0.5243642655902371
L03_seed2028,train:004800,23,0,1,0.5933635441906538
L03_seed2028,train:004803,23,0,1,0.5752547761187835
L03_seed2028,train:004804,23,0,1,0.6547014873956705
L03_seed2028,train:004807,23,0,1,0.5612638551124804
L03_seed2028,train:004808,23,0,1,0.6402466499430784
L03_seed2028,train:004809,23,0,1,0.6909471562887085
L03_seed2028,train:004810,23,0,1,0.6667116321536928
L03_seed2028,train:004811,23,0,1,0.609203965544249
L03_seed2028,train:004813,23,0,1,0.5096914046405698
L03_seed2028,train:004814,23,0,1,0.6986220178589087
L03_seed2028,train:004815,23,0,1,0.6382838583703085
L03_seed2028,train:004825,23,0,1,0.6407863108258598
L03_seed2028,train:004826,23,0,1,0.6072312778935756
L03_seed2028,train:004827,23,0,1,0.6305979393311881
L03_seed2028,train:004833,23,2,0,0.6172157183879093
L03_seed2028,train:004938,23,3,4,0.6309200212999336
L03_seed2028,train:004993,23,0,1,0.5766324899165111
L03_seed2028,train:004994,23,0,1,0.67568666061837
L03_seed2028,train:004995,23,0,1,0.6196757779426844
L03_seed2028,train:004996,23,0,1,0.5803351587110892
L03_seed2028,train:004997,23,0,1,0.5742305716438356
L03_seed2028,train:004998,23,0,1,0.5627280738805257
L03_seed2028,train:005002,23,0,1,0.5689522812586236
L03_seed2028,train:005003,23,0,1,0.6847897360962295
L03_seed2028,train:005004,23,0,1,0.670410654621972
L03_seed2028,train:005005,23,0,1,0.6198248889154278
L03_seed2028,train:005006,23,0,1,0.5401155102381514
L03_seed2028,train:005007,23,0,1,0.5148889033974614
L03_seed2028,train:005035,23,2,0,0.7813308557602667
L03_seed2028,train:005036,23,2,1,0.40210033891861996
L03_seed2028,train:005038,23,2,1,0.37743499038767675
L03_seed2028,train:005055,23,1,0,0.5576944527393274
