run_id,scope,iteration,milliseconds
L01_seed2026,compiled_model_output_numpy,0,5.895
L01_seed2026,preprocess_validation_and_transform,0,0.0711
L01_seed2026,compiled_model_output_numpy,1,5.6626
L01_seed2026,preprocess_validation_and_transform,1,0.1006
L01_seed2026,compiled_model_output_numpy,2,7.7518
L01_seed2026,preprocess_validation_and_transform,2,0.079
L01_seed2026,compiled_model_output_numpy,3,8.1532
L01_seed2026,preprocess_validation_and_transform,3,0.0689
L01_seed2026,compiled_model_output_numpy,4,4.9311
L01_seed2026,preprocess_validation_and_transform,4,0.0667
L01_seed2026,compiled_model_output_numpy,5,4.439
L01_seed2026,preprocess_validation_and_transform,5,0.0639
L01_seed2026,compiled_model_output_numpy,6,4.866
L01_seed2026,preprocess_validation_and_transform,6,0.0639
L01_seed2026,compiled_model_output_numpy,7,4.5119
L01_seed2026,preprocess_validation_and_transform,7,0.0616
L01_seed2026,compiled_model_output_numpy,8,4.4114
L01_seed2026,preprocess_validation_and_transform,8,0.0634
L01_seed2026,compiled_model_output_numpy,9,4.9502
L01_seed2026,preprocess_validation_and_transform,9,0.0641
L01_seed2026,compiled_model_output_numpy,10,4.3684
L01_seed2026,preprocess_validation_and_transform,10,0.0397
L01_seed2026,compiled_model_output_numpy,11,4.4658
L01_seed2026,preprocess_validation_and_transform,11,0.1048
L01_seed2026,compiled_model_output_numpy,12,6.762
L01_seed2026,preprocess_validation_and_transform,12,0.0691
L01_seed2026,compiled_model_output_numpy,13,4.4283
L01_seed2026,preprocess_validation_and_transform,13,0.0648
L01_seed2026,compiled_model_output_numpy,14,4.366
L01_seed2026,preprocess_validation_and_transform,14,0.0527
L01_seed2026,compiled_model_output_numpy,15,4.231
L01_seed2026,preprocess_validation_and_transform,15,0.1008
L01_seed2026,compiled_model_output_numpy,16,4.5358
L01_seed2026,preprocess_validation_and_transform,16,0.0618
L01_seed2026,compiled_model_output_numpy,17,4.4781
L01_seed2026,preprocess_validation_and_transform,17,0.0607
L01_seed2026,compiled_model_output_numpy,18,4.3992
L01_seed2026,preprocess_validation_and_transform,18,0.0596
L01_seed2026,compiled_model_output_numpy,19,4.6363
L01_seed2026,preprocess_validation_and_transform,19,0.0606
L01_seed2026,compiled_model_output_numpy,20,4.5727
L01_seed2026,preprocess_validation_and_transform,20,0.0625
L01_seed2026,compiled_model_output_numpy,21,4.5361
L01_seed2026,preprocess_validation_and_transform,21,0.0621
L01_seed2026,compiled_model_output_numpy,22,4.5897
L01_seed2026,preprocess_validation_and_transform,22,0.1395
L01_seed2026,compiled_model_output_numpy,23,6.8756
L01_seed2026,preprocess_validation_and_transform,23,0.0656
L01_seed2026,compiled_model_output_numpy,24,4.4958
L01_seed2026,preprocess_validation_and_transform,24,0.0593
L01_seed2026,compiled_model_output_numpy,25,6.937
L01_seed2026,preprocess_validation_and_transform,25,0.0628
L01_seed2026,compiled_model_output_numpy,26,4.9813
L01_seed2026,preprocess_validation_and_transform,26,0.0641
L01_seed2026,compiled_model_output_numpy,27,4.5215
L01_seed2026,preprocess_validation_and_transform,27,0.0617
L01_seed2026,compiled_model_output_numpy,28,5.1538
L01_seed2026,preprocess_validation_and_transform,28,0.0632
L01_seed2026,compiled_model_output_numpy,29,4.2719
L01_seed2026,preprocess_validation_and_transform,29,0.0622
L01_seed2026,compiled_model_output_numpy,30,5.04
L01_seed2026,preprocess_validation_and_transform,30,0.0609
L01_seed2026,compiled_model_output_numpy,31,4.6587
L01_seed2026,preprocess_validation_and_transform,31,0.1407
L01_seed2026,compiled_model_output_numpy,32,4.5321
L01_seed2026,preprocess_validation_and_transform,32,0.0611
L01_seed2026,compiled_model_output_numpy,33,4.4163
L01_seed2026,preprocess_validation_and_transform,33,0.0625
L01_seed2026,compiled_model_output_numpy,34,4.6734
L01_seed2026,preprocess_validation_and_transform,34,0.0642
L01_seed2026,compiled_model_output_numpy,35,5.6385
L01_seed2026,preprocess_validation_and_transform,35,0.0607
L01_seed2026,compiled_model_output_numpy,36,4.457
L01_seed2026,preprocess_validation_and_transform,36,0.0811
L01_seed2026,compiled_model_output_numpy,37,4.3987
L01_seed2026,preprocess_validation_and_transform,37,0.0601
L01_seed2026,compiled_model_output_numpy,38,4.9658
L01_seed2026,preprocess_validation_and_transform,38,0.0612
L01_seed2026,compiled_model_output_numpy,39,4.5981
L01_seed2026,preprocess_validation_and_transform,39,0.0631
L01_seed2026,compiled_model_output_numpy,40,4.7256
L01_seed2026,preprocess_validation_and_transform,40,0.0655
L01_seed2026,compiled_model_output_numpy,41,4.5863
L01_seed2026,preprocess_validation_and_transform,41,0.0661
L01_seed2026,compiled_model_output_numpy,42,5.3262
L01_seed2026,preprocess_validation_and_transform,42,0.0634
L01_seed2026,compiled_model_output_numpy,43,5.8977
L01_seed2026,preprocess_validation_and_transform,43,0.063
L01_seed2026,compiled_model_output_numpy,44,4.604
L01_seed2026,preprocess_validation_and_transform,44,0.0664
L01_seed2026,compiled_model_output_numpy,45,7.6206
L01_seed2026,preprocess_validation_and_transform,45,0.1414
L01_seed2026,compiled_model_output_numpy,46,5.0445
L01_seed2026,preprocess_validation_and_transform,46,0.0649
L01_seed2026,compiled_model_output_numpy,47,4.4765
L01_seed2026,preprocess_validation_and_transform,47,0.0608
L01_seed2026,compiled_model_output_numpy,48,4.5357
L01_seed2026,preprocess_validation_and_transform,48,0.061
L01_seed2026,compiled_model_output_numpy,49,4.5986
L01_seed2026,preprocess_validation_and_transform,49,0.059
L01_seed2026,compiled_model_output_numpy,50,4.9291
L01_seed2026,preprocess_validation_and_transform,50,0.074
L01_seed2026,compiled_model_output_numpy,51,4.4151
L01_seed2026,preprocess_validation_and_transform,51,0.0674
L01_seed2026,compiled_model_output_numpy,52,5.4229
L01_seed2026,preprocess_validation_and_transform,52,0.0623
L01_seed2026,compiled_model_output_numpy,53,4.4278
L01_seed2026,preprocess_validation_and_transform,53,0.0638
L01_seed2026,compiled_model_output_numpy,54,5.7075
L01_seed2026,preprocess_validation_and_transform,54,0.0657
L01_seed2026,compiled_model_output_numpy,55,4.3963
L01_seed2026,preprocess_validation_and_transform,55,0.0596
L01_seed2026,compiled_model_output_numpy,56,4.5885
L01_seed2026,preprocess_validation_and_transform,56,0.0626
L01_seed2026,compiled_model_output_numpy,57,4.3872
L01_seed2026,preprocess_validation_and_transform,57,0.0578
L01_seed2026,compiled_model_output_numpy,58,4.5493
L01_seed2026,preprocess_validation_and_transform,58,0.0614
L01_seed2026,compiled_model_output_numpy,59,4.3851
L01_seed2026,preprocess_validation_and_transform,59,0.0575
L01_seed2026,compiled_model_output_numpy,60,4.3863
L01_seed2026,preprocess_validation_and_transform,60,0.0608
L01_seed2026,compiled_model_output_numpy,61,4.7544
L01_seed2026,preprocess_validation_and_transform,61,0.0659
L01_seed2026,compiled_model_output_numpy,62,5.6192
L01_seed2026,preprocess_validation_and_transform,62,0.0669
L01_seed2026,compiled_model_output_numpy,63,8.5185
L01_seed2026,preprocess_validation_and_transform,63,0.0768
L01_seed2026,compiled_model_output_numpy,64,7.0905
L01_seed2026,preprocess_validation_and_transform,64,0.1004
L01_seed2026,compiled_model_output_numpy,65,5.1696
L01_seed2026,preprocess_validation_and_transform,65,0.1226
L01_seed2026,compiled_model_output_numpy,66,7.4021
L01_seed2026,preprocess_validation_and_transform,66,0.0836
L01_seed2026,compiled_model_output_numpy,67,8.6442
L01_seed2026,preprocess_validation_and_transform,67,0.0743
L01_seed2026,compiled_model_output_numpy,68,6.2982
L01_seed2026,preprocess_validation_and_transform,68,0.0682
L01_seed2026,compiled_model_output_numpy,69,4.5329
L01_seed2026,preprocess_validation_and_transform,69,0.0685
L01_seed2026,compiled_model_output_numpy,70,6.2766
L01_seed2026,preprocess_validation_and_transform,70,0.0903
L01_seed2026,compiled_model_output_numpy,71,4.7175
L01_seed2026,preprocess_validation_and_transform,71,0.101
L01_seed2026,compiled_model_output_numpy,72,7.146
L01_seed2026,preprocess_validation_and_transform,72,0.0818
L01_seed2026,compiled_model_output_numpy,73,6.0427
L01_seed2026,preprocess_validation_and_transform,73,0.0752
L01_seed2026,compiled_model_output_numpy,74,6.4789
L01_seed2026,preprocess_validation_and_transform,74,0.1091
L01_seed2026,compiled_model_output_numpy,75,6.7701
L01_seed2026,preprocess_validation_and_transform,75,0.1273
L01_seed2026,compiled_model_output_numpy,76,8.1216
L01_seed2026,preprocess_validation_and_transform,76,0.0791
L01_seed2026,compiled_model_output_numpy,77,8.4375
L01_seed2026,preprocess_validation_and_transform,77,0.2032
L01_seed2026,compiled_model_output_numpy,78,6.8891
L01_seed2026,preprocess_validation_and_transform,78,0.0732
L01_seed2026,compiled_model_output_numpy,79,4.9329
L01_seed2026,preprocess_validation_and_transform,79,0.105
L01_seed2026,compiled_model_output_numpy,80,8.1083
L01_seed2026,preprocess_validation_and_transform,80,0.087
L01_seed2026,compiled_model_output_numpy,81,5.9444
L01_seed2026,preprocess_validation_and_transform,81,0.1036
L01_seed2026,compiled_model_output_numpy,82,5.3647
L01_seed2026,preprocess_validation_and_transform,82,0.1482
L01_seed2026,compiled_model_output_numpy,83,7.0012
L01_seed2026,preprocess_validation_and_transform,83,0.1086
L01_seed2026,compiled_model_output_numpy,84,7.2255
L01_seed2026,preprocess_validation_and_transform,84,0.1335
L01_seed2026,compiled_model_output_numpy,85,8.7364
L01_seed2026,preprocess_validation_and_transform,85,0.1189
L01_seed2026,compiled_model_output_numpy,86,4.9962
L01_seed2026,preprocess_validation_and_transform,86,0.0691
L01_seed2026,compiled_model_output_numpy,87,7.454
L01_seed2026,preprocess_validation_and_transform,87,0.0982
L01_seed2026,compiled_model_output_numpy,88,5.5463
L01_seed2026,preprocess_validation_and_transform,88,0.0878
L01_seed2026,compiled_model_output_numpy,89,6.5435
L01_seed2026,preprocess_validation_and_transform,89,0.0923
L01_seed2026,compiled_model_output_numpy,90,5.7497
L01_seed2026,preprocess_validation_and_transform,90,0.0739
L01_seed2026,compiled_model_output_numpy,91,4.8339
L01_seed2026,preprocess_validation_and_transform,91,0.0633
L01_seed2026,compiled_model_output_numpy,92,6.8179
L01_seed2026,preprocess_validation_and_transform,92,0.0695
L01_seed2026,compiled_model_output_numpy,93,6.7964
L01_seed2026,preprocess_validation_and_transform,93,0.0774
L01_seed2026,compiled_model_output_numpy,94,7.064
L01_seed2026,preprocess_validation_and_transform,94,0.106
L01_seed2026,compiled_model_output_numpy,95,5.2975
L01_seed2026,preprocess_validation_and_transform,95,0.0914
L01_seed2026,compiled_model_output_numpy,96,5.3132
L01_seed2026,preprocess_validation_and_transform,96,0.0618
L01_seed2026,compiled_model_output_numpy,97,4.4474
L01_seed2026,preprocess_validation_and_transform,97,0.0592
L01_seed2026,compiled_model_output_numpy,98,4.5821
L01_seed2026,preprocess_validation_and_transform,98,0.0658
L01_seed2026,compiled_model_output_numpy,99,7.1559
L01_seed2026,preprocess_validation_and_transform,99,0.0695
L01_seed2026,compiled_model_output_numpy,100,4.4887
L01_seed2026,preprocess_validation_and_transform,100,0.0642
L01_seed2026,compiled_model_output_numpy,101,4.6272
L01_seed2026,preprocess_validation_and_transform,101,0.0634
L01_seed2026,compiled_model_output_numpy,102,4.421
L01_seed2026,preprocess_validation_and_transform,102,0.0622
L01_seed2026,compiled_model_output_numpy,103,4.4044
L01_seed2026,preprocess_validation_and_transform,103,0.0642
L01_seed2026,compiled_model_output_numpy,104,4.5093
L01_seed2026,preprocess_validation_and_transform,104,0.0948
L01_seed2026,compiled_model_output_numpy,105,4.8618
L01_seed2026,preprocess_validation_and_transform,105,0.1634
L01_seed2026,compiled_model_output_numpy,106,4.8127
L01_seed2026,preprocess_validation_and_transform,106,0.0684
L01_seed2026,compiled_model_output_numpy,107,4.8461
L01_seed2026,preprocess_validation_and_transform,107,0.0659
L01_seed2026,compiled_model_output_numpy,108,7.9181
L01_seed2026,preprocess_validation_and_transform,108,0.07
L01_seed2026,compiled_model_output_numpy,109,5.8201
L01_seed2026,preprocess_validation_and_transform,109,0.195
L01_seed2026,compiled_model_output_numpy,110,4.8698
L01_seed2026,preprocess_validation_and_transform,110,0.0946
L01_seed2026,compiled_model_output_numpy,111,5.5283
L01_seed2026,preprocess_validation_and_transform,111,0.0706
L01_seed2026,compiled_model_output_numpy,112,4.8985
L01_seed2026,preprocess_validation_and_transform,112,0.0626
L01_seed2026,compiled_model_output_numpy,113,7.2102
L01_seed2026,preprocess_validation_and_transform,113,0.0684
L01_seed2026,compiled_model_output_numpy,114,4.6912
L01_seed2026,preprocess_validation_and_transform,114,0.0652
L01_seed2026,compiled_model_output_numpy,115,4.8502
L01_seed2026,preprocess_validation_and_transform,115,0.0649
L01_seed2026,compiled_model_output_numpy,116,5.5131
L01_seed2026,preprocess_validation_and_transform,116,0.0691
L01_seed2026,compiled_model_output_numpy,117,4.6822
L01_seed2026,preprocess_validation_and_transform,117,0.0661
L01_seed2026,compiled_model_output_numpy,118,4.4378
L01_seed2026,preprocess_validation_and_transform,118,0.0555
L01_seed2026,compiled_model_output_numpy,119,8.3756
L01_seed2026,preprocess_validation_and_transform,119,0.0733
L01_seed2026,compiled_model_output_numpy,120,7.1507
L01_seed2026,preprocess_validation_and_transform,120,0.1081
L01_seed2026,compiled_model_output_numpy,121,6.1559
L01_seed2026,preprocess_validation_and_transform,121,0.1265
L01_seed2026,compiled_model_output_numpy,122,6.9222
L01_seed2026,preprocess_validation_and_transform,122,0.0965
L01_seed2026,compiled_model_output_numpy,123,6.4152
L01_seed2026,preprocess_validation_and_transform,123,0.1001
L01_seed2026,compiled_model_output_numpy,124,6.0732
L01_seed2026,preprocess_validation_and_transform,124,0.1089
L01_seed2026,compiled_model_output_numpy,125,6.0438
L01_seed2026,preprocess_validation_and_transform,125,0.0808
L01_seed2026,compiled_model_output_numpy,126,6.8407
L01_seed2026,preprocess_validation_and_transform,126,0.1053
L01_seed2026,compiled_model_output_numpy,127,7.6427
L01_seed2026,preprocess_validation_and_transform,127,0.0814
L01_seed2026,compiled_model_output_numpy,128,4.5538
L01_seed2026,preprocess_validation_and_transform,128,0.0652
L01_seed2026,compiled_model_output_numpy,129,5.5842
L01_seed2026,preprocess_validation_and_transform,129,0.0635
L01_seed2026,compiled_model_output_numpy,130,4.5786
L01_seed2026,preprocess_validation_and_transform,130,0.0649
L01_seed2026,compiled_model_output_numpy,131,4.9023
L01_seed2026,preprocess_validation_and_transform,131,0.0632
L01_seed2026,compiled_model_output_numpy,132,5.6192
L01_seed2026,preprocess_validation_and_transform,132,0.0608
L01_seed2026,compiled_model_output_numpy,133,4.3523
L01_seed2026,preprocess_validation_and_transform,133,0.0635
L01_seed2026,compiled_model_output_numpy,134,4.2653
L01_seed2026,preprocess_validation_and_transform,134,0.0565
L01_seed2026,compiled_model_output_numpy,135,4.5049
L01_seed2026,preprocess_validation_and_transform,135,0.0638
L01_seed2026,compiled_model_output_numpy,136,8.4092
L01_seed2026,preprocess_validation_and_transform,136,0.1082
L01_seed2026,compiled_model_output_numpy,137,5.005
L01_seed2026,preprocess_validation_and_transform,137,0.0793
L01_seed2026,compiled_model_output_numpy,138,4.4216
L01_seed2026,preprocess_validation_and_transform,138,0.0689
L01_seed2026,compiled_model_output_numpy,139,5.2352
L01_seed2026,preprocess_validation_and_transform,139,0.101
L01_seed2026,compiled_model_output_numpy,140,4.6379
L01_seed2026,preprocess_validation_and_transform,140,0.0752
L01_seed2026,compiled_model_output_numpy,141,5.0937
L01_seed2026,preprocess_validation_and_transform,141,0.0631
L01_seed2026,compiled_model_output_numpy,142,4.2417
L01_seed2026,preprocess_validation_and_transform,142,0.0733
L01_seed2026,compiled_model_output_numpy,143,5.1203
L01_seed2026,preprocess_validation_and_transform,143,0.0668
L01_seed2026,compiled_model_output_numpy,144,6.0445
L01_seed2026,preprocess_validation_and_transform,144,0.0731
L01_seed2026,compiled_model_output_numpy,145,4.6805
L01_seed2026,preprocess_validation_and_transform,145,0.0977
L01_seed2026,compiled_model_output_numpy,146,4.7865
L01_seed2026,preprocess_validation_and_transform,146,0.0705
L01_seed2026,compiled_model_output_numpy,147,5.0693
L01_seed2026,preprocess_validation_and_transform,147,0.0636
L01_seed2026,compiled_model_output_numpy,148,4.3355
L01_seed2026,preprocess_validation_and_transform,148,0.0647
L01_seed2026,compiled_model_output_numpy,149,4.7539
L01_seed2026,preprocess_validation_and_transform,149,0.3706
L01_seed2026,compiled_model_output_numpy,150,4.9632
L01_seed2026,preprocess_validation_and_transform,150,0.0717
L01_seed2026,compiled_model_output_numpy,151,4.425
L01_seed2026,preprocess_validation_and_transform,151,0.0986
L01_seed2026,compiled_model_output_numpy,152,4.8383
L01_seed2026,preprocess_validation_and_transform,152,0.0608
L01_seed2026,compiled_model_output_numpy,153,4.2267
L01_seed2026,preprocess_validation_and_transform,153,0.061
L01_seed2026,compiled_model_output_numpy,154,4.3329
L01_seed2026,preprocess_validation_and_transform,154,0.0592
L01_seed2026,compiled_model_output_numpy,155,4.8281
L01_seed2026,preprocess_validation_and_transform,155,0.0601
L01_seed2026,compiled_model_output_numpy,156,5.6273
L01_seed2026,preprocess_validation_and_transform,156,0.0707
L01_seed2026,compiled_model_output_numpy,157,4.6388
L01_seed2026,preprocess_validation_and_transform,157,0.0694
L01_seed2026,compiled_model_output_numpy,158,4.8436
L01_seed2026,preprocess_validation_and_transform,158,0.067
L01_seed2026,compiled_model_output_numpy,159,4.4348
L01_seed2026,preprocess_validation_and_transform,159,0.0613
L01_seed2026,compiled_model_output_numpy,160,4.2991
L01_seed2026,preprocess_validation_and_transform,160,0.0574
L01_seed2026,compiled_model_output_numpy,161,4.4717
L01_seed2026,preprocess_validation_and_transform,161,0.0664
L01_seed2026,compiled_model_output_numpy,162,4.6365
L01_seed2026,preprocess_validation_and_transform,162,0.0623
L01_seed2026,compiled_model_output_numpy,163,4.677
L01_seed2026,preprocess_validation_and_transform,163,0.0649
L01_seed2026,compiled_model_output_numpy,164,4.8692
L01_seed2026,preprocess_validation_and_transform,164,0.0629
L01_seed2026,compiled_model_output_numpy,165,5.3236
L01_seed2026,preprocess_validation_and_transform,165,0.0945
L01_seed2026,compiled_model_output_numpy,166,4.71
L01_seed2026,preprocess_validation_and_transform,166,0.0701
L01_seed2026,compiled_model_output_numpy,167,4.5472
L01_seed2026,preprocess_validation_and_transform,167,0.0627
L01_seed2026,compiled_model_output_numpy,168,4.4627
L01_seed2026,preprocess_validation_and_transform,168,0.063
L01_seed2026,compiled_model_output_numpy,169,4.4113
L01_seed2026,preprocess_validation_and_transform,169,0.0641
L01_seed2026,compiled_model_output_numpy,170,4.4299
L01_seed2026,preprocess_validation_and_transform,170,0.0594
L01_seed2026,compiled_model_output_numpy,171,4.5617
L01_seed2026,preprocess_validation_and_transform,171,0.0569
L01_seed2026,compiled_model_output_numpy,172,4.3289
L01_seed2026,preprocess_validation_and_transform,172,0.0633
L01_seed2026,compiled_model_output_numpy,173,4.6825
L01_seed2026,preprocess_validation_and_transform,173,0.058
L01_seed2026,compiled_model_output_numpy,174,4.2764
L01_seed2026,preprocess_validation_and_transform,174,0.0574
L01_seed2026,compiled_model_output_numpy,175,4.6027
L01_seed2026,preprocess_validation_and_transform,175,0.0582
L01_seed2026,compiled_model_output_numpy,176,4.4274
L01_seed2026,preprocess_validation_and_transform,176,0.0621
L01_seed2026,compiled_model_output_numpy,177,6.9251
L01_seed2026,preprocess_validation_and_transform,177,0.1019
L01_seed2026,compiled_model_output_numpy,178,4.9887
L01_seed2026,preprocess_validation_and_transform,178,0.0761
L01_seed2026,compiled_model_output_numpy,179,4.7112
L01_seed2026,preprocess_validation_and_transform,179,0.0693
L01_seed2026,compiled_model_output_numpy,180,4.2358
L01_seed2026,preprocess_validation_and_transform,180,0.0427
L01_seed2026,compiled_model_output_numpy,181,4.3521
L01_seed2026,preprocess_validation_and_transform,181,0.0524
L01_seed2026,compiled_model_output_numpy,182,4.9604
L01_seed2026,preprocess_validation_and_transform,182,0.06
L01_seed2026,compiled_model_output_numpy,183,4.4889
L01_seed2026,preprocess_validation_and_transform,183,0.0603
L01_seed2026,compiled_model_output_numpy,184,4.5121
L01_seed2026,preprocess_validation_and_transform,184,0.0619
L01_seed2026,compiled_model_output_numpy,185,4.8461
L01_seed2026,preprocess_validation_and_transform,185,0.0653
L01_seed2026,compiled_model_output_numpy,186,4.5691
L01_seed2026,preprocess_validation_and_transform,186,0.0552
L01_seed2026,compiled_model_output_numpy,187,4.7023
L01_seed2026,preprocess_validation_and_transform,187,0.0664
L01_seed2026,compiled_model_output_numpy,188,5.6121
L01_seed2026,preprocess_validation_and_transform,188,0.0662
L01_seed2026,compiled_model_output_numpy,189,5.1948
L01_seed2026,preprocess_validation_and_transform,189,0.0654
L01_seed2026,compiled_model_output_numpy,190,4.5421
L01_seed2026,preprocess_validation_and_transform,190,0.0634
L01_seed2026,compiled_model_output_numpy,191,4.429
L01_seed2026,preprocess_validation_and_transform,191,0.0673
L01_seed2026,compiled_model_output_numpy,192,4.291
L01_seed2026,preprocess_validation_and_transform,192,0.0597
L01_seed2026,compiled_model_output_numpy,193,4.7525
L01_seed2026,preprocess_validation_and_transform,193,0.0983
L01_seed2026,compiled_model_output_numpy,194,4.8564
L01_seed2026,preprocess_validation_and_transform,194,0.073
L01_seed2026,compiled_model_output_numpy,195,4.35
L01_seed2026,preprocess_validation_and_transform,195,0.0601
L01_seed2026,compiled_model_output_numpy,196,4.5623
L01_seed2026,preprocess_validation_and_transform,196,0.063
L01_seed2026,compiled_model_output_numpy,197,4.3008
L01_seed2026,preprocess_validation_and_transform,197,0.0633
L01_seed2026,compiled_model_output_numpy,198,4.4102
L01_seed2026,preprocess_validation_and_transform,198,0.041
L01_seed2026,compiled_model_output_numpy,199,7.1045
L01_seed2026,preprocess_validation_and_transform,199,0.0701
L01_seed2026,compiled_model_output_numpy,200,4.4179
L01_seed2026,preprocess_validation_and_transform,200,0.0647
L01_seed2026,compiled_model_output_numpy,201,4.4241
L01_seed2026,preprocess_validation_and_transform,201,0.0624
L01_seed2026,compiled_model_output_numpy,202,4.586
L01_seed2026,preprocess_validation_and_transform,202,0.0581
L01_seed2026,compiled_model_output_numpy,203,4.7753
L01_seed2026,preprocess_validation_and_transform,203,0.0475
L01_seed2026,compiled_model_output_numpy,204,4.6046
L01_seed2026,preprocess_validation_and_transform,204,0.064
L01_seed2026,compiled_model_output_numpy,205,5.0887
L01_seed2026,preprocess_validation_and_transform,205,0.0628
L01_seed2026,compiled_model_output_numpy,206,4.5556
L01_seed2026,preprocess_validation_and_transform,206,0.066
L01_seed2026,compiled_model_output_numpy,207,4.43
L01_seed2026,preprocess_validation_and_transform,207,0.0604
L01_seed2026,compiled_model_output_numpy,208,4.3771
L01_seed2026,preprocess_validation_and_transform,208,0.0573
L01_seed2026,compiled_model_output_numpy,209,4.5223
L01_seed2026,preprocess_validation_and_transform,209,0.0555
L01_seed2026,compiled_model_output_numpy,210,4.6699
L01_seed2026,preprocess_validation_and_transform,210,0.075
L01_seed2026,compiled_model_output_numpy,211,4.4663
L01_seed2026,preprocess_validation_and_transform,211,0.0615
L01_seed2026,compiled_model_output_numpy,212,4.5843
L01_seed2026,preprocess_validation_and_transform,212,0.0621
L01_seed2026,compiled_model_output_numpy,213,4.7061
L01_seed2026,preprocess_validation_and_transform,213,0.065
L01_seed2026,compiled_model_output_numpy,214,4.7106
L01_seed2026,preprocess_validation_and_transform,214,0.2067
L01_seed2026,compiled_model_output_numpy,215,4.7777
L01_seed2026,preprocess_validation_and_transform,215,0.064
L01_seed2026,compiled_model_output_numpy,216,4.8251
L01_seed2026,preprocess_validation_and_transform,216,0.0601
L01_seed2026,compiled_model_output_numpy,217,4.3991
L01_seed2026,preprocess_validation_and_transform,217,0.0634
L01_seed2026,compiled_model_output_numpy,218,5.2601
L01_seed2026,preprocess_validation_and_transform,218,0.0613
L01_seed2026,compiled_model_output_numpy,219,4.6606
L01_seed2026,preprocess_validation_and_transform,219,0.06
L01_seed2026,compiled_model_output_numpy,220,5.1489
L01_seed2026,preprocess_validation_and_transform,220,0.0622
L01_seed2026,compiled_model_output_numpy,221,4.6938
L01_seed2026,preprocess_validation_and_transform,221,0.0601
L01_seed2026,compiled_model_output_numpy,222,5.0002
L01_seed2026,preprocess_validation_and_transform,222,0.0821
L01_seed2026,compiled_model_output_numpy,223,4.5199
L01_seed2026,preprocess_validation_and_transform,223,0.0601
L01_seed2026,compiled_model_output_numpy,224,5.2479
L01_seed2026,preprocess_validation_and_transform,224,0.0648
L01_seed2026,compiled_model_output_numpy,225,4.9636
L01_seed2026,preprocess_validation_and_transform,225,0.0594
L01_seed2026,compiled_model_output_numpy,226,4.8603
L01_seed2026,preprocess_validation_and_transform,226,0.0652
L01_seed2026,compiled_model_output_numpy,227,5.1456
L01_seed2026,preprocess_validation_and_transform,227,0.0592
L01_seed2026,compiled_model_output_numpy,228,5.1203
L01_seed2026,preprocess_validation_and_transform,228,0.0961
L01_seed2026,compiled_model_output_numpy,229,4.5491
L01_seed2026,preprocess_validation_and_transform,229,0.0766
L01_seed2026,compiled_model_output_numpy,230,4.4904
L01_seed2026,preprocess_validation_and_transform,230,0.0656
L01_seed2026,compiled_model_output_numpy,231,4.4121
L01_seed2026,preprocess_validation_and_transform,231,0.0631
L01_seed2026,compiled_model_output_numpy,232,4.5567
L01_seed2026,preprocess_validation_and_transform,232,0.0745
L01_seed2026,compiled_model_output_numpy,233,5.1976
L01_seed2026,preprocess_validation_and_transform,233,0.0882
L01_seed2026,compiled_model_output_numpy,234,4.437
L01_seed2026,preprocess_validation_and_transform,234,0.0603
L01_seed2026,compiled_model_output_numpy,235,4.8169
L01_seed2026,preprocess_validation_and_transform,235,0.0563
L01_seed2026,compiled_model_output_numpy,236,5.8011
L01_seed2026,preprocess_validation_and_transform,236,0.0724
L01_seed2026,compiled_model_output_numpy,237,6.2605
L01_seed2026,preprocess_validation_and_transform,237,0.0658
L01_seed2026,compiled_model_output_numpy,238,4.3456
L01_seed2026,preprocess_validation_and_transform,238,0.0548
L01_seed2026,compiled_model_output_numpy,239,4.2535
L01_seed2026,preprocess_validation_and_transform,239,0.0631
L01_seed2026,compiled_model_output_numpy,240,4.6906
L01_seed2026,preprocess_validation_and_transform,240,0.0643
L01_seed2026,compiled_model_output_numpy,241,4.6338
L01_seed2026,preprocess_validation_and_transform,241,0.1541
L01_seed2026,compiled_model_output_numpy,242,4.4914
L01_seed2026,preprocess_validation_and_transform,242,0.0648
L01_seed2026,compiled_model_output_numpy,243,4.4108
L01_seed2026,preprocess_validation_and_transform,243,0.0769
L01_seed2026,compiled_model_output_numpy,244,4.9059
L01_seed2026,preprocess_validation_and_transform,244,0.0605
L01_seed2026,compiled_model_output_numpy,245,4.5517
L01_seed2026,preprocess_validation_and_transform,245,0.0566
L01_seed2026,compiled_model_output_numpy,246,8.0066
L01_seed2026,preprocess_validation_and_transform,246,0.0632
L01_seed2026,compiled_model_output_numpy,247,4.5741
L01_seed2026,preprocess_validation_and_transform,247,0.0601
L01_seed2026,compiled_model_output_numpy,248,4.6413
L01_seed2026,preprocess_validation_and_transform,248,0.0636
L01_seed2026,compiled_model_output_numpy,249,6.3489
L01_seed2026,preprocess_validation_and_transform,249,0.0649
L01_seed2026,compiled_model_output_numpy,250,4.4972
L01_seed2026,preprocess_validation_and_transform,250,0.061
L01_seed2026,compiled_model_output_numpy,251,4.4198
L01_seed2026,preprocess_validation_and_transform,251,0.0626
L01_seed2026,compiled_model_output_numpy,252,4.8801
L01_seed2026,preprocess_validation_and_transform,252,0.066
L01_seed2026,compiled_model_output_numpy,253,5.2479
L01_seed2026,preprocess_validation_and_transform,253,0.0663
L01_seed2026,compiled_model_output_numpy,254,4.6143
L01_seed2026,preprocess_validation_and_transform,254,0.0668
L01_seed2026,compiled_model_output_numpy,255,4.6484
L01_seed2026,preprocess_validation_and_transform,255,0.0716
L01_seed2026,compiled_model_output_numpy,256,4.6325
L01_seed2026,preprocess_validation_and_transform,256,0.064
L01_seed2026,compiled_model_output_numpy,257,4.4548
L01_seed2026,preprocess_validation_and_transform,257,0.063
L01_seed2026,compiled_model_output_numpy,258,4.7017
L01_seed2026,preprocess_validation_and_transform,258,0.0938
L01_seed2026,compiled_model_output_numpy,259,6.4891
L01_seed2026,preprocess_validation_and_transform,259,0.0694
L01_seed2026,compiled_model_output_numpy,260,5.1247
L01_seed2026,preprocess_validation_and_transform,260,0.0632
L01_seed2026,compiled_model_output_numpy,261,4.4442
L01_seed2026,preprocess_validation_and_transform,261,0.0624
L01_seed2026,compiled_model_output_numpy,262,4.6922
L01_seed2026,preprocess_validation_and_transform,262,0.0643
L01_seed2026,compiled_model_output_numpy,263,4.6589
L01_seed2026,preprocess_validation_and_transform,263,0.0622
L01_seed2026,compiled_model_output_numpy,264,4.4883
L01_seed2026,preprocess_validation_and_transform,264,0.06
L01_seed2026,compiled_model_output_numpy,265,5.0529
L01_seed2026,preprocess_validation_and_transform,265,0.0638
L01_seed2026,compiled_model_output_numpy,266,4.5793
L01_seed2026,preprocess_validation_and_transform,266,0.0679
L01_seed2026,compiled_model_output_numpy,267,5.5643
L01_seed2026,preprocess_validation_and_transform,267,0.0649
L01_seed2026,compiled_model_output_numpy,268,4.6192
L01_seed2026,preprocess_validation_and_transform,268,0.0628
L01_seed2026,compiled_model_output_numpy,269,4.971
L01_seed2026,preprocess_validation_and_transform,269,0.0601
L01_seed2026,compiled_model_output_numpy,270,4.8042
L01_seed2026,preprocess_validation_and_transform,270,0.066
L01_seed2026,compiled_model_output_numpy,271,4.5282
L01_seed2026,preprocess_validation_and_transform,271,0.062
L01_seed2026,compiled_model_output_numpy,272,4.6136
L01_seed2026,preprocess_validation_and_transform,272,0.0588
L01_seed2026,compiled_model_output_numpy,273,4.3801
L01_seed2026,preprocess_validation_and_transform,273,0.0814
L01_seed2026,compiled_model_output_numpy,274,5.5164
L01_seed2026,preprocess_validation_and_transform,274,0.1867
L01_seed2026,compiled_model_output_numpy,275,6.6163
L01_seed2026,preprocess_validation_and_transform,275,0.0654
L01_seed2026,compiled_model_output_numpy,276,4.7336
L01_seed2026,preprocess_validation_and_transform,276,0.0654
L01_seed2026,compiled_model_output_numpy,277,5.729
L01_seed2026,preprocess_validation_and_transform,277,0.0623
L01_seed2026,compiled_model_output_numpy,278,8.2815
L01_seed2026,preprocess_validation_and_transform,278,0.0749
L01_seed2026,compiled_model_output_numpy,279,4.8795
L01_seed2026,preprocess_validation_and_transform,279,0.0677
L01_seed2026,compiled_model_output_numpy,280,4.8472
L01_seed2026,preprocess_validation_and_transform,280,0.0619
L01_seed2026,compiled_model_output_numpy,281,6.3039
L01_seed2026,preprocess_validation_and_transform,281,0.0683
L01_seed2026,compiled_model_output_numpy,282,4.5702
L01_seed2026,preprocess_validation_and_transform,282,0.0625
L01_seed2026,compiled_model_output_numpy,283,5.0485
L01_seed2026,preprocess_validation_and_transform,283,0.0622
L01_seed2026,compiled_model_output_numpy,284,4.7011
L01_seed2026,preprocess_validation_and_transform,284,0.0627
L01_seed2026,compiled_model_output_numpy,285,5.333
L01_seed2026,preprocess_validation_and_transform,285,0.058
L01_seed2026,compiled_model_output_numpy,286,6.2709
L01_seed2026,preprocess_validation_and_transform,286,0.0642
L01_seed2026,compiled_model_output_numpy,287,4.8837
L01_seed2026,preprocess_validation_and_transform,287,0.0622
L01_seed2026,compiled_model_output_numpy,288,4.4648
L01_seed2026,preprocess_validation_and_transform,288,0.0659
L01_seed2026,compiled_model_output_numpy,289,6.1976
L01_seed2026,preprocess_validation_and_transform,289,0.0644
L01_seed2026,compiled_model_output_numpy,290,4.4345
L01_seed2026,preprocess_validation_and_transform,290,0.0658
L01_seed2026,compiled_model_output_numpy,291,4.7149
L01_seed2026,preprocess_validation_and_transform,291,0.0625
L01_seed2026,compiled_model_output_numpy,292,4.6749
L01_seed2026,preprocess_validation_and_transform,292,0.0552
L01_seed2026,compiled_model_output_numpy,293,4.586
L01_seed2026,preprocess_validation_and_transform,293,0.0616
L01_seed2026,compiled_model_output_numpy,294,4.418
L01_seed2026,preprocess_validation_and_transform,294,0.066
L01_seed2026,compiled_model_output_numpy,295,4.7092
L01_seed2026,preprocess_validation_and_transform,295,0.0628
L01_seed2026,compiled_model_output_numpy,296,4.535
L01_seed2026,preprocess_validation_and_transform,296,0.0618
L01_seed2026,compiled_model_output_numpy,297,4.9575
L01_seed2026,preprocess_validation_and_transform,297,0.0598
L01_seed2026,compiled_model_output_numpy,298,4.9266
L01_seed2026,preprocess_validation_and_transform,298,0.0593
L01_seed2026,compiled_model_output_numpy,299,5.7738
L01_seed2026,preprocess_validation_and_transform,299,0.0656
L01_seed2026,compiled_model_output_numpy,300,4.7675
L01_seed2026,preprocess_validation_and_transform,300,0.0567
L01_seed2026,compiled_model_output_numpy,301,4.5652
L01_seed2026,preprocess_validation_and_transform,301,0.0602
L01_seed2026,compiled_model_output_numpy,302,5.8103
L01_seed2026,preprocess_validation_and_transform,302,0.0613
L01_seed2026,compiled_model_output_numpy,303,4.3196
L01_seed2026,preprocess_validation_and_transform,303,0.0651
L01_seed2026,compiled_model_output_numpy,304,5.0823
L01_seed2026,preprocess_validation_and_transform,304,0.2511
L01_seed2026,compiled_model_output_numpy,305,4.3869
L01_seed2026,preprocess_validation_and_transform,305,0.0616
L01_seed2026,compiled_model_output_numpy,306,5.4894
L01_seed2026,preprocess_validation_and_transform,306,0.0634
L01_seed2026,compiled_model_output_numpy,307,4.5061
L01_seed2026,preprocess_validation_and_transform,307,0.0566
L01_seed2026,compiled_model_output_numpy,308,5.4706
L01_seed2026,preprocess_validation_and_transform,308,0.0598
L01_seed2026,compiled_model_output_numpy,309,4.4459
L01_seed2026,preprocess_validation_and_transform,309,0.0611
L01_seed2026,compiled_model_output_numpy,310,4.4378
L01_seed2026,preprocess_validation_and_transform,310,0.0576
L01_seed2026,compiled_model_output_numpy,311,4.8675
L01_seed2026,preprocess_validation_and_transform,311,0.0693
L01_seed2026,compiled_model_output_numpy,312,4.9969
L01_seed2026,preprocess_validation_and_transform,312,0.0594
L01_seed2026,compiled_model_output_numpy,313,4.6266
L01_seed2026,preprocess_validation_and_transform,313,0.0599
L01_seed2026,compiled_model_output_numpy,314,6.3671
L01_seed2026,preprocess_validation_and_transform,314,0.0653
L01_seed2026,compiled_model_output_numpy,315,5.0974
L01_seed2026,preprocess_validation_and_transform,315,0.0584
L01_seed2026,compiled_model_output_numpy,316,6.0014
L01_seed2026,preprocess_validation_and_transform,316,0.0609
L01_seed2026,compiled_model_output_numpy,317,4.9027
L01_seed2026,preprocess_validation_and_transform,317,0.0635
L01_seed2026,compiled_model_output_numpy,318,4.8914
L01_seed2026,preprocess_validation_and_transform,318,0.0634
L01_seed2026,compiled_model_output_numpy,319,4.9964
L01_seed2026,preprocess_validation_and_transform,319,0.0623
L01_seed2026,compiled_model_output_numpy,320,5.585
L01_seed2026,preprocess_validation_and_transform,320,0.0604
L01_seed2026,compiled_model_output_numpy,321,4.5235
L01_seed2026,preprocess_validation_and_transform,321,0.0636
L01_seed2026,compiled_model_output_numpy,322,6.376
L01_seed2026,preprocess_validation_and_transform,322,0.0664
L01_seed2026,compiled_model_output_numpy,323,4.7826
L01_seed2026,preprocess_validation_and_transform,323,0.0636
L01_seed2026,compiled_model_output_numpy,324,4.7978
L01_seed2026,preprocess_validation_and_transform,324,0.0616
L01_seed2026,compiled_model_output_numpy,325,6.1211
L01_seed2026,preprocess_validation_and_transform,325,0.0627
L01_seed2026,compiled_model_output_numpy,326,4.5589
L01_seed2026,preprocess_validation_and_transform,326,0.0648
L01_seed2026,compiled_model_output_numpy,327,4.8054
L01_seed2026,preprocess_validation_and_transform,327,0.0621
L01_seed2026,compiled_model_output_numpy,328,4.6742
L01_seed2026,preprocess_validation_and_transform,328,0.0978
L01_seed2026,compiled_model_output_numpy,329,5.3278
L01_seed2026,preprocess_validation_and_transform,329,0.0736
L01_seed2026,compiled_model_output_numpy,330,5.263
L01_seed2026,preprocess_validation_and_transform,330,0.0687
L01_seed2026,compiled_model_output_numpy,331,4.9043
L01_seed2026,preprocess_validation_and_transform,331,0.0635
L01_seed2026,compiled_model_output_numpy,332,4.5571
L01_seed2026,preprocess_validation_and_transform,332,0.0606
L01_seed2026,compiled_model_output_numpy,333,4.954
L01_seed2026,preprocess_validation_and_transform,333,0.0572
L01_seed2026,compiled_model_output_numpy,334,4.54
L01_seed2026,preprocess_validation_and_transform,334,0.1591
L01_seed2026,compiled_model_output_numpy,335,4.6667
L01_seed2026,preprocess_validation_and_transform,335,0.0603
L01_seed2026,compiled_model_output_numpy,336,4.7914
L01_seed2026,preprocess_validation_and_transform,336,0.0607
L01_seed2026,compiled_model_output_numpy,337,5.0958
L01_seed2026,preprocess_validation_and_transform,337,0.0624
L01_seed2026,compiled_model_output_numpy,338,4.9132
L01_seed2026,preprocess_validation_and_transform,338,0.0632
L01_seed2026,compiled_model_output_numpy,339,5.253
L01_seed2026,preprocess_validation_and_transform,339,0.0659
L01_seed2026,compiled_model_output_numpy,340,4.7068
L01_seed2026,preprocess_validation_and_transform,340,0.06
L01_seed2026,compiled_model_output_numpy,341,4.2694
L01_seed2026,preprocess_validation_and_transform,341,0.0608
L01_seed2026,compiled_model_output_numpy,342,4.3715
L01_seed2026,preprocess_validation_and_transform,342,0.0661
L01_seed2026,compiled_model_output_numpy,343,8.6786
L01_seed2026,preprocess_validation_and_transform,343,0.1147
L01_seed2026,compiled_model_output_numpy,344,8.7041
L01_seed2026,preprocess_validation_and_transform,344,0.0904
L01_seed2026,compiled_model_output_numpy,345,5.4235
L01_seed2026,preprocess_validation_and_transform,345,0.1062
L01_seed2026,compiled_model_output_numpy,346,5.611
L01_seed2026,preprocess_validation_and_transform,346,0.0786
L01_seed2026,compiled_model_output_numpy,347,7.886
L01_seed2026,preprocess_validation_and_transform,347,0.103
L01_seed2026,compiled_model_output_numpy,348,7.1454
L01_seed2026,preprocess_validation_and_transform,348,0.0839
L01_seed2026,compiled_model_output_numpy,349,7.7447
L01_seed2026,preprocess_validation_and_transform,349,0.0752
L01_seed2026,compiled_model_output_numpy,350,4.7223
L01_seed2026,preprocess_validation_and_transform,350,0.0635
L01_seed2026,compiled_model_output_numpy,351,4.5986
L01_seed2026,preprocess_validation_and_transform,351,0.0645
L01_seed2026,compiled_model_output_numpy,352,4.2635
L01_seed2026,preprocess_validation_and_transform,352,0.0567
L01_seed2026,compiled_model_output_numpy,353,4.5104
L01_seed2026,preprocess_validation_and_transform,353,0.0536
L01_seed2026,compiled_model_output_numpy,354,6.619
L01_seed2026,preprocess_validation_and_transform,354,0.066
L01_seed2026,compiled_model_output_numpy,355,4.523
L01_seed2026,preprocess_validation_and_transform,355,0.1054
L01_seed2026,compiled_model_output_numpy,356,5.5823
L01_seed2026,preprocess_validation_and_transform,356,0.069
L01_seed2026,compiled_model_output_numpy,357,4.4108
L01_seed2026,preprocess_validation_and_transform,357,0.0416
L01_seed2026,compiled_model_output_numpy,358,4.1275
L01_seed2026,preprocess_validation_and_transform,358,0.0436
L01_seed2026,compiled_model_output_numpy,359,4.3084
L01_seed2026,preprocess_validation_and_transform,359,0.066
L01_seed2026,compiled_model_output_numpy,360,4.4893
L01_seed2026,preprocess_validation_and_transform,360,0.0614
L01_seed2026,compiled_model_output_numpy,361,4.499
L01_seed2026,preprocess_validation_and_transform,361,0.0635
L01_seed2026,compiled_model_output_numpy,362,4.2955
L01_seed2026,preprocess_validation_and_transform,362,0.0615
L01_seed2026,compiled_model_output_numpy,363,4.3054
L01_seed2026,preprocess_validation_and_transform,363,0.0561
L01_seed2026,compiled_model_output_numpy,364,5.8326
L01_seed2026,preprocess_validation_and_transform,364,0.0654
L01_seed2026,compiled_model_output_numpy,365,4.5237
L01_seed2026,preprocess_validation_and_transform,365,0.0626
L01_seed2026,compiled_model_output_numpy,366,4.4282
L01_seed2026,preprocess_validation_and_transform,366,0.0617
L01_seed2026,compiled_model_output_numpy,367,4.4047
L01_seed2026,preprocess_validation_and_transform,367,0.0652
L01_seed2026,compiled_model_output_numpy,368,4.6808
L01_seed2026,preprocess_validation_and_transform,368,0.1427
L01_seed2026,compiled_model_output_numpy,369,4.3073
L01_seed2026,preprocess_validation_and_transform,369,0.0608
L01_seed2026,compiled_model_output_numpy,370,4.3262
L01_seed2026,preprocess_validation_and_transform,370,0.0573
L01_seed2026,compiled_model_output_numpy,371,4.7743
L01_seed2026,preprocess_validation_and_transform,371,0.0572
L01_seed2026,compiled_model_output_numpy,372,4.7959
L01_seed2026,preprocess_validation_and_transform,372,0.0607
L01_seed2026,compiled_model_output_numpy,373,4.3782
L01_seed2026,preprocess_validation_and_transform,373,0.0617
L01_seed2026,compiled_model_output_numpy,374,4.3184
L01_seed2026,preprocess_validation_and_transform,374,0.052
L01_seed2026,compiled_model_output_numpy,375,4.5547
L01_seed2026,preprocess_validation_and_transform,375,0.0575
L01_seed2026,compiled_model_output_numpy,376,4.6489
L01_seed2026,preprocess_validation_and_transform,376,0.058
L01_seed2026,compiled_model_output_numpy,377,4.4407
L01_seed2026,preprocess_validation_and_transform,377,0.0621
L01_seed2026,compiled_model_output_numpy,378,7.6551
L01_seed2026,preprocess_validation_and_transform,378,0.0709
L01_seed2026,compiled_model_output_numpy,379,4.8414
L01_seed2026,preprocess_validation_and_transform,379,0.0582
L01_seed2026,compiled_model_output_numpy,380,6.4415
L01_seed2026,preprocess_validation_and_transform,380,0.0664
L01_seed2026,compiled_model_output_numpy,381,4.4498
L01_seed2026,preprocess_validation_and_transform,381,0.0635
L01_seed2026,compiled_model_output_numpy,382,4.8311
L01_seed2026,preprocess_validation_and_transform,382,0.0668
L01_seed2026,compiled_model_output_numpy,383,4.7529
L01_seed2026,preprocess_validation_and_transform,383,0.0611
L01_seed2026,compiled_model_output_numpy,384,6.6173
L01_seed2026,preprocess_validation_and_transform,384,0.1098
L01_seed2026,compiled_model_output_numpy,385,5.3665
L01_seed2026,preprocess_validation_and_transform,385,0.0778
L01_seed2026,compiled_model_output_numpy,386,5.8361
L01_seed2026,preprocess_validation_and_transform,386,0.0658
L01_seed2026,compiled_model_output_numpy,387,4.8738
L01_seed2026,preprocess_validation_and_transform,387,0.064
L01_seed2026,compiled_model_output_numpy,388,4.4921
L01_seed2026,preprocess_validation_and_transform,388,0.063
L01_seed2026,compiled_model_output_numpy,389,7.088
L01_seed2026,preprocess_validation_and_transform,389,0.0685
L01_seed2026,compiled_model_output_numpy,390,6.5397
L01_seed2026,preprocess_validation_and_transform,390,0.0661
L01_seed2026,compiled_model_output_numpy,391,5.458
L01_seed2026,preprocess_validation_and_transform,391,0.0789
L01_seed2026,compiled_model_output_numpy,392,4.527
L01_seed2026,preprocess_validation_and_transform,392,0.063
L01_seed2026,compiled_model_output_numpy,393,4.9723
L01_seed2026,preprocess_validation_and_transform,393,0.0689
L01_seed2026,compiled_model_output_numpy,394,4.5376
L01_seed2026,preprocess_validation_and_transform,394,0.0623
L01_seed2026,compiled_model_output_numpy,395,4.4923
L01_seed2026,preprocess_validation_and_transform,395,0.0593
L01_seed2026,compiled_model_output_numpy,396,4.3625
L01_seed2026,preprocess_validation_and_transform,396,0.0406
L01_seed2026,compiled_model_output_numpy,397,4.2331
L01_seed2026,preprocess_validation_and_transform,397,0.0718
L01_seed2026,compiled_model_output_numpy,398,4.6624
L01_seed2026,preprocess_validation_and_transform,398,0.0511
L01_seed2026,compiled_model_output_numpy,399,4.6075
L01_seed2026,preprocess_validation_and_transform,399,0.0635
L01_seed2026,compiled_model_output_numpy,400,6.4711
L01_seed2026,preprocess_validation_and_transform,400,0.0581
L01_seed2026,compiled_model_output_numpy,401,4.6713
L01_seed2026,preprocess_validation_and_transform,401,0.0577
L01_seed2026,compiled_model_output_numpy,402,5.0006
L01_seed2026,preprocess_validation_and_transform,402,0.1066
L01_seed2026,compiled_model_output_numpy,403,4.5035
L01_seed2026,preprocess_validation_and_transform,403,0.0587
L01_seed2026,compiled_model_output_numpy,404,4.4874
L01_seed2026,preprocess_validation_and_transform,404,0.0622
L01_seed2026,compiled_model_output_numpy,405,6.6569
L01_seed2026,preprocess_validation_and_transform,405,0.0672
L01_seed2026,compiled_model_output_numpy,406,4.9649
L01_seed2026,preprocess_validation_and_transform,406,0.0639
L01_seed2026,compiled_model_output_numpy,407,4.4968
L01_seed2026,preprocess_validation_and_transform,407,0.0587
L01_seed2026,compiled_model_output_numpy,408,4.9564
L01_seed2026,preprocess_validation_and_transform,408,0.0591
L01_seed2026,compiled_model_output_numpy,409,4.6294
L01_seed2026,preprocess_validation_and_transform,409,0.0783
L01_seed2026,compiled_model_output_numpy,410,4.431
L01_seed2026,preprocess_validation_and_transform,410,0.0595
L01_seed2026,compiled_model_output_numpy,411,4.5112
L01_seed2026,preprocess_validation_and_transform,411,0.0579
L01_seed2026,compiled_model_output_numpy,412,6.7428
L01_seed2026,preprocess_validation_and_transform,412,0.0718
L01_seed2026,compiled_model_output_numpy,413,4.3605
L01_seed2026,preprocess_validation_and_transform,413,0.0554
L01_seed2026,compiled_model_output_numpy,414,5.7086
L01_seed2026,preprocess_validation_and_transform,414,0.0635
L01_seed2026,compiled_model_output_numpy,415,4.7123
L01_seed2026,preprocess_validation_and_transform,415,0.0562
L01_seed2026,compiled_model_output_numpy,416,4.5125
L01_seed2026,preprocess_validation_and_transform,416,0.0638
L01_seed2026,compiled_model_output_numpy,417,4.3127
L01_seed2026,preprocess_validation_and_transform,417,0.0539
L01_seed2026,compiled_model_output_numpy,418,4.342
L01_seed2026,preprocess_validation_and_transform,418,0.084
L01_seed2026,compiled_model_output_numpy,419,7.9968
L01_seed2026,preprocess_validation_and_transform,419,0.0636
L01_seed2026,compiled_model_output_numpy,420,5.6253
L01_seed2026,preprocess_validation_and_transform,420,0.068
L01_seed2026,compiled_model_output_numpy,421,4.9168
L01_seed2026,preprocess_validation_and_transform,421,0.0606
L01_seed2026,compiled_model_output_numpy,422,4.5925
L01_seed2026,preprocess_validation_and_transform,422,0.0663
L01_seed2026,compiled_model_output_numpy,423,4.8332
L01_seed2026,preprocess_validation_and_transform,423,0.0694
L01_seed2026,compiled_model_output_numpy,424,4.4494
L01_seed2026,preprocess_validation_and_transform,424,0.0518
L01_seed2026,compiled_model_output_numpy,425,4.9905
L01_seed2026,preprocess_validation_and_transform,425,0.0559
L01_seed2026,compiled_model_output_numpy,426,4.7009
L01_seed2026,preprocess_validation_and_transform,426,0.0634
L01_seed2026,compiled_model_output_numpy,427,4.7056
L01_seed2026,preprocess_validation_and_transform,427,0.061
L01_seed2026,compiled_model_output_numpy,428,4.311
L01_seed2026,preprocess_validation_and_transform,428,0.0908
L01_seed2026,compiled_model_output_numpy,429,4.6709
L01_seed2026,preprocess_validation_and_transform,429,0.0687
L01_seed2026,compiled_model_output_numpy,430,4.5889
L01_seed2026,preprocess_validation_and_transform,430,0.0624
L01_seed2026,compiled_model_output_numpy,431,4.25
L01_seed2026,preprocess_validation_and_transform,431,0.0628
L01_seed2026,compiled_model_output_numpy,432,4.6148
L01_seed2026,preprocess_validation_and_transform,432,0.0615
L01_seed2026,compiled_model_output_numpy,433,4.5904
L01_seed2026,preprocess_validation_and_transform,433,0.0959
L01_seed2026,compiled_model_output_numpy,434,4.7278
L01_seed2026,preprocess_validation_and_transform,434,0.0698
L01_seed2026,compiled_model_output_numpy,435,4.4884
L01_seed2026,preprocess_validation_and_transform,435,0.1239
L01_seed2026,compiled_model_output_numpy,436,6.9803
L01_seed2026,preprocess_validation_and_transform,436,0.0677
L01_seed2026,compiled_model_output_numpy,437,4.2966
L01_seed2026,preprocess_validation_and_transform,437,0.1162
L01_seed2026,compiled_model_output_numpy,438,4.4867
L01_seed2026,preprocess_validation_and_transform,438,0.064
L01_seed2026,compiled_model_output_numpy,439,4.3402
L01_seed2026,preprocess_validation_and_transform,439,0.0614
L01_seed2026,compiled_model_output_numpy,440,4.5686
L01_seed2026,preprocess_validation_and_transform,440,0.0554
L01_seed2026,compiled_model_output_numpy,441,4.4158
L01_seed2026,preprocess_validation_and_transform,441,0.0474
L01_seed2026,compiled_model_output_numpy,442,4.3126
L01_seed2026,preprocess_validation_and_transform,442,0.0621
L01_seed2026,compiled_model_output_numpy,443,6.5948
L01_seed2026,preprocess_validation_and_transform,443,0.0606
L01_seed2026,compiled_model_output_numpy,444,4.3118
L01_seed2026,preprocess_validation_and_transform,444,0.1054
L01_seed2026,compiled_model_output_numpy,445,4.5217
L01_seed2026,preprocess_validation_and_transform,445,0.0561
L01_seed2026,compiled_model_output_numpy,446,4.5207
L01_seed2026,preprocess_validation_and_transform,446,0.0626
L01_seed2026,compiled_model_output_numpy,447,4.3819
L01_seed2026,preprocess_validation_and_transform,447,0.0628
L01_seed2026,compiled_model_output_numpy,448,4.4831
L01_seed2026,preprocess_validation_and_transform,448,0.06
L01_seed2026,compiled_model_output_numpy,449,4.7699
L01_seed2026,preprocess_validation_and_transform,449,0.0612
L01_seed2026,compiled_model_output_numpy,450,4.634
L01_seed2026,preprocess_validation_and_transform,450,0.0631
L01_seed2026,compiled_model_output_numpy,451,4.3942
L01_seed2026,preprocess_validation_and_transform,451,0.0657
L01_seed2026,compiled_model_output_numpy,452,4.8669
L01_seed2026,preprocess_validation_and_transform,452,0.0631
L01_seed2026,compiled_model_output_numpy,453,4.8956
L01_seed2026,preprocess_validation_and_transform,453,0.0648
L01_seed2026,compiled_model_output_numpy,454,4.5734
L01_seed2026,preprocess_validation_and_transform,454,0.0601
L01_seed2026,compiled_model_output_numpy,455,4.5342
L01_seed2026,preprocess_validation_and_transform,455,0.0602
L01_seed2026,compiled_model_output_numpy,456,5.779
L01_seed2026,preprocess_validation_and_transform,456,0.0585
L01_seed2026,compiled_model_output_numpy,457,5.306
L01_seed2026,preprocess_validation_and_transform,457,0.1167
L01_seed2026,compiled_model_output_numpy,458,4.596
L01_seed2026,preprocess_validation_and_transform,458,0.0649
L01_seed2026,compiled_model_output_numpy,459,5.9887
L01_seed2026,preprocess_validation_and_transform,459,0.0942
L01_seed2026,compiled_model_output_numpy,460,7.0823
L01_seed2026,preprocess_validation_and_transform,460,0.067
L01_seed2026,compiled_model_output_numpy,461,4.809
L01_seed2026,preprocess_validation_and_transform,461,0.059
L01_seed2026,compiled_model_output_numpy,462,4.4084
L01_seed2026,preprocess_validation_and_transform,462,0.0613
L01_seed2026,compiled_model_output_numpy,463,4.6587
L01_seed2026,preprocess_validation_and_transform,463,0.0544
L01_seed2026,compiled_model_output_numpy,464,8.1417
L01_seed2026,preprocess_validation_and_transform,464,0.1628
L01_seed2026,compiled_model_output_numpy,465,4.8646
L01_seed2026,preprocess_validation_and_transform,465,0.1168
L01_seed2026,compiled_model_output_numpy,466,4.5292
L01_seed2026,preprocess_validation_and_transform,466,0.0544
L01_seed2026,compiled_model_output_numpy,467,7.205
L01_seed2026,preprocess_validation_and_transform,467,0.0617
L01_seed2026,compiled_model_output_numpy,468,4.7794
L01_seed2026,preprocess_validation_and_transform,468,0.06
L01_seed2026,compiled_model_output_numpy,469,6.7182
L01_seed2026,preprocess_validation_and_transform,469,0.0878
L01_seed2026,compiled_model_output_numpy,470,4.8705
L01_seed2026,preprocess_validation_and_transform,470,0.0654
L01_seed2026,compiled_model_output_numpy,471,4.699
L01_seed2026,preprocess_validation_and_transform,471,0.1326
L01_seed2026,compiled_model_output_numpy,472,4.424
L01_seed2026,preprocess_validation_and_transform,472,0.1015
L01_seed2026,compiled_model_output_numpy,473,4.3522
L01_seed2026,preprocess_validation_and_transform,473,0.0597
L01_seed2026,compiled_model_output_numpy,474,4.2926
L01_seed2026,preprocess_validation_and_transform,474,0.0564
L01_seed2026,compiled_model_output_numpy,475,4.4709
L01_seed2026,preprocess_validation_and_transform,475,0.0559
L01_seed2026,compiled_model_output_numpy,476,4.4662
L01_seed2026,preprocess_validation_and_transform,476,0.0523
L01_seed2026,compiled_model_output_numpy,477,4.2973
L01_seed2026,preprocess_validation_and_transform,477,0.0583
L01_seed2026,compiled_model_output_numpy,478,4.8396
L01_seed2026,preprocess_validation_and_transform,478,0.0523
L01_seed2026,compiled_model_output_numpy,479,5.9545
L01_seed2026,preprocess_validation_and_transform,479,0.0548
L01_seed2026,compiled_model_output_numpy,480,4.6778
L01_seed2026,preprocess_validation_and_transform,480,0.0547
L01_seed2026,compiled_model_output_numpy,481,4.857
L01_seed2026,preprocess_validation_and_transform,481,0.0581
L01_seed2026,compiled_model_output_numpy,482,6.1905
L01_seed2026,preprocess_validation_and_transform,482,0.0564
L01_seed2026,compiled_model_output_numpy,483,4.3109
L01_seed2026,preprocess_validation_and_transform,483,0.0431
L01_seed2026,compiled_model_output_numpy,484,4.4415
L01_seed2026,preprocess_validation_and_transform,484,0.0465
L01_seed2026,compiled_model_output_numpy,485,4.733
L01_seed2026,preprocess_validation_and_transform,485,0.0539
L01_seed2026,compiled_model_output_numpy,486,4.4059
L01_seed2026,preprocess_validation_and_transform,486,0.0609
L01_seed2026,compiled_model_output_numpy,487,6.5061
L01_seed2026,preprocess_validation_and_transform,487,0.0544
L01_seed2026,compiled_model_output_numpy,488,4.6354
L01_seed2026,preprocess_validation_and_transform,488,0.0572
L01_seed2026,compiled_model_output_numpy,489,5.5251
L01_seed2026,preprocess_validation_and_transform,489,0.0593
L01_seed2026,compiled_model_output_numpy,490,4.7467
L01_seed2026,preprocess_validation_and_transform,490,0.0921
L01_seed2026,compiled_model_output_numpy,491,4.6453
L01_seed2026,preprocess_validation_and_transform,491,0.1489
L01_seed2026,compiled_model_output_numpy,492,4.423
L01_seed2026,preprocess_validation_and_transform,492,0.0571
L01_seed2026,compiled_model_output_numpy,493,6.9972
L01_seed2026,preprocess_validation_and_transform,493,0.0602
L01_seed2026,compiled_model_output_numpy,494,4.4792
L01_seed2026,preprocess_validation_and_transform,494,0.2127
L01_seed2026,compiled_model_output_numpy,495,4.7976
L01_seed2026,preprocess_validation_and_transform,495,0.054
L01_seed2026,compiled_model_output_numpy,496,4.5979
L01_seed2026,preprocess_validation_and_transform,496,0.0563
L01_seed2026,compiled_model_output_numpy,497,4.7005
L01_seed2026,preprocess_validation_and_transform,497,0.0552
L01_seed2026,compiled_model_output_numpy,498,4.5185
L01_seed2026,preprocess_validation_and_transform,498,0.0584
L01_seed2026,compiled_model_output_numpy,499,4.9288
L01_seed2026,preprocess_validation_and_transform,499,0.0577
L01_seed2027,compiled_model_output_numpy,0,4.7348
L01_seed2027,preprocess_validation_and_transform,0,0.0582
L01_seed2027,compiled_model_output_numpy,1,4.5075
L01_seed2027,preprocess_validation_and_transform,1,0.0542
L01_seed2027,compiled_model_output_numpy,2,4.5229
L01_seed2027,preprocess_validation_and_transform,2,0.0617
L01_seed2027,compiled_model_output_numpy,3,4.3306
L01_seed2027,preprocess_validation_and_transform,3,0.0592
L01_seed2027,compiled_model_output_numpy,4,4.3734
L01_seed2027,preprocess_validation_and_transform,4,0.1713
L01_seed2027,compiled_model_output_numpy,5,4.4246
L01_seed2027,preprocess_validation_and_transform,5,0.0577
L01_seed2027,compiled_model_output_numpy,6,4.3891
L01_seed2027,preprocess_validation_and_transform,6,0.0561
L01_seed2027,compiled_model_output_numpy,7,7.6869
L01_seed2027,preprocess_validation_and_transform,7,0.1933
L01_seed2027,compiled_model_output_numpy,8,4.4762
L01_seed2027,preprocess_validation_and_transform,8,0.071
L01_seed2027,compiled_model_output_numpy,9,4.5588
L01_seed2027,preprocess_validation_and_transform,9,0.0622
L01_seed2027,compiled_model_output_numpy,10,4.7025
L01_seed2027,preprocess_validation_and_transform,10,0.0557
L01_seed2027,compiled_model_output_numpy,11,4.301
L01_seed2027,preprocess_validation_and_transform,11,0.045
L01_seed2027,compiled_model_output_numpy,12,4.5745
L01_seed2027,preprocess_validation_and_transform,12,0.0561
L01_seed2027,compiled_model_output_numpy,13,4.6343
L01_seed2027,preprocess_validation_and_transform,13,0.0516
L01_seed2027,compiled_model_output_numpy,14,5.0576
L01_seed2027,preprocess_validation_and_transform,14,0.0563
L01_seed2027,compiled_model_output_numpy,15,4.4786
L01_seed2027,preprocess_validation_and_transform,15,0.055
L01_seed2027,compiled_model_output_numpy,16,6.1683
L01_seed2027,preprocess_validation_and_transform,16,0.0563
L01_seed2027,compiled_model_output_numpy,17,5.1463
L01_seed2027,preprocess_validation_and_transform,17,0.0599
L01_seed2027,compiled_model_output_numpy,18,4.2737
L01_seed2027,preprocess_validation_and_transform,18,0.1562
L01_seed2027,compiled_model_output_numpy,19,4.6261
L01_seed2027,preprocess_validation_and_transform,19,0.0548
L01_seed2027,compiled_model_output_numpy,20,4.7874
L01_seed2027,preprocess_validation_and_transform,20,0.056
L01_seed2027,compiled_model_output_numpy,21,4.5433
L01_seed2027,preprocess_validation_and_transform,21,0.0558
L01_seed2027,compiled_model_output_numpy,22,4.933
L01_seed2027,preprocess_validation_and_transform,22,0.0573
L01_seed2027,compiled_model_output_numpy,23,5.2981
L01_seed2027,preprocess_validation_and_transform,23,0.1423
L01_seed2027,compiled_model_output_numpy,24,5.0417
L01_seed2027,preprocess_validation_and_transform,24,0.0541
L01_seed2027,compiled_model_output_numpy,25,4.4714
L01_seed2027,preprocess_validation_and_transform,25,0.045
L01_seed2027,compiled_model_output_numpy,26,5.3775
L01_seed2027,preprocess_validation_and_transform,26,0.0596
L01_seed2027,compiled_model_output_numpy,27,4.6702
L01_seed2027,preprocess_validation_and_transform,27,0.0594
L01_seed2027,compiled_model_output_numpy,28,4.5686
L01_seed2027,preprocess_validation_and_transform,28,0.059
L01_seed2027,compiled_model_output_numpy,29,4.4134
L01_seed2027,preprocess_validation_and_transform,29,0.0769
L01_seed2027,compiled_model_output_numpy,30,4.7787
L01_seed2027,preprocess_validation_and_transform,30,0.0592
L01_seed2027,compiled_model_output_numpy,31,4.6126
L01_seed2027,preprocess_validation_and_transform,31,0.0558
L01_seed2027,compiled_model_output_numpy,32,4.4851
L01_seed2027,preprocess_validation_and_transform,32,0.0552
L01_seed2027,compiled_model_output_numpy,33,4.5261
L01_seed2027,preprocess_validation_and_transform,33,0.0518
L01_seed2027,compiled_model_output_numpy,34,4.4532
L01_seed2027,preprocess_validation_and_transform,34,0.0469
L01_seed2027,compiled_model_output_numpy,35,4.4328
L01_seed2027,preprocess_validation_and_transform,35,0.0595
L01_seed2027,compiled_model_output_numpy,36,4.613
L01_seed2027,preprocess_validation_and_transform,36,0.0561
L01_seed2027,compiled_model_output_numpy,37,4.7015
L01_seed2027,preprocess_validation_and_transform,37,0.0528
L01_seed2027,compiled_model_output_numpy,38,4.512
L01_seed2027,preprocess_validation_and_transform,38,0.0565
L01_seed2027,compiled_model_output_numpy,39,4.5023
L01_seed2027,preprocess_validation_and_transform,39,0.0496
L01_seed2027,compiled_model_output_numpy,40,4.5973
L01_seed2027,preprocess_validation_and_transform,40,0.0538
L01_seed2027,compiled_model_output_numpy,41,4.5143
L01_seed2027,preprocess_validation_and_transform,41,0.0565
L01_seed2027,compiled_model_output_numpy,42,4.5864
L01_seed2027,preprocess_validation_and_transform,42,0.0558
L01_seed2027,compiled_model_output_numpy,43,4.4151
L01_seed2027,preprocess_validation_and_transform,43,0.0573
L01_seed2027,compiled_model_output_numpy,44,4.3675
L01_seed2027,preprocess_validation_and_transform,44,0.0575
L01_seed2027,compiled_model_output_numpy,45,5.4561
L01_seed2027,preprocess_validation_and_transform,45,0.0592
L01_seed2027,compiled_model_output_numpy,46,4.2479
L01_seed2027,preprocess_validation_and_transform,46,0.0591
L01_seed2027,compiled_model_output_numpy,47,4.3633
L01_seed2027,preprocess_validation_and_transform,47,0.0559
L01_seed2027,compiled_model_output_numpy,48,4.3576
L01_seed2027,preprocess_validation_and_transform,48,0.0548
L01_seed2027,compiled_model_output_numpy,49,4.6893
L01_seed2027,preprocess_validation_and_transform,49,0.0564
L01_seed2027,compiled_model_output_numpy,50,4.7137
L01_seed2027,preprocess_validation_and_transform,50,0.0516
L01_seed2027,compiled_model_output_numpy,51,4.6809
L01_seed2027,preprocess_validation_and_transform,51,0.0843
L01_seed2027,compiled_model_output_numpy,52,6.561
L01_seed2027,preprocess_validation_and_transform,52,0.0834
L01_seed2027,compiled_model_output_numpy,53,4.6064
L01_seed2027,preprocess_validation_and_transform,53,0.061
L01_seed2027,compiled_model_output_numpy,54,4.5159
L01_seed2027,preprocess_validation_and_transform,54,0.0594
L01_seed2027,compiled_model_output_numpy,55,6.2063
L01_seed2027,preprocess_validation_and_transform,55,0.061
L01_seed2027,compiled_model_output_numpy,56,5.2302
L01_seed2027,preprocess_validation_and_transform,56,0.058
L01_seed2027,compiled_model_output_numpy,57,6.7373
L01_seed2027,preprocess_validation_and_transform,57,0.0561
L01_seed2027,compiled_model_output_numpy,58,4.7668
L01_seed2027,preprocess_validation_and_transform,58,0.0549
L01_seed2027,compiled_model_output_numpy,59,4.5009
L01_seed2027,preprocess_validation_and_transform,59,0.0615
L01_seed2027,compiled_model_output_numpy,60,5.2436
L01_seed2027,preprocess_validation_and_transform,60,0.0572
L01_seed2027,compiled_model_output_numpy,61,4.6886
L01_seed2027,preprocess_validation_and_transform,61,0.057
L01_seed2027,compiled_model_output_numpy,62,5.0264
L01_seed2027,preprocess_validation_and_transform,62,0.0592
L01_seed2027,compiled_model_output_numpy,63,4.6042
L01_seed2027,preprocess_validation_and_transform,63,0.0603
L01_seed2027,compiled_model_output_numpy,64,4.4584
L01_seed2027,preprocess_validation_and_transform,64,0.0858
L01_seed2027,compiled_model_output_numpy,65,5.6935
L01_seed2027,preprocess_validation_and_transform,65,0.0651
L01_seed2027,compiled_model_output_numpy,66,5.8014
L01_seed2027,preprocess_validation_and_transform,66,0.0628
L01_seed2027,compiled_model_output_numpy,67,4.4995
L01_seed2027,preprocess_validation_and_transform,67,0.0565
L01_seed2027,compiled_model_output_numpy,68,4.9618
L01_seed2027,preprocess_validation_and_transform,68,0.0569
L01_seed2027,compiled_model_output_numpy,69,4.3044
L01_seed2027,preprocess_validation_and_transform,69,0.0418
L01_seed2027,compiled_model_output_numpy,70,4.7028
L01_seed2027,preprocess_validation_and_transform,70,0.0547
L01_seed2027,compiled_model_output_numpy,71,4.5891
L01_seed2027,preprocess_validation_and_transform,71,0.0557
L01_seed2027,compiled_model_output_numpy,72,6.1459
L01_seed2027,preprocess_validation_and_transform,72,0.0581
L01_seed2027,compiled_model_output_numpy,73,4.2608
L01_seed2027,preprocess_validation_and_transform,73,0.0825
L01_seed2027,compiled_model_output_numpy,74,4.3619
L01_seed2027,preprocess_validation_and_transform,74,0.0557
L01_seed2027,compiled_model_output_numpy,75,6.257
L01_seed2027,preprocess_validation_and_transform,75,0.0555
L01_seed2027,compiled_model_output_numpy,76,4.7292
L01_seed2027,preprocess_validation_and_transform,76,0.0586
L01_seed2027,compiled_model_output_numpy,77,4.5916
L01_seed2027,preprocess_validation_and_transform,77,0.0501
L01_seed2027,compiled_model_output_numpy,78,4.5865
L01_seed2027,preprocess_validation_and_transform,78,0.0765
L01_seed2027,compiled_model_output_numpy,79,4.6875
L01_seed2027,preprocess_validation_and_transform,79,0.0587
L01_seed2027,compiled_model_output_numpy,80,4.4518
L01_seed2027,preprocess_validation_and_transform,80,0.1037
L01_seed2027,compiled_model_output_numpy,81,4.2908
L01_seed2027,preprocess_validation_and_transform,81,0.0553
L01_seed2027,compiled_model_output_numpy,82,7.1397
L01_seed2027,preprocess_validation_and_transform,82,0.0801
L01_seed2027,compiled_model_output_numpy,83,4.2483
L01_seed2027,preprocess_validation_and_transform,83,0.0459
L01_seed2027,compiled_model_output_numpy,84,4.6698
L01_seed2027,preprocess_validation_and_transform,84,0.0563
L01_seed2027,compiled_model_output_numpy,85,4.5959
L01_seed2027,preprocess_validation_and_transform,85,0.0591
L01_seed2027,compiled_model_output_numpy,86,4.578
L01_seed2027,preprocess_validation_and_transform,86,0.0571
L01_seed2027,compiled_model_output_numpy,87,4.3335
L01_seed2027,preprocess_validation_and_transform,87,0.0557
L01_seed2027,compiled_model_output_numpy,88,4.2121
L01_seed2027,preprocess_validation_and_transform,88,0.0525
L01_seed2027,compiled_model_output_numpy,89,5.753
L01_seed2027,preprocess_validation_and_transform,89,0.0609
L01_seed2027,compiled_model_output_numpy,90,4.3932
L01_seed2027,preprocess_validation_and_transform,90,0.0592
L01_seed2027,compiled_model_output_numpy,91,5.4324
L01_seed2027,preprocess_validation_and_transform,91,0.1387
L01_seed2027,compiled_model_output_numpy,92,4.7019
L01_seed2027,preprocess_validation_and_transform,92,0.0557
L01_seed2027,compiled_model_output_numpy,93,4.3969
L01_seed2027,preprocess_validation_and_transform,93,0.0577
L01_seed2027,compiled_model_output_numpy,94,4.4947
L01_seed2027,preprocess_validation_and_transform,94,0.0585
L01_seed2027,compiled_model_output_numpy,95,4.8878
L01_seed2027,preprocess_validation_and_transform,95,0.1337
L01_seed2027,compiled_model_output_numpy,96,4.5133
L01_seed2027,preprocess_validation_and_transform,96,0.0577
L01_seed2027,compiled_model_output_numpy,97,6.6749
L01_seed2027,preprocess_validation_and_transform,97,0.0573
L01_seed2027,compiled_model_output_numpy,98,4.5535
L01_seed2027,preprocess_validation_and_transform,98,0.0567
L01_seed2027,compiled_model_output_numpy,99,5.2501
L01_seed2027,preprocess_validation_and_transform,99,0.0579
L01_seed2027,compiled_model_output_numpy,100,4.601
L01_seed2027,preprocess_validation_and_transform,100,0.0512
L01_seed2027,compiled_model_output_numpy,101,4.6698
L01_seed2027,preprocess_validation_and_transform,101,0.0574
L01_seed2027,compiled_model_output_numpy,102,4.974
L01_seed2027,preprocess_validation_and_transform,102,0.0538
L01_seed2027,compiled_model_output_numpy,103,8.0664
L01_seed2027,preprocess_validation_and_transform,103,0.085
L01_seed2027,compiled_model_output_numpy,104,7.4073
L01_seed2027,preprocess_validation_and_transform,104,0.1157
L01_seed2027,compiled_model_output_numpy,105,4.6921
L01_seed2027,preprocess_validation_and_transform,105,0.0561
L01_seed2027,compiled_model_output_numpy,106,4.5688
L01_seed2027,preprocess_validation_and_transform,106,0.0552
L01_seed2027,compiled_model_output_numpy,107,4.7706
L01_seed2027,preprocess_validation_and_transform,107,0.053
L01_seed2027,compiled_model_output_numpy,108,5.6666
L01_seed2027,preprocess_validation_and_transform,108,0.1208
L01_seed2027,compiled_model_output_numpy,109,4.4726
L01_seed2027,preprocess_validation_and_transform,109,0.0557
L01_seed2027,compiled_model_output_numpy,110,4.4985
L01_seed2027,preprocess_validation_and_transform,110,0.0549
L01_seed2027,compiled_model_output_numpy,111,5.7014
L01_seed2027,preprocess_validation_and_transform,111,0.06
L01_seed2027,compiled_model_output_numpy,112,4.2906
L01_seed2027,preprocess_validation_and_transform,112,0.0416
L01_seed2027,compiled_model_output_numpy,113,4.1567
L01_seed2027,preprocess_validation_and_transform,113,0.0598
L01_seed2027,compiled_model_output_numpy,114,4.8017
L01_seed2027,preprocess_validation_and_transform,114,0.058
L01_seed2027,compiled_model_output_numpy,115,4.8908
L01_seed2027,preprocess_validation_and_transform,115,0.12
L01_seed2027,compiled_model_output_numpy,116,4.6029
L01_seed2027,preprocess_validation_and_transform,116,0.0553
L01_seed2027,compiled_model_output_numpy,117,4.5205
L01_seed2027,preprocess_validation_and_transform,117,0.0586
L01_seed2027,compiled_model_output_numpy,118,5.4398
L01_seed2027,preprocess_validation_and_transform,118,0.0614
L01_seed2027,compiled_model_output_numpy,119,4.389
L01_seed2027,preprocess_validation_and_transform,119,0.0559
L01_seed2027,compiled_model_output_numpy,120,4.525
L01_seed2027,preprocess_validation_and_transform,120,0.0604
L01_seed2027,compiled_model_output_numpy,121,4.6705
L01_seed2027,preprocess_validation_and_transform,121,0.0546
L01_seed2027,compiled_model_output_numpy,122,4.8209
L01_seed2027,preprocess_validation_and_transform,122,0.0562
L01_seed2027,compiled_model_output_numpy,123,4.4597
L01_seed2027,preprocess_validation_and_transform,123,0.0544
L01_seed2027,compiled_model_output_numpy,124,4.5848
L01_seed2027,preprocess_validation_and_transform,124,0.0733
L01_seed2027,compiled_model_output_numpy,125,5.113
L01_seed2027,preprocess_validation_and_transform,125,0.0592
L01_seed2027,compiled_model_output_numpy,126,5.8856
L01_seed2027,preprocess_validation_and_transform,126,0.092
L01_seed2027,compiled_model_output_numpy,127,4.7945
L01_seed2027,preprocess_validation_and_transform,127,0.0726
L01_seed2027,compiled_model_output_numpy,128,4.8441
L01_seed2027,preprocess_validation_and_transform,128,0.1003
L01_seed2027,compiled_model_output_numpy,129,5.0246
L01_seed2027,preprocess_validation_and_transform,129,0.0712
L01_seed2027,compiled_model_output_numpy,130,5.9251
L01_seed2027,preprocess_validation_and_transform,130,0.059
L01_seed2027,compiled_model_output_numpy,131,4.4314
L01_seed2027,preprocess_validation_and_transform,131,0.0601
L01_seed2027,compiled_model_output_numpy,132,4.5035
L01_seed2027,preprocess_validation_and_transform,132,0.0968
L01_seed2027,compiled_model_output_numpy,133,8.5322
L01_seed2027,preprocess_validation_and_transform,133,0.0714
L01_seed2027,compiled_model_output_numpy,134,4.9126
L01_seed2027,preprocess_validation_and_transform,134,0.0612
L01_seed2027,compiled_model_output_numpy,135,4.3365
L01_seed2027,preprocess_validation_and_transform,135,0.0576
L01_seed2027,compiled_model_output_numpy,136,6.4983
L01_seed2027,preprocess_validation_and_transform,136,0.0626
L01_seed2027,compiled_model_output_numpy,137,4.743
L01_seed2027,preprocess_validation_and_transform,137,0.0644
L01_seed2027,compiled_model_output_numpy,138,4.3156
L01_seed2027,preprocess_validation_and_transform,138,0.0542
L01_seed2027,compiled_model_output_numpy,139,4.4704
L01_seed2027,preprocess_validation_and_transform,139,0.0837
L01_seed2027,compiled_model_output_numpy,140,4.6988
L01_seed2027,preprocess_validation_and_transform,140,0.0579
L01_seed2027,compiled_model_output_numpy,141,4.3202
L01_seed2027,preprocess_validation_and_transform,141,0.0573
L01_seed2027,compiled_model_output_numpy,142,4.5785
L01_seed2027,preprocess_validation_and_transform,142,0.0587
L01_seed2027,compiled_model_output_numpy,143,4.5384
L01_seed2027,preprocess_validation_and_transform,143,0.0551
L01_seed2027,compiled_model_output_numpy,144,4.3796
L01_seed2027,preprocess_validation_and_transform,144,0.0565
L01_seed2027,compiled_model_output_numpy,145,4.8153
L01_seed2027,preprocess_validation_and_transform,145,0.0582
L01_seed2027,compiled_model_output_numpy,146,4.6887
L01_seed2027,preprocess_validation_and_transform,146,0.061
L01_seed2027,compiled_model_output_numpy,147,5.619
L01_seed2027,preprocess_validation_and_transform,147,0.0569
L01_seed2027,compiled_model_output_numpy,148,4.702
L01_seed2027,preprocess_validation_and_transform,148,0.0563
L01_seed2027,compiled_model_output_numpy,149,4.4302
L01_seed2027,preprocess_validation_and_transform,149,0.0602
L01_seed2027,compiled_model_output_numpy,150,4.5991
L01_seed2027,preprocess_validation_and_transform,150,0.0544
L01_seed2027,compiled_model_output_numpy,151,6.7816
L01_seed2027,preprocess_validation_and_transform,151,0.0562
L01_seed2027,compiled_model_output_numpy,152,4.3405
L01_seed2027,preprocess_validation_and_transform,152,0.1235
L01_seed2027,compiled_model_output_numpy,153,4.8701
L01_seed2027,preprocess_validation_and_transform,153,0.0575
L01_seed2027,compiled_model_output_numpy,154,4.8713
L01_seed2027,preprocess_validation_and_transform,154,0.0594
L01_seed2027,compiled_model_output_numpy,155,4.788
L01_seed2027,preprocess_validation_and_transform,155,0.06
L01_seed2027,compiled_model_output_numpy,156,4.7083
L01_seed2027,preprocess_validation_and_transform,156,0.0594
L01_seed2027,compiled_model_output_numpy,157,4.514
L01_seed2027,preprocess_validation_and_transform,157,0.0577
L01_seed2027,compiled_model_output_numpy,158,4.5194
L01_seed2027,preprocess_validation_and_transform,158,0.0545
L01_seed2027,compiled_model_output_numpy,159,4.5363
L01_seed2027,preprocess_validation_and_transform,159,0.0571
L01_seed2027,compiled_model_output_numpy,160,5.337
L01_seed2027,preprocess_validation_and_transform,160,0.0552
L01_seed2027,compiled_model_output_numpy,161,4.6529
L01_seed2027,preprocess_validation_and_transform,161,0.0589
L01_seed2027,compiled_model_output_numpy,162,4.8367
L01_seed2027,preprocess_validation_and_transform,162,0.0548
L01_seed2027,compiled_model_output_numpy,163,4.6888
L01_seed2027,preprocess_validation_and_transform,163,0.093
L01_seed2027,compiled_model_output_numpy,164,5.0704
L01_seed2027,preprocess_validation_and_transform,164,0.0628
L01_seed2027,compiled_model_output_numpy,165,6.6755
L01_seed2027,preprocess_validation_and_transform,165,0.0631
L01_seed2027,compiled_model_output_numpy,166,6.0834
L01_seed2027,preprocess_validation_and_transform,166,0.068
L01_seed2027,compiled_model_output_numpy,167,4.5146
L01_seed2027,preprocess_validation_and_transform,167,0.0618
L01_seed2027,compiled_model_output_numpy,168,4.676
L01_seed2027,preprocess_validation_and_transform,168,0.1135
L01_seed2027,compiled_model_output_numpy,169,5.0354
L01_seed2027,preprocess_validation_and_transform,169,0.0596
L01_seed2027,compiled_model_output_numpy,170,4.4291
L01_seed2027,preprocess_validation_and_transform,170,0.0567
L01_seed2027,compiled_model_output_numpy,171,4.5753
L01_seed2027,preprocess_validation_and_transform,171,0.0588
L01_seed2027,compiled_model_output_numpy,172,6.792
L01_seed2027,preprocess_validation_and_transform,172,0.0607
L01_seed2027,compiled_model_output_numpy,173,4.5772
L01_seed2027,preprocess_validation_and_transform,173,0.0622
L01_seed2027,compiled_model_output_numpy,174,4.6594
L01_seed2027,preprocess_validation_and_transform,174,0.06
L01_seed2027,compiled_model_output_numpy,175,4.4447
L01_seed2027,preprocess_validation_and_transform,175,0.0786
L01_seed2027,compiled_model_output_numpy,176,4.257
L01_seed2027,preprocess_validation_and_transform,176,0.0426
L01_seed2027,compiled_model_output_numpy,177,4.2239
L01_seed2027,preprocess_validation_and_transform,177,0.0361
L01_seed2027,compiled_model_output_numpy,178,4.1585
L01_seed2027,preprocess_validation_and_transform,178,0.0577
L01_seed2027,compiled_model_output_numpy,179,7.1514
L01_seed2027,preprocess_validation_and_transform,179,0.059
L01_seed2027,compiled_model_output_numpy,180,4.8676
L01_seed2027,preprocess_validation_and_transform,180,0.0566
L01_seed2027,compiled_model_output_numpy,181,4.6221
L01_seed2027,preprocess_validation_and_transform,181,0.0597
L01_seed2027,compiled_model_output_numpy,182,5.075
L01_seed2027,preprocess_validation_and_transform,182,0.0575
L01_seed2027,compiled_model_output_numpy,183,4.8452
L01_seed2027,preprocess_validation_and_transform,183,0.0574
L01_seed2027,compiled_model_output_numpy,184,4.6945
L01_seed2027,preprocess_validation_and_transform,184,0.0588
L01_seed2027,compiled_model_output_numpy,185,4.5974
L01_seed2027,preprocess_validation_and_transform,185,0.0616
L01_seed2027,compiled_model_output_numpy,186,4.593
L01_seed2027,preprocess_validation_and_transform,186,0.0617
L01_seed2027,compiled_model_output_numpy,187,4.5384
L01_seed2027,preprocess_validation_and_transform,187,0.0579
L01_seed2027,compiled_model_output_numpy,188,4.5045
L01_seed2027,preprocess_validation_and_transform,188,0.0538
L01_seed2027,compiled_model_output_numpy,189,5.8884
L01_seed2027,preprocess_validation_and_transform,189,0.0577
L01_seed2027,compiled_model_output_numpy,190,4.98
L01_seed2027,preprocess_validation_and_transform,190,0.0571
L01_seed2027,compiled_model_output_numpy,191,4.6174
L01_seed2027,preprocess_validation_and_transform,191,0.0555
L01_seed2027,compiled_model_output_numpy,192,4.5723
L01_seed2027,preprocess_validation_and_transform,192,0.0618
L01_seed2027,compiled_model_output_numpy,193,6.02
L01_seed2027,preprocess_validation_and_transform,193,0.057
L01_seed2027,compiled_model_output_numpy,194,4.9036
L01_seed2027,preprocess_validation_and_transform,194,0.0612
L01_seed2027,compiled_model_output_numpy,195,4.6674
L01_seed2027,preprocess_validation_and_transform,195,0.0568
L01_seed2027,compiled_model_output_numpy,196,4.507
L01_seed2027,preprocess_validation_and_transform,196,0.0579
L01_seed2027,compiled_model_output_numpy,197,4.6627
L01_seed2027,preprocess_validation_and_transform,197,0.0593
L01_seed2027,compiled_model_output_numpy,198,4.4407
L01_seed2027,preprocess_validation_and_transform,198,0.0578
L01_seed2027,compiled_model_output_numpy,199,4.505
L01_seed2027,preprocess_validation_and_transform,199,0.0536
L01_seed2027,compiled_model_output_numpy,200,5.052
L01_seed2027,preprocess_validation_and_transform,200,0.063
L01_seed2027,compiled_model_output_numpy,201,4.7078
L01_seed2027,preprocess_validation_and_transform,201,0.0579
L01_seed2027,compiled_model_output_numpy,202,4.6503
L01_seed2027,preprocess_validation_and_transform,202,0.0525
L01_seed2027,compiled_model_output_numpy,203,5.192
L01_seed2027,preprocess_validation_and_transform,203,0.0584
L01_seed2027,compiled_model_output_numpy,204,4.668
L01_seed2027,preprocess_validation_and_transform,204,0.0593
L01_seed2027,compiled_model_output_numpy,205,4.4225
L01_seed2027,preprocess_validation_and_transform,205,0.0526
L01_seed2027,compiled_model_output_numpy,206,5.0768
L01_seed2027,preprocess_validation_and_transform,206,0.0563
L01_seed2027,compiled_model_output_numpy,207,7.7862
L01_seed2027,preprocess_validation_and_transform,207,0.0669
L01_seed2027,compiled_model_output_numpy,208,4.5837
L01_seed2027,preprocess_validation_and_transform,208,0.0604
L01_seed2027,compiled_model_output_numpy,209,4.3022
L01_seed2027,preprocess_validation_and_transform,209,0.0596
L01_seed2027,compiled_model_output_numpy,210,4.6776
L01_seed2027,preprocess_validation_and_transform,210,0.0565
L01_seed2027,compiled_model_output_numpy,211,5.19
L01_seed2027,preprocess_validation_and_transform,211,0.0942
L01_seed2027,compiled_model_output_numpy,212,4.9173
L01_seed2027,preprocess_validation_and_transform,212,0.0661
L01_seed2027,compiled_model_output_numpy,213,4.6045
L01_seed2027,preprocess_validation_and_transform,213,0.0581
L01_seed2027,compiled_model_output_numpy,214,4.741
L01_seed2027,preprocess_validation_and_transform,214,0.0883
L01_seed2027,compiled_model_output_numpy,215,4.6272
L01_seed2027,preprocess_validation_and_transform,215,0.0605
L01_seed2027,compiled_model_output_numpy,216,4.7276
L01_seed2027,preprocess_validation_and_transform,216,0.1807
L01_seed2027,compiled_model_output_numpy,217,4.4773
L01_seed2027,preprocess_validation_and_transform,217,0.0558
L01_seed2027,compiled_model_output_numpy,218,4.4533
L01_seed2027,preprocess_validation_and_transform,218,0.0587
L01_seed2027,compiled_model_output_numpy,219,4.6469
L01_seed2027,preprocess_validation_and_transform,219,0.0603
L01_seed2027,compiled_model_output_numpy,220,5.632
L01_seed2027,preprocess_validation_and_transform,220,0.0619
L01_seed2027,compiled_model_output_numpy,221,6.8931
L01_seed2027,preprocess_validation_and_transform,221,0.0663
L01_seed2027,compiled_model_output_numpy,222,4.3081
L01_seed2027,preprocess_validation_and_transform,222,0.0581
L01_seed2027,compiled_model_output_numpy,223,4.4282
L01_seed2027,preprocess_validation_and_transform,223,0.0598
L01_seed2027,compiled_model_output_numpy,224,4.5619
L01_seed2027,preprocess_validation_and_transform,224,0.0611
L01_seed2027,compiled_model_output_numpy,225,4.5835
L01_seed2027,preprocess_validation_and_transform,225,0.0546
L01_seed2027,compiled_model_output_numpy,226,4.416
L01_seed2027,preprocess_validation_and_transform,226,0.0553
L01_seed2027,compiled_model_output_numpy,227,6.9785
L01_seed2027,preprocess_validation_and_transform,227,0.0603
L01_seed2027,compiled_model_output_numpy,228,4.3211
L01_seed2027,preprocess_validation_and_transform,228,0.0571
L01_seed2027,compiled_model_output_numpy,229,6.3108
L01_seed2027,preprocess_validation_and_transform,229,0.1006
L01_seed2027,compiled_model_output_numpy,230,4.1749
L01_seed2027,preprocess_validation_and_transform,230,0.0554
L01_seed2027,compiled_model_output_numpy,231,4.8374
L01_seed2027,preprocess_validation_and_transform,231,0.1325
L01_seed2027,compiled_model_output_numpy,232,4.6072
L01_seed2027,preprocess_validation_and_transform,232,0.0477
L01_seed2027,compiled_model_output_numpy,233,4.4309
L01_seed2027,preprocess_validation_and_transform,233,0.088
L01_seed2027,compiled_model_output_numpy,234,5.0542
L01_seed2027,preprocess_validation_and_transform,234,0.061
L01_seed2027,compiled_model_output_numpy,235,4.597
L01_seed2027,preprocess_validation_and_transform,235,0.0569
L01_seed2027,compiled_model_output_numpy,236,4.4827
L01_seed2027,preprocess_validation_and_transform,236,0.0612
L01_seed2027,compiled_model_output_numpy,237,4.6474
L01_seed2027,preprocess_validation_and_transform,237,0.0581
L01_seed2027,compiled_model_output_numpy,238,4.5633
L01_seed2027,preprocess_validation_and_transform,238,0.0708
L01_seed2027,compiled_model_output_numpy,239,4.6948
L01_seed2027,preprocess_validation_and_transform,239,0.0557
L01_seed2027,compiled_model_output_numpy,240,5.5723
L01_seed2027,preprocess_validation_and_transform,240,0.0567
L01_seed2027,compiled_model_output_numpy,241,4.3359
L01_seed2027,preprocess_validation_and_transform,241,0.0575
L01_seed2027,compiled_model_output_numpy,242,5.6912
L01_seed2027,preprocess_validation_and_transform,242,0.0661
L01_seed2027,compiled_model_output_numpy,243,4.8278
L01_seed2027,preprocess_validation_and_transform,243,0.0599
L01_seed2027,compiled_model_output_numpy,244,4.5539
L01_seed2027,preprocess_validation_and_transform,244,0.0569
L01_seed2027,compiled_model_output_numpy,245,6.1251
L01_seed2027,preprocess_validation_and_transform,245,0.0588
L01_seed2027,compiled_model_output_numpy,246,4.7245
L01_seed2027,preprocess_validation_and_transform,246,0.06
L01_seed2027,compiled_model_output_numpy,247,4.6002
L01_seed2027,preprocess_validation_and_transform,247,0.0545
L01_seed2027,compiled_model_output_numpy,248,4.7475
L01_seed2027,preprocess_validation_and_transform,248,0.0559
L01_seed2027,compiled_model_output_numpy,249,4.4317
L01_seed2027,preprocess_validation_and_transform,249,0.0493
L01_seed2027,compiled_model_output_numpy,250,4.4566
L01_seed2027,preprocess_validation_and_transform,250,0.0569
L01_seed2027,compiled_model_output_numpy,251,4.4624
L01_seed2027,preprocess_validation_and_transform,251,0.0572
L01_seed2027,compiled_model_output_numpy,252,4.2895
L01_seed2027,preprocess_validation_and_transform,252,0.0687
L01_seed2027,compiled_model_output_numpy,253,4.3713
L01_seed2027,preprocess_validation_and_transform,253,0.0566
L01_seed2027,compiled_model_output_numpy,254,6.5074
L01_seed2027,preprocess_validation_and_transform,254,0.0612
L01_seed2027,compiled_model_output_numpy,255,4.6363
L01_seed2027,preprocess_validation_and_transform,255,0.0518
L01_seed2027,compiled_model_output_numpy,256,4.8876
L01_seed2027,preprocess_validation_and_transform,256,0.0543
L01_seed2027,compiled_model_output_numpy,257,4.6648
L01_seed2027,preprocess_validation_and_transform,257,0.0511
L01_seed2027,compiled_model_output_numpy,258,4.4466
L01_seed2027,preprocess_validation_and_transform,258,0.0434
L01_seed2027,compiled_model_output_numpy,259,5.7822
L01_seed2027,preprocess_validation_and_transform,259,0.0605
L01_seed2027,compiled_model_output_numpy,260,4.3766
L01_seed2027,preprocess_validation_and_transform,260,0.0585
L01_seed2027,compiled_model_output_numpy,261,4.9268
L01_seed2027,preprocess_validation_and_transform,261,0.0557
L01_seed2027,compiled_model_output_numpy,262,5.1224
L01_seed2027,preprocess_validation_and_transform,262,0.0773
L01_seed2027,compiled_model_output_numpy,263,5.0279
L01_seed2027,preprocess_validation_and_transform,263,0.0538
L01_seed2027,compiled_model_output_numpy,264,4.7369
L01_seed2027,preprocess_validation_and_transform,264,0.0534
L01_seed2027,compiled_model_output_numpy,265,6.3743
L01_seed2027,preprocess_validation_and_transform,265,0.0605
L01_seed2027,compiled_model_output_numpy,266,5.0057
L01_seed2027,preprocess_validation_and_transform,266,0.0614
L01_seed2027,compiled_model_output_numpy,267,4.4151
L01_seed2027,preprocess_validation_and_transform,267,0.0535
L01_seed2027,compiled_model_output_numpy,268,5.1963
L01_seed2027,preprocess_validation_and_transform,268,0.0543
L01_seed2027,compiled_model_output_numpy,269,6.5182
L01_seed2027,preprocess_validation_and_transform,269,0.0591
L01_seed2027,compiled_model_output_numpy,270,4.6731
L01_seed2027,preprocess_validation_and_transform,270,0.1858
L01_seed2027,compiled_model_output_numpy,271,5.4587
L01_seed2027,preprocess_validation_and_transform,271,0.0575
L01_seed2027,compiled_model_output_numpy,272,4.7557
L01_seed2027,preprocess_validation_and_transform,272,0.0603
L01_seed2027,compiled_model_output_numpy,273,5.6227
L01_seed2027,preprocess_validation_and_transform,273,0.0559
L01_seed2027,compiled_model_output_numpy,274,4.5239
L01_seed2027,preprocess_validation_and_transform,274,0.0561
L01_seed2027,compiled_model_output_numpy,275,5.8587
L01_seed2027,preprocess_validation_and_transform,275,0.0896
L01_seed2027,compiled_model_output_numpy,276,4.5074
L01_seed2027,preprocess_validation_and_transform,276,0.0772
L01_seed2027,compiled_model_output_numpy,277,6.0905
L01_seed2027,preprocess_validation_and_transform,277,0.0635
L01_seed2027,compiled_model_output_numpy,278,6.1728
L01_seed2027,preprocess_validation_and_transform,278,0.0597
L01_seed2027,compiled_model_output_numpy,279,4.791
L01_seed2027,preprocess_validation_and_transform,279,0.0561
L01_seed2027,compiled_model_output_numpy,280,4.9175
L01_seed2027,preprocess_validation_and_transform,280,0.059
L01_seed2027,compiled_model_output_numpy,281,5.1462
L01_seed2027,preprocess_validation_and_transform,281,0.1172
L01_seed2027,compiled_model_output_numpy,282,4.4008
L01_seed2027,preprocess_validation_and_transform,282,0.0604
L01_seed2027,compiled_model_output_numpy,283,4.5878
L01_seed2027,preprocess_validation_and_transform,283,0.0623
L01_seed2027,compiled_model_output_numpy,284,4.9339
L01_seed2027,preprocess_validation_and_transform,284,0.1667
L01_seed2027,compiled_model_output_numpy,285,5.8966
L01_seed2027,preprocess_validation_and_transform,285,0.0589
L01_seed2027,compiled_model_output_numpy,286,4.5146
L01_seed2027,preprocess_validation_and_transform,286,0.0628
L01_seed2027,compiled_model_output_numpy,287,5.4695
L01_seed2027,preprocess_validation_and_transform,287,0.0616
L01_seed2027,compiled_model_output_numpy,288,4.3137
L01_seed2027,preprocess_validation_and_transform,288,0.0616
L01_seed2027,compiled_model_output_numpy,289,4.5338
L01_seed2027,preprocess_validation_and_transform,289,0.0976
L01_seed2027,compiled_model_output_numpy,290,4.3592
L01_seed2027,preprocess_validation_and_transform,290,0.0568
L01_seed2027,compiled_model_output_numpy,291,5.8319
L01_seed2027,preprocess_validation_and_transform,291,0.0588
L01_seed2027,compiled_model_output_numpy,292,4.6805
L01_seed2027,preprocess_validation_and_transform,292,0.0599
L01_seed2027,compiled_model_output_numpy,293,4.7415
L01_seed2027,preprocess_validation_and_transform,293,0.059
L01_seed2027,compiled_model_output_numpy,294,4.355
L01_seed2027,preprocess_validation_and_transform,294,0.0567
L01_seed2027,compiled_model_output_numpy,295,4.6807
L01_seed2027,preprocess_validation_and_transform,295,0.0636
L01_seed2027,compiled_model_output_numpy,296,4.6454
L01_seed2027,preprocess_validation_and_transform,296,0.0841
L01_seed2027,compiled_model_output_numpy,297,4.4458
L01_seed2027,preprocess_validation_and_transform,297,0.056
L01_seed2027,compiled_model_output_numpy,298,4.9736
L01_seed2027,preprocess_validation_and_transform,298,0.059
L01_seed2027,compiled_model_output_numpy,299,4.5889
L01_seed2027,preprocess_validation_and_transform,299,0.0597
L01_seed2027,compiled_model_output_numpy,300,4.6924
L01_seed2027,preprocess_validation_and_transform,300,0.0584
L01_seed2027,compiled_model_output_numpy,301,4.8379
L01_seed2027,preprocess_validation_and_transform,301,0.059
L01_seed2027,compiled_model_output_numpy,302,4.4851
L01_seed2027,preprocess_validation_and_transform,302,0.0522
L01_seed2027,compiled_model_output_numpy,303,4.9839
L01_seed2027,preprocess_validation_and_transform,303,0.0604
L01_seed2027,compiled_model_output_numpy,304,4.4571
L01_seed2027,preprocess_validation_and_transform,304,0.0591
L01_seed2027,compiled_model_output_numpy,305,4.6109
L01_seed2027,preprocess_validation_and_transform,305,0.0562
L01_seed2027,compiled_model_output_numpy,306,4.707
L01_seed2027,preprocess_validation_and_transform,306,0.0555
L01_seed2027,compiled_model_output_numpy,307,4.6674
L01_seed2027,preprocess_validation_and_transform,307,0.0566
L01_seed2027,compiled_model_output_numpy,308,4.5771
L01_seed2027,preprocess_validation_and_transform,308,0.0543
L01_seed2027,compiled_model_output_numpy,309,5.979
L01_seed2027,preprocess_validation_and_transform,309,0.0587
L01_seed2027,compiled_model_output_numpy,310,4.558
L01_seed2027,preprocess_validation_and_transform,310,0.0556
L01_seed2027,compiled_model_output_numpy,311,4.5071
L01_seed2027,preprocess_validation_and_transform,311,0.0587
L01_seed2027,compiled_model_output_numpy,312,4.6967
L01_seed2027,preprocess_validation_and_transform,312,0.0533
L01_seed2027,compiled_model_output_numpy,313,4.5288
L01_seed2027,preprocess_validation_and_transform,313,0.0548
L01_seed2027,compiled_model_output_numpy,314,4.5341
L01_seed2027,preprocess_validation_and_transform,314,0.059
L01_seed2027,compiled_model_output_numpy,315,4.517
L01_seed2027,preprocess_validation_and_transform,315,0.0526
L01_seed2027,compiled_model_output_numpy,316,4.2925
L01_seed2027,preprocess_validation_and_transform,316,0.0564
L01_seed2027,compiled_model_output_numpy,317,4.726
L01_seed2027,preprocess_validation_and_transform,317,0.0575
L01_seed2027,compiled_model_output_numpy,318,4.4854
L01_seed2027,preprocess_validation_and_transform,318,0.0541
L01_seed2027,compiled_model_output_numpy,319,4.7141
L01_seed2027,preprocess_validation_and_transform,319,0.0544
L01_seed2027,compiled_model_output_numpy,320,4.3459
L01_seed2027,preprocess_validation_and_transform,320,0.0549
L01_seed2027,compiled_model_output_numpy,321,5.0695
L01_seed2027,preprocess_validation_and_transform,321,0.0609
L01_seed2027,compiled_model_output_numpy,322,4.6725
L01_seed2027,preprocess_validation_and_transform,322,0.0585
L01_seed2027,compiled_model_output_numpy,323,4.3299
L01_seed2027,preprocess_validation_and_transform,323,0.0589
L01_seed2027,compiled_model_output_numpy,324,4.3513
L01_seed2027,preprocess_validation_and_transform,324,0.0568
L01_seed2027,compiled_model_output_numpy,325,4.7444
L01_seed2027,preprocess_validation_and_transform,325,0.0536
L01_seed2027,compiled_model_output_numpy,326,5.4099
L01_seed2027,preprocess_validation_and_transform,326,0.0592
L01_seed2027,compiled_model_output_numpy,327,4.6039
L01_seed2027,preprocess_validation_and_transform,327,0.0562
L01_seed2027,compiled_model_output_numpy,328,4.4793
L01_seed2027,preprocess_validation_and_transform,328,0.0595
L01_seed2027,compiled_model_output_numpy,329,4.6889
L01_seed2027,preprocess_validation_and_transform,329,0.0594
L01_seed2027,compiled_model_output_numpy,330,4.3493
L01_seed2027,preprocess_validation_and_transform,330,0.0595
L01_seed2027,compiled_model_output_numpy,331,4.5995
L01_seed2027,preprocess_validation_and_transform,331,0.0551
L01_seed2027,compiled_model_output_numpy,332,5.7418
L01_seed2027,preprocess_validation_and_transform,332,0.058
L01_seed2027,compiled_model_output_numpy,333,5.5314
L01_seed2027,preprocess_validation_and_transform,333,0.0558
L01_seed2027,compiled_model_output_numpy,334,5.328
L01_seed2027,preprocess_validation_and_transform,334,0.0568
L01_seed2027,compiled_model_output_numpy,335,4.3343
L01_seed2027,preprocess_validation_and_transform,335,0.053
L01_seed2027,compiled_model_output_numpy,336,4.5615
L01_seed2027,preprocess_validation_and_transform,336,0.0501
L01_seed2027,compiled_model_output_numpy,337,5.1649
L01_seed2027,preprocess_validation_and_transform,337,0.0625
L01_seed2027,compiled_model_output_numpy,338,4.5656
L01_seed2027,preprocess_validation_and_transform,338,0.0515
L01_seed2027,compiled_model_output_numpy,339,4.3386
L01_seed2027,preprocess_validation_and_transform,339,0.0624
L01_seed2027,compiled_model_output_numpy,340,7.611
L01_seed2027,preprocess_validation_and_transform,340,0.0598
L01_seed2027,compiled_model_output_numpy,341,6.7353
L01_seed2027,preprocess_validation_and_transform,341,0.0562
L01_seed2027,compiled_model_output_numpy,342,5.4725
L01_seed2027,preprocess_validation_and_transform,342,0.055
L01_seed2027,compiled_model_output_numpy,343,4.3992
L01_seed2027,preprocess_validation_and_transform,343,0.0527
L01_seed2027,compiled_model_output_numpy,344,4.7631
L01_seed2027,preprocess_validation_and_transform,344,0.0482
L01_seed2027,compiled_model_output_numpy,345,4.6921
L01_seed2027,preprocess_validation_and_transform,345,0.1593
L01_seed2027,compiled_model_output_numpy,346,7.0959
L01_seed2027,preprocess_validation_and_transform,346,0.0648
L01_seed2027,compiled_model_output_numpy,347,4.692
L01_seed2027,preprocess_validation_and_transform,347,0.0588
L01_seed2027,compiled_model_output_numpy,348,4.5407
L01_seed2027,preprocess_validation_and_transform,348,0.0882
L01_seed2027,compiled_model_output_numpy,349,7.7816
L01_seed2027,preprocess_validation_and_transform,349,0.0598
L01_seed2027,compiled_model_output_numpy,350,4.7578
L01_seed2027,preprocess_validation_and_transform,350,0.0556
L01_seed2027,compiled_model_output_numpy,351,4.7224
L01_seed2027,preprocess_validation_and_transform,351,0.0744
L01_seed2027,compiled_model_output_numpy,352,4.242
L01_seed2027,preprocess_validation_and_transform,352,0.0584
L01_seed2027,compiled_model_output_numpy,353,5.0458
L01_seed2027,preprocess_validation_and_transform,353,0.146
L01_seed2027,compiled_model_output_numpy,354,4.4078
L01_seed2027,preprocess_validation_and_transform,354,0.0552
L01_seed2027,compiled_model_output_numpy,355,4.6018
L01_seed2027,preprocess_validation_and_transform,355,0.058
L01_seed2027,compiled_model_output_numpy,356,4.7024
L01_seed2027,preprocess_validation_and_transform,356,0.058
L01_seed2027,compiled_model_output_numpy,357,4.7542
L01_seed2027,preprocess_validation_and_transform,357,0.056
L01_seed2027,compiled_model_output_numpy,358,4.7639
L01_seed2027,preprocess_validation_and_transform,358,0.0575
L01_seed2027,compiled_model_output_numpy,359,6.7283
L01_seed2027,preprocess_validation_and_transform,359,0.0589
L01_seed2027,compiled_model_output_numpy,360,6.1648
L01_seed2027,preprocess_validation_and_transform,360,0.0595
L01_seed2027,compiled_model_output_numpy,361,5.8956
L01_seed2027,preprocess_validation_and_transform,361,0.0619
L01_seed2027,compiled_model_output_numpy,362,4.4035
L01_seed2027,preprocess_validation_and_transform,362,0.0507
L01_seed2027,compiled_model_output_numpy,363,4.3854
L01_seed2027,preprocess_validation_and_transform,363,0.0552
L01_seed2027,compiled_model_output_numpy,364,5.6837
L01_seed2027,preprocess_validation_and_transform,364,0.136
L01_seed2027,compiled_model_output_numpy,365,4.607
L01_seed2027,preprocess_validation_and_transform,365,0.0596
L01_seed2027,compiled_model_output_numpy,366,5.7744
L01_seed2027,preprocess_validation_and_transform,366,0.0604
L01_seed2027,compiled_model_output_numpy,367,4.6357
L01_seed2027,preprocess_validation_and_transform,367,0.0617
L01_seed2027,compiled_model_output_numpy,368,4.5191
L01_seed2027,preprocess_validation_and_transform,368,0.0604
L01_seed2027,compiled_model_output_numpy,369,5.8432
L01_seed2027,preprocess_validation_and_transform,369,0.0564
L01_seed2027,compiled_model_output_numpy,370,4.4762
L01_seed2027,preprocess_validation_and_transform,370,0.0637
L01_seed2027,compiled_model_output_numpy,371,5.1253
L01_seed2027,preprocess_validation_and_transform,371,0.0587
L01_seed2027,compiled_model_output_numpy,372,4.4265
L01_seed2027,preprocess_validation_and_transform,372,0.0611
L01_seed2027,compiled_model_output_numpy,373,4.6224
L01_seed2027,preprocess_validation_and_transform,373,0.0566
L01_seed2027,compiled_model_output_numpy,374,4.3667
L01_seed2027,preprocess_validation_and_transform,374,0.0548
L01_seed2027,compiled_model_output_numpy,375,6.6671
L01_seed2027,preprocess_validation_and_transform,375,0.0653
L01_seed2027,compiled_model_output_numpy,376,7.8282
L01_seed2027,preprocess_validation_and_transform,376,0.1898
L01_seed2027,compiled_model_output_numpy,377,4.6595
L01_seed2027,preprocess_validation_and_transform,377,0.0555
L01_seed2027,compiled_model_output_numpy,378,5.1316
L01_seed2027,preprocess_validation_and_transform,378,0.057
L01_seed2027,compiled_model_output_numpy,379,4.3741
L01_seed2027,preprocess_validation_and_transform,379,0.0539
L01_seed2027,compiled_model_output_numpy,380,4.4523
L01_seed2027,preprocess_validation_and_transform,380,0.1876
L01_seed2027,compiled_model_output_numpy,381,6.2611
L01_seed2027,preprocess_validation_and_transform,381,0.0709
L01_seed2027,compiled_model_output_numpy,382,4.4579
L01_seed2027,preprocess_validation_and_transform,382,0.0626
L01_seed2027,compiled_model_output_numpy,383,4.5409
L01_seed2027,preprocess_validation_and_transform,383,0.0607
L01_seed2027,compiled_model_output_numpy,384,5.3845
L01_seed2027,preprocess_validation_and_transform,384,0.0629
L01_seed2027,compiled_model_output_numpy,385,5.9107
L01_seed2027,preprocess_validation_and_transform,385,0.0632
L01_seed2027,compiled_model_output_numpy,386,4.352
L01_seed2027,preprocess_validation_and_transform,386,0.0631
L01_seed2027,compiled_model_output_numpy,387,4.4931
L01_seed2027,preprocess_validation_and_transform,387,0.0598
L01_seed2027,compiled_model_output_numpy,388,4.5991
L01_seed2027,preprocess_validation_and_transform,388,0.1151
L01_seed2027,compiled_model_output_numpy,389,4.4346
L01_seed2027,preprocess_validation_and_transform,389,0.0607
L01_seed2027,compiled_model_output_numpy,390,5.0549
L01_seed2027,preprocess_validation_and_transform,390,0.0569
L01_seed2027,compiled_model_output_numpy,391,4.6182
L01_seed2027,preprocess_validation_and_transform,391,0.0529
L01_seed2027,compiled_model_output_numpy,392,4.3759
L01_seed2027,preprocess_validation_and_transform,392,0.0577
L01_seed2027,compiled_model_output_numpy,393,5.0072
L01_seed2027,preprocess_validation_and_transform,393,0.0565
L01_seed2027,compiled_model_output_numpy,394,7.1073
L01_seed2027,preprocess_validation_and_transform,394,0.0985
L01_seed2027,compiled_model_output_numpy,395,4.802
L01_seed2027,preprocess_validation_and_transform,395,0.0744
L01_seed2027,compiled_model_output_numpy,396,4.5329
L01_seed2027,preprocess_validation_and_transform,396,0.0536
L01_seed2027,compiled_model_output_numpy,397,6.4383
L01_seed2027,preprocess_validation_and_transform,397,0.0646
L01_seed2027,compiled_model_output_numpy,398,4.8629
L01_seed2027,preprocess_validation_and_transform,398,0.0568
L01_seed2027,compiled_model_output_numpy,399,4.538
L01_seed2027,preprocess_validation_and_transform,399,0.0546
L01_seed2027,compiled_model_output_numpy,400,4.5719
L01_seed2027,preprocess_validation_and_transform,400,0.057
L01_seed2027,compiled_model_output_numpy,401,4.4335
L01_seed2027,preprocess_validation_and_transform,401,0.0553
L01_seed2027,compiled_model_output_numpy,402,4.3683
L01_seed2027,preprocess_validation_and_transform,402,0.1717
L01_seed2027,compiled_model_output_numpy,403,4.8577
L01_seed2027,preprocess_validation_and_transform,403,0.0635
L01_seed2027,compiled_model_output_numpy,404,4.7553
L01_seed2027,preprocess_validation_and_transform,404,0.2375
L01_seed2027,compiled_model_output_numpy,405,5.2781
L01_seed2027,preprocess_validation_and_transform,405,0.0592
L01_seed2027,compiled_model_output_numpy,406,4.2756
L01_seed2027,preprocess_validation_and_transform,406,0.0594
L01_seed2027,compiled_model_output_numpy,407,4.923
L01_seed2027,preprocess_validation_and_transform,407,0.0587
L01_seed2027,compiled_model_output_numpy,408,4.3743
L01_seed2027,preprocess_validation_and_transform,408,0.0598
L01_seed2027,compiled_model_output_numpy,409,5.2331
L01_seed2027,preprocess_validation_and_transform,409,0.0502
L01_seed2027,compiled_model_output_numpy,410,4.7
L01_seed2027,preprocess_validation_and_transform,410,0.1245
L01_seed2027,compiled_model_output_numpy,411,4.9608
L01_seed2027,preprocess_validation_and_transform,411,0.1463
L01_seed2027,compiled_model_output_numpy,412,5.2511
L01_seed2027,preprocess_validation_and_transform,412,0.0867
L01_seed2027,compiled_model_output_numpy,413,5.0224
L01_seed2027,preprocess_validation_and_transform,413,0.0575
L01_seed2027,compiled_model_output_numpy,414,7.1942
L01_seed2027,preprocess_validation_and_transform,414,0.0904
L01_seed2027,compiled_model_output_numpy,415,4.7435
L01_seed2027,preprocess_validation_and_transform,415,0.0649
L01_seed2027,compiled_model_output_numpy,416,4.5894
L01_seed2027,preprocess_validation_and_transform,416,0.0613
L01_seed2027,compiled_model_output_numpy,417,4.9181
L01_seed2027,preprocess_validation_and_transform,417,0.0638
L01_seed2027,compiled_model_output_numpy,418,4.6003
L01_seed2027,preprocess_validation_and_transform,418,0.0701
L01_seed2027,compiled_model_output_numpy,419,4.4935
L01_seed2027,preprocess_validation_and_transform,419,0.0586
L01_seed2027,compiled_model_output_numpy,420,4.8815
L01_seed2027,preprocess_validation_and_transform,420,0.1715
L01_seed2027,compiled_model_output_numpy,421,5.0879
L01_seed2027,preprocess_validation_and_transform,421,0.0659
L01_seed2027,compiled_model_output_numpy,422,4.3516
L01_seed2027,preprocess_validation_and_transform,422,0.058
L01_seed2027,compiled_model_output_numpy,423,4.3488
L01_seed2027,preprocess_validation_and_transform,423,0.0562
L01_seed2027,compiled_model_output_numpy,424,4.7384
L01_seed2027,preprocess_validation_and_transform,424,0.0569
L01_seed2027,compiled_model_output_numpy,425,6.0023
L01_seed2027,preprocess_validation_and_transform,425,0.0546
L01_seed2027,compiled_model_output_numpy,426,4.7052
L01_seed2027,preprocess_validation_and_transform,426,0.0579
L01_seed2027,compiled_model_output_numpy,427,4.5319
L01_seed2027,preprocess_validation_and_transform,427,0.0624
L01_seed2027,compiled_model_output_numpy,428,4.4665
L01_seed2027,preprocess_validation_and_transform,428,0.0537
L01_seed2027,compiled_model_output_numpy,429,4.7319
L01_seed2027,preprocess_validation_and_transform,429,0.0588
L01_seed2027,compiled_model_output_numpy,430,4.5431
L01_seed2027,preprocess_validation_and_transform,430,0.0571
L01_seed2027,compiled_model_output_numpy,431,4.6725
L01_seed2027,preprocess_validation_and_transform,431,0.062
L01_seed2027,compiled_model_output_numpy,432,4.5491
L01_seed2027,preprocess_validation_and_transform,432,0.0588
L01_seed2027,compiled_model_output_numpy,433,4.9399
L01_seed2027,preprocess_validation_and_transform,433,0.0595
L01_seed2027,compiled_model_output_numpy,434,5.02
L01_seed2027,preprocess_validation_and_transform,434,0.0567
L01_seed2027,compiled_model_output_numpy,435,4.5172
L01_seed2027,preprocess_validation_and_transform,435,0.0613
L01_seed2027,compiled_model_output_numpy,436,4.8524
L01_seed2027,preprocess_validation_and_transform,436,0.0559
L01_seed2027,compiled_model_output_numpy,437,4.704
L01_seed2027,preprocess_validation_and_transform,437,0.0572
L01_seed2027,compiled_model_output_numpy,438,4.6883
L01_seed2027,preprocess_validation_and_transform,438,0.0495
L01_seed2027,compiled_model_output_numpy,439,5.1324
L01_seed2027,preprocess_validation_and_transform,439,0.0595
L01_seed2027,compiled_model_output_numpy,440,4.7393
L01_seed2027,preprocess_validation_and_transform,440,0.059
L01_seed2027,compiled_model_output_numpy,441,4.4676
L01_seed2027,preprocess_validation_and_transform,441,0.0559
L01_seed2027,compiled_model_output_numpy,442,4.4169
L01_seed2027,preprocess_validation_and_transform,442,0.0556
L01_seed2027,compiled_model_output_numpy,443,4.248
L01_seed2027,preprocess_validation_and_transform,443,0.0516
L01_seed2027,compiled_model_output_numpy,444,4.3527
L01_seed2027,preprocess_validation_and_transform,444,0.0563
L01_seed2027,compiled_model_output_numpy,445,4.3123
L01_seed2027,preprocess_validation_and_transform,445,0.0502
L01_seed2027,compiled_model_output_numpy,446,4.6638
L01_seed2027,preprocess_validation_and_transform,446,0.0558
L01_seed2027,compiled_model_output_numpy,447,4.4834
L01_seed2027,preprocess_validation_and_transform,447,0.0525
L01_seed2027,compiled_model_output_numpy,448,4.3602
L01_seed2027,preprocess_validation_and_transform,448,0.0481
L01_seed2027,compiled_model_output_numpy,449,4.427
L01_seed2027,preprocess_validation_and_transform,449,0.0539
L01_seed2027,compiled_model_output_numpy,450,4.7163
L01_seed2027,preprocess_validation_and_transform,450,0.0555
L01_seed2027,compiled_model_output_numpy,451,4.7584
L01_seed2027,preprocess_validation_and_transform,451,0.0575
L01_seed2027,compiled_model_output_numpy,452,4.4886
L01_seed2027,preprocess_validation_and_transform,452,0.0565
L01_seed2027,compiled_model_output_numpy,453,6.4805
L01_seed2027,preprocess_validation_and_transform,453,0.0638
L01_seed2027,compiled_model_output_numpy,454,4.7194
L01_seed2027,preprocess_validation_and_transform,454,0.0583
L01_seed2027,compiled_model_output_numpy,455,7.3379
L01_seed2027,preprocess_validation_and_transform,455,0.0567
L01_seed2027,compiled_model_output_numpy,456,4.9044
L01_seed2027,preprocess_validation_and_transform,456,0.0612
L01_seed2027,compiled_model_output_numpy,457,5.2422
L01_seed2027,preprocess_validation_and_transform,457,0.0586
L01_seed2027,compiled_model_output_numpy,458,4.5157
L01_seed2027,preprocess_validation_and_transform,458,0.0578
L01_seed2027,compiled_model_output_numpy,459,4.4309
L01_seed2027,preprocess_validation_and_transform,459,0.1375
L01_seed2027,compiled_model_output_numpy,460,4.4874
L01_seed2027,preprocess_validation_and_transform,460,0.0518
L01_seed2027,compiled_model_output_numpy,461,4.5574
L01_seed2027,preprocess_validation_and_transform,461,0.11
L01_seed2027,compiled_model_output_numpy,462,4.5451
L01_seed2027,preprocess_validation_and_transform,462,0.054
L01_seed2027,compiled_model_output_numpy,463,4.6957
L01_seed2027,preprocess_validation_and_transform,463,0.0564
L01_seed2027,compiled_model_output_numpy,464,4.8889
L01_seed2027,preprocess_validation_and_transform,464,0.0556
L01_seed2027,compiled_model_output_numpy,465,4.4752
L01_seed2027,preprocess_validation_and_transform,465,0.0556
L01_seed2027,compiled_model_output_numpy,466,6.2412
L01_seed2027,preprocess_validation_and_transform,466,0.061
L01_seed2027,compiled_model_output_numpy,467,4.6711
L01_seed2027,preprocess_validation_and_transform,467,0.0538
L01_seed2027,compiled_model_output_numpy,468,6.9662
L01_seed2027,preprocess_validation_and_transform,468,0.0653
L01_seed2027,compiled_model_output_numpy,469,5.5846
L01_seed2027,preprocess_validation_and_transform,469,0.0619
L01_seed2027,compiled_model_output_numpy,470,4.3961
L01_seed2027,preprocess_validation_and_transform,470,0.0574
L01_seed2027,compiled_model_output_numpy,471,4.803
L01_seed2027,preprocess_validation_and_transform,471,0.0592
L01_seed2027,compiled_model_output_numpy,472,4.9284
L01_seed2027,preprocess_validation_and_transform,472,0.0613
L01_seed2027,compiled_model_output_numpy,473,4.7771
L01_seed2027,preprocess_validation_and_transform,473,0.0976
L01_seed2027,compiled_model_output_numpy,474,4.2915
L01_seed2027,preprocess_validation_and_transform,474,0.0566
L01_seed2027,compiled_model_output_numpy,475,5.7206
L01_seed2027,preprocess_validation_and_transform,475,0.0601
L01_seed2027,compiled_model_output_numpy,476,4.4657
L01_seed2027,preprocess_validation_and_transform,476,0.058
L01_seed2027,compiled_model_output_numpy,477,4.5044
L01_seed2027,preprocess_validation_and_transform,477,0.0588
L01_seed2027,compiled_model_output_numpy,478,4.2611
L01_seed2027,preprocess_validation_and_transform,478,0.056
L01_seed2027,compiled_model_output_numpy,479,4.4504
L01_seed2027,preprocess_validation_and_transform,479,0.0573
L01_seed2027,compiled_model_output_numpy,480,5.4244
L01_seed2027,preprocess_validation_and_transform,480,0.0611
L01_seed2027,compiled_model_output_numpy,481,4.6129
L01_seed2027,preprocess_validation_and_transform,481,0.0591
L01_seed2027,compiled_model_output_numpy,482,4.4321
L01_seed2027,preprocess_validation_and_transform,482,0.0555
L01_seed2027,compiled_model_output_numpy,483,5.0508
L01_seed2027,preprocess_validation_and_transform,483,0.0567
L01_seed2027,compiled_model_output_numpy,484,4.9513
L01_seed2027,preprocess_validation_and_transform,484,0.0576
L01_seed2027,compiled_model_output_numpy,485,4.4312
L01_seed2027,preprocess_validation_and_transform,485,0.0608
L01_seed2027,compiled_model_output_numpy,486,4.7572
L01_seed2027,preprocess_validation_and_transform,486,0.151
L01_seed2027,compiled_model_output_numpy,487,4.6904
L01_seed2027,preprocess_validation_and_transform,487,0.0944
L01_seed2027,compiled_model_output_numpy,488,5.9444
L01_seed2027,preprocess_validation_and_transform,488,0.0609
L01_seed2027,compiled_model_output_numpy,489,4.6785
L01_seed2027,preprocess_validation_and_transform,489,0.058
L01_seed2027,compiled_model_output_numpy,490,6.788
L01_seed2027,preprocess_validation_and_transform,490,0.0897
L01_seed2027,compiled_model_output_numpy,491,4.5885
L01_seed2027,preprocess_validation_and_transform,491,0.0638
L01_seed2027,compiled_model_output_numpy,492,4.9352
L01_seed2027,preprocess_validation_and_transform,492,0.0578
L01_seed2027,compiled_model_output_numpy,493,4.3499
L01_seed2027,preprocess_validation_and_transform,493,0.0554
L01_seed2027,compiled_model_output_numpy,494,4.6384
L01_seed2027,preprocess_validation_and_transform,494,0.0556
L01_seed2027,compiled_model_output_numpy,495,4.7281
L01_seed2027,preprocess_validation_and_transform,495,0.06
L01_seed2027,compiled_model_output_numpy,496,4.9205
L01_seed2027,preprocess_validation_and_transform,496,0.0598
L01_seed2027,compiled_model_output_numpy,497,4.2948
L01_seed2027,preprocess_validation_and_transform,497,0.0447
L01_seed2027,compiled_model_output_numpy,498,4.7482
L01_seed2027,preprocess_validation_and_transform,498,0.1299
L01_seed2027,compiled_model_output_numpy,499,4.6027
L01_seed2027,preprocess_validation_and_transform,499,0.0529
L01_seed2028,compiled_model_output_numpy,0,6.2638
L01_seed2028,preprocess_validation_and_transform,0,0.082
L01_seed2028,compiled_model_output_numpy,1,4.5492
L01_seed2028,preprocess_validation_and_transform,1,0.0547
L01_seed2028,compiled_model_output_numpy,2,8.4096
L01_seed2028,preprocess_validation_and_transform,2,0.1014
L01_seed2028,compiled_model_output_numpy,3,9.2611
L01_seed2028,preprocess_validation_and_transform,3,0.1216
L01_seed2028,compiled_model_output_numpy,4,8.7406
L01_seed2028,preprocess_validation_and_transform,4,0.1376
L01_seed2028,compiled_model_output_numpy,5,8.7888
L01_seed2028,preprocess_validation_and_transform,5,0.1185
L01_seed2028,compiled_model_output_numpy,6,8.6738
L01_seed2028,preprocess_validation_and_transform,6,0.1169
L01_seed2028,compiled_model_output_numpy,7,5.0474
L01_seed2028,preprocess_validation_and_transform,7,0.0781
L01_seed2028,compiled_model_output_numpy,8,4.7997
L01_seed2028,preprocess_validation_and_transform,8,0.0585
L01_seed2028,compiled_model_output_numpy,9,4.6406
L01_seed2028,preprocess_validation_and_transform,9,0.0575
L01_seed2028,compiled_model_output_numpy,10,5.9696
L01_seed2028,preprocess_validation_and_transform,10,0.0622
L01_seed2028,compiled_model_output_numpy,11,4.364
L01_seed2028,preprocess_validation_and_transform,11,0.0589
L01_seed2028,compiled_model_output_numpy,12,4.3611
L01_seed2028,preprocess_validation_and_transform,12,0.0456
L01_seed2028,compiled_model_output_numpy,13,6.7057
L01_seed2028,preprocess_validation_and_transform,13,0.0604
L01_seed2028,compiled_model_output_numpy,14,4.7899
L01_seed2028,preprocess_validation_and_transform,14,0.0603
L01_seed2028,compiled_model_output_numpy,15,6.2992
L01_seed2028,preprocess_validation_and_transform,15,0.0573
L01_seed2028,compiled_model_output_numpy,16,5.3527
L01_seed2028,preprocess_validation_and_transform,16,0.0561
L01_seed2028,compiled_model_output_numpy,17,4.3641
L01_seed2028,preprocess_validation_and_transform,17,0.0586
L01_seed2028,compiled_model_output_numpy,18,4.6719
L01_seed2028,preprocess_validation_and_transform,18,0.0559
L01_seed2028,compiled_model_output_numpy,19,4.2902
L01_seed2028,preprocess_validation_and_transform,19,0.0436
L01_seed2028,compiled_model_output_numpy,20,4.4487
L01_seed2028,preprocess_validation_and_transform,20,0.0558
L01_seed2028,compiled_model_output_numpy,21,4.4434
L01_seed2028,preprocess_validation_and_transform,21,0.0557
L01_seed2028,compiled_model_output_numpy,22,4.3035
L01_seed2028,preprocess_validation_and_transform,22,0.0538
L01_seed2028,compiled_model_output_numpy,23,4.6267
L01_seed2028,preprocess_validation_and_transform,23,0.0904
L01_seed2028,compiled_model_output_numpy,24,4.6702
L01_seed2028,preprocess_validation_and_transform,24,0.0635
L01_seed2028,compiled_model_output_numpy,25,6.6662
L01_seed2028,preprocess_validation_and_transform,25,0.0611
L01_seed2028,compiled_model_output_numpy,26,4.2538
L01_seed2028,preprocess_validation_and_transform,26,0.1505
L01_seed2028,compiled_model_output_numpy,27,4.3132
L01_seed2028,preprocess_validation_and_transform,27,0.0535
L01_seed2028,compiled_model_output_numpy,28,5.3084
L01_seed2028,preprocess_validation_and_transform,28,0.0558
L01_seed2028,compiled_model_output_numpy,29,5.1682
L01_seed2028,preprocess_validation_and_transform,29,0.06
L01_seed2028,compiled_model_output_numpy,30,6.2779
L01_seed2028,preprocess_validation_and_transform,30,0.0602
L01_seed2028,compiled_model_output_numpy,31,4.7152
L01_seed2028,preprocess_validation_and_transform,31,0.0639
L01_seed2028,compiled_model_output_numpy,32,4.845
L01_seed2028,preprocess_validation_and_transform,32,0.0559
L01_seed2028,compiled_model_output_numpy,33,4.9622
L01_seed2028,preprocess_validation_and_transform,33,0.0565
L01_seed2028,compiled_model_output_numpy,34,4.4511
L01_seed2028,preprocess_validation_and_transform,34,0.0538
L01_seed2028,compiled_model_output_numpy,35,4.5515
L01_seed2028,preprocess_validation_and_transform,35,0.0581
L01_seed2028,compiled_model_output_numpy,36,4.4685
L01_seed2028,preprocess_validation_and_transform,36,0.139
L01_seed2028,compiled_model_output_numpy,37,4.4894
L01_seed2028,preprocess_validation_and_transform,37,0.0523
L01_seed2028,compiled_model_output_numpy,38,4.2803
L01_seed2028,preprocess_validation_and_transform,38,0.0554
L01_seed2028,compiled_model_output_numpy,39,4.3579
L01_seed2028,preprocess_validation_and_transform,39,0.0567
L01_seed2028,compiled_model_output_numpy,40,4.3926
L01_seed2028,preprocess_validation_and_transform,40,0.0542
L01_seed2028,compiled_model_output_numpy,41,4.7296
L01_seed2028,preprocess_validation_and_transform,41,0.0555
L01_seed2028,compiled_model_output_numpy,42,4.4256
L01_seed2028,preprocess_validation_and_transform,42,0.0562
L01_seed2028,compiled_model_output_numpy,43,5.6999
L01_seed2028,preprocess_validation_and_transform,43,0.055
L01_seed2028,compiled_model_output_numpy,44,4.5584
L01_seed2028,preprocess_validation_and_transform,44,0.0507
L01_seed2028,compiled_model_output_numpy,45,4.6188
L01_seed2028,preprocess_validation_and_transform,45,0.0552
L01_seed2028,compiled_model_output_numpy,46,4.6396
L01_seed2028,preprocess_validation_and_transform,46,0.0566
L01_seed2028,compiled_model_output_numpy,47,4.2044
L01_seed2028,preprocess_validation_and_transform,47,0.0514
L01_seed2028,compiled_model_output_numpy,48,4.8354
L01_seed2028,preprocess_validation_and_transform,48,0.102
L01_seed2028,compiled_model_output_numpy,49,4.6372
L01_seed2028,preprocess_validation_and_transform,49,0.0547
L01_seed2028,compiled_model_output_numpy,50,4.2717
L01_seed2028,preprocess_validation_and_transform,50,0.0462
L01_seed2028,compiled_model_output_numpy,51,5.4675
L01_seed2028,preprocess_validation_and_transform,51,0.0576
L01_seed2028,compiled_model_output_numpy,52,5.4372
L01_seed2028,preprocess_validation_and_transform,52,0.0582
L01_seed2028,compiled_model_output_numpy,53,4.7123
L01_seed2028,preprocess_validation_and_transform,53,0.0564
L01_seed2028,compiled_model_output_numpy,54,5.8139
L01_seed2028,preprocess_validation_and_transform,54,0.0664
L01_seed2028,compiled_model_output_numpy,55,4.8674
L01_seed2028,preprocess_validation_and_transform,55,0.0615
L01_seed2028,compiled_model_output_numpy,56,4.6047
L01_seed2028,preprocess_validation_and_transform,56,0.0581
L01_seed2028,compiled_model_output_numpy,57,4.4511
L01_seed2028,preprocess_validation_and_transform,57,0.0556
L01_seed2028,compiled_model_output_numpy,58,4.5786
L01_seed2028,preprocess_validation_and_transform,58,0.072
L01_seed2028,compiled_model_output_numpy,59,4.3891
L01_seed2028,preprocess_validation_and_transform,59,0.0591
L01_seed2028,compiled_model_output_numpy,60,4.3375
L01_seed2028,preprocess_validation_and_transform,60,0.0553
L01_seed2028,compiled_model_output_numpy,61,4.3738
L01_seed2028,preprocess_validation_and_transform,61,0.0439
L01_seed2028,compiled_model_output_numpy,62,4.2647
L01_seed2028,preprocess_validation_and_transform,62,0.0862
L01_seed2028,compiled_model_output_numpy,63,4.9477
L01_seed2028,preprocess_validation_and_transform,63,0.182
L01_seed2028,compiled_model_output_numpy,64,4.8175
L01_seed2028,preprocess_validation_and_transform,64,0.0627
L01_seed2028,compiled_model_output_numpy,65,4.4945
L01_seed2028,preprocess_validation_and_transform,65,0.0602
L01_seed2028,compiled_model_output_numpy,66,4.8102
L01_seed2028,preprocess_validation_and_transform,66,0.0562
L01_seed2028,compiled_model_output_numpy,67,4.4506
L01_seed2028,preprocess_validation_and_transform,67,0.0968
L01_seed2028,compiled_model_output_numpy,68,5.2118
L01_seed2028,preprocess_validation_and_transform,68,0.121
L01_seed2028,compiled_model_output_numpy,69,4.8963
L01_seed2028,preprocess_validation_and_transform,69,0.1165
L01_seed2028,compiled_model_output_numpy,70,7.5198
L01_seed2028,preprocess_validation_and_transform,70,0.0876
L01_seed2028,compiled_model_output_numpy,71,5.5587
L01_seed2028,preprocess_validation_and_transform,71,0.0983
L01_seed2028,compiled_model_output_numpy,72,9.0363
L01_seed2028,preprocess_validation_and_transform,72,0.0646
L01_seed2028,compiled_model_output_numpy,73,5.6782
L01_seed2028,preprocess_validation_and_transform,73,0.0627
L01_seed2028,compiled_model_output_numpy,74,5.7452
L01_seed2028,preprocess_validation_and_transform,74,0.0836
L01_seed2028,compiled_model_output_numpy,75,6.0555
L01_seed2028,preprocess_validation_and_transform,75,0.0632
L01_seed2028,compiled_model_output_numpy,76,7.317
L01_seed2028,preprocess_validation_and_transform,76,0.0817
L01_seed2028,compiled_model_output_numpy,77,7.7314
L01_seed2028,preprocess_validation_and_transform,77,0.0673
L01_seed2028,compiled_model_output_numpy,78,4.2864
L01_seed2028,preprocess_validation_and_transform,78,0.0539
L01_seed2028,compiled_model_output_numpy,79,4.4045
L01_seed2028,preprocess_validation_and_transform,79,0.0607
L01_seed2028,compiled_model_output_numpy,80,4.6566
L01_seed2028,preprocess_validation_and_transform,80,0.0583
L01_seed2028,compiled_model_output_numpy,81,4.3794
L01_seed2028,preprocess_validation_and_transform,81,0.0602
L01_seed2028,compiled_model_output_numpy,82,4.6427
L01_seed2028,preprocess_validation_and_transform,82,0.0568
L01_seed2028,compiled_model_output_numpy,83,4.568
L01_seed2028,preprocess_validation_and_transform,83,0.0549
L01_seed2028,compiled_model_output_numpy,84,4.4329
L01_seed2028,preprocess_validation_and_transform,84,0.0541
L01_seed2028,compiled_model_output_numpy,85,6.4149
L01_seed2028,preprocess_validation_and_transform,85,0.0577
L01_seed2028,compiled_model_output_numpy,86,7.7712
L01_seed2028,preprocess_validation_and_transform,86,0.0566
L01_seed2028,compiled_model_output_numpy,87,5.0181
L01_seed2028,preprocess_validation_and_transform,87,0.0561
L01_seed2028,compiled_model_output_numpy,88,5.7913
L01_seed2028,preprocess_validation_and_transform,88,0.0579
L01_seed2028,compiled_model_output_numpy,89,4.8122
L01_seed2028,preprocess_validation_and_transform,89,0.0546
L01_seed2028,compiled_model_output_numpy,90,4.9916
L01_seed2028,preprocess_validation_and_transform,90,0.0549
L01_seed2028,compiled_model_output_numpy,91,7.2591
L01_seed2028,preprocess_validation_and_transform,91,0.1661
L01_seed2028,compiled_model_output_numpy,92,4.6283
L01_seed2028,preprocess_validation_and_transform,92,0.0512
L01_seed2028,compiled_model_output_numpy,93,4.7197
L01_seed2028,preprocess_validation_and_transform,93,0.0536
L01_seed2028,compiled_model_output_numpy,94,4.2861
L01_seed2028,preprocess_validation_and_transform,94,0.0535
L01_seed2028,compiled_model_output_numpy,95,5.5875
L01_seed2028,preprocess_validation_and_transform,95,0.056
L01_seed2028,compiled_model_output_numpy,96,4.5145
L01_seed2028,preprocess_validation_and_transform,96,0.0545
L01_seed2028,compiled_model_output_numpy,97,4.8766
L01_seed2028,preprocess_validation_and_transform,97,0.0529
L01_seed2028,compiled_model_output_numpy,98,4.266
L01_seed2028,preprocess_validation_and_transform,98,0.0458
L01_seed2028,compiled_model_output_numpy,99,4.1894
L01_seed2028,preprocess_validation_and_transform,99,0.1008
L01_seed2028,compiled_model_output_numpy,100,5.7178
L01_seed2028,preprocess_validation_and_transform,100,0.0577
L01_seed2028,compiled_model_output_numpy,101,4.4999
L01_seed2028,preprocess_validation_and_transform,101,0.0524
L01_seed2028,compiled_model_output_numpy,102,4.3141
L01_seed2028,preprocess_validation_and_transform,102,0.0428
L01_seed2028,compiled_model_output_numpy,103,4.5635
L01_seed2028,preprocess_validation_and_transform,103,0.061
L01_seed2028,compiled_model_output_numpy,104,4.4495
L01_seed2028,preprocess_validation_and_transform,104,0.0551
L01_seed2028,compiled_model_output_numpy,105,6.2782
L01_seed2028,preprocess_validation_and_transform,105,0.0562
L01_seed2028,compiled_model_output_numpy,106,4.7859
L01_seed2028,preprocess_validation_and_transform,106,0.054
L01_seed2028,compiled_model_output_numpy,107,4.4871
L01_seed2028,preprocess_validation_and_transform,107,0.0577
L01_seed2028,compiled_model_output_numpy,108,6.4838
L01_seed2028,preprocess_validation_and_transform,108,0.0592
L01_seed2028,compiled_model_output_numpy,109,4.5855
L01_seed2028,preprocess_validation_and_transform,109,0.059
L01_seed2028,compiled_model_output_numpy,110,4.3026
L01_seed2028,preprocess_validation_and_transform,110,0.0576
L01_seed2028,compiled_model_output_numpy,111,4.2818
L01_seed2028,preprocess_validation_and_transform,111,0.0553
L01_seed2028,compiled_model_output_numpy,112,6.1301
L01_seed2028,preprocess_validation_and_transform,112,0.0602
L01_seed2028,compiled_model_output_numpy,113,4.4065
L01_seed2028,preprocess_validation_and_transform,113,0.0555
L01_seed2028,compiled_model_output_numpy,114,5.0843
L01_seed2028,preprocess_validation_and_transform,114,0.0846
L01_seed2028,compiled_model_output_numpy,115,4.9444
L01_seed2028,preprocess_validation_and_transform,115,0.0657
L01_seed2028,compiled_model_output_numpy,116,4.332
L01_seed2028,preprocess_validation_and_transform,116,0.0499
L01_seed2028,compiled_model_output_numpy,117,4.2574
L01_seed2028,preprocess_validation_and_transform,117,0.0453
L01_seed2028,compiled_model_output_numpy,118,4.2933
L01_seed2028,preprocess_validation_and_transform,118,0.077
L01_seed2028,compiled_model_output_numpy,119,6.7955
L01_seed2028,preprocess_validation_and_transform,119,0.0606
L01_seed2028,compiled_model_output_numpy,120,4.779
L01_seed2028,preprocess_validation_and_transform,120,0.06
L01_seed2028,compiled_model_output_numpy,121,4.4967
L01_seed2028,preprocess_validation_and_transform,121,0.0538
L01_seed2028,compiled_model_output_numpy,122,4.7707
L01_seed2028,preprocess_validation_and_transform,122,0.0674
L01_seed2028,compiled_model_output_numpy,123,4.4256
L01_seed2028,preprocess_validation_and_transform,123,0.0743
L01_seed2028,compiled_model_output_numpy,124,4.7129
L01_seed2028,preprocess_validation_and_transform,124,0.0615
L01_seed2028,compiled_model_output_numpy,125,4.7204
L01_seed2028,preprocess_validation_and_transform,125,0.0527
L01_seed2028,compiled_model_output_numpy,126,4.4317
L01_seed2028,preprocess_validation_and_transform,126,0.0558
L01_seed2028,compiled_model_output_numpy,127,4.6962
L01_seed2028,preprocess_validation_and_transform,127,0.0579
L01_seed2028,compiled_model_output_numpy,128,4.9633
L01_seed2028,preprocess_validation_and_transform,128,0.0555
L01_seed2028,compiled_model_output_numpy,129,6.4415
L01_seed2028,preprocess_validation_and_transform,129,0.0658
L01_seed2028,compiled_model_output_numpy,130,7.8088
L01_seed2028,preprocess_validation_and_transform,130,0.0869
L01_seed2028,compiled_model_output_numpy,131,4.5922
L01_seed2028,preprocess_validation_and_transform,131,0.0683
L01_seed2028,compiled_model_output_numpy,132,4.392
L01_seed2028,preprocess_validation_and_transform,132,0.0585
L01_seed2028,compiled_model_output_numpy,133,4.317
L01_seed2028,preprocess_validation_and_transform,133,0.0576
L01_seed2028,compiled_model_output_numpy,134,7.5019
L01_seed2028,preprocess_validation_and_transform,134,0.0551
L01_seed2028,compiled_model_output_numpy,135,4.3586
L01_seed2028,preprocess_validation_and_transform,135,0.0658
L01_seed2028,compiled_model_output_numpy,136,4.3114
L01_seed2028,preprocess_validation_and_transform,136,0.0575
L01_seed2028,compiled_model_output_numpy,137,4.2828
L01_seed2028,preprocess_validation_and_transform,137,0.0578
L01_seed2028,compiled_model_output_numpy,138,5.0448
L01_seed2028,preprocess_validation_and_transform,138,0.0568
L01_seed2028,compiled_model_output_numpy,139,4.3282
L01_seed2028,preprocess_validation_and_transform,139,0.1318
L01_seed2028,compiled_model_output_numpy,140,4.6788
L01_seed2028,preprocess_validation_and_transform,140,0.0547
L01_seed2028,compiled_model_output_numpy,141,4.7577
L01_seed2028,preprocess_validation_and_transform,141,0.0492
L01_seed2028,compiled_model_output_numpy,142,4.5091
L01_seed2028,preprocess_validation_and_transform,142,0.0453
L01_seed2028,compiled_model_output_numpy,143,4.7656
L01_seed2028,preprocess_validation_and_transform,143,0.0547
L01_seed2028,compiled_model_output_numpy,144,4.834
L01_seed2028,preprocess_validation_and_transform,144,0.054
L01_seed2028,compiled_model_output_numpy,145,5.0169
L01_seed2028,preprocess_validation_and_transform,145,0.0503
L01_seed2028,compiled_model_output_numpy,146,4.2635
L01_seed2028,preprocess_validation_and_transform,146,0.0558
L01_seed2028,compiled_model_output_numpy,147,4.2806
L01_seed2028,preprocess_validation_and_transform,147,0.0521
L01_seed2028,compiled_model_output_numpy,148,4.5018
L01_seed2028,preprocess_validation_and_transform,148,0.0716
L01_seed2028,compiled_model_output_numpy,149,4.7625
L01_seed2028,preprocess_validation_and_transform,149,0.0565
L01_seed2028,compiled_model_output_numpy,150,5.2512
L01_seed2028,preprocess_validation_and_transform,150,0.0555
L01_seed2028,compiled_model_output_numpy,151,4.364
L01_seed2028,preprocess_validation_and_transform,151,0.0551
L01_seed2028,compiled_model_output_numpy,152,5.6315
L01_seed2028,preprocess_validation_and_transform,152,0.0556
L01_seed2028,compiled_model_output_numpy,153,4.3788
L01_seed2028,preprocess_validation_and_transform,153,0.053
L01_seed2028,compiled_model_output_numpy,154,4.3751
L01_seed2028,preprocess_validation_and_transform,154,0.0529
L01_seed2028,compiled_model_output_numpy,155,4.4971
L01_seed2028,preprocess_validation_and_transform,155,0.052
L01_seed2028,compiled_model_output_numpy,156,4.2964
L01_seed2028,preprocess_validation_and_transform,156,0.0486
L01_seed2028,compiled_model_output_numpy,157,4.3412
L01_seed2028,preprocess_validation_and_transform,157,0.0576
L01_seed2028,compiled_model_output_numpy,158,4.4468
L01_seed2028,preprocess_validation_and_transform,158,0.0564
L01_seed2028,compiled_model_output_numpy,159,4.3875
L01_seed2028,preprocess_validation_and_transform,159,0.058
L01_seed2028,compiled_model_output_numpy,160,4.8827
L01_seed2028,preprocess_validation_and_transform,160,0.0598
L01_seed2028,compiled_model_output_numpy,161,4.5119
L01_seed2028,preprocess_validation_and_transform,161,0.0506
L01_seed2028,compiled_model_output_numpy,162,5.0597
L01_seed2028,preprocess_validation_and_transform,162,0.0907
L01_seed2028,compiled_model_output_numpy,163,7.0063
L01_seed2028,preprocess_validation_and_transform,163,0.0771
L01_seed2028,compiled_model_output_numpy,164,5.0615
L01_seed2028,preprocess_validation_and_transform,164,0.0613
L01_seed2028,compiled_model_output_numpy,165,4.3618
L01_seed2028,preprocess_validation_and_transform,165,0.0437
L01_seed2028,compiled_model_output_numpy,166,4.2155
L01_seed2028,preprocess_validation_and_transform,166,0.0463
L01_seed2028,compiled_model_output_numpy,167,4.8559
L01_seed2028,preprocess_validation_and_transform,167,0.0575
L01_seed2028,compiled_model_output_numpy,168,4.357
L01_seed2028,preprocess_validation_and_transform,168,0.0486
L01_seed2028,compiled_model_output_numpy,169,4.331
L01_seed2028,preprocess_validation_and_transform,169,0.0475
L01_seed2028,compiled_model_output_numpy,170,4.3047
L01_seed2028,preprocess_validation_and_transform,170,0.0545
L01_seed2028,compiled_model_output_numpy,171,4.2647
L01_seed2028,preprocess_validation_and_transform,171,0.0597
L01_seed2028,compiled_model_output_numpy,172,4.4827
L01_seed2028,preprocess_validation_and_transform,172,0.0549
L01_seed2028,compiled_model_output_numpy,173,4.407
L01_seed2028,preprocess_validation_and_transform,173,0.0549
L01_seed2028,compiled_model_output_numpy,174,4.3979
L01_seed2028,preprocess_validation_and_transform,174,0.0563
L01_seed2028,compiled_model_output_numpy,175,4.7231
L01_seed2028,preprocess_validation_and_transform,175,0.055
L01_seed2028,compiled_model_output_numpy,176,4.3918
L01_seed2028,preprocess_validation_and_transform,176,0.049
L01_seed2028,compiled_model_output_numpy,177,6.4955
L01_seed2028,preprocess_validation_and_transform,177,0.0621
L01_seed2028,compiled_model_output_numpy,178,4.5158
L01_seed2028,preprocess_validation_and_transform,178,0.0588
L01_seed2028,compiled_model_output_numpy,179,4.3157
L01_seed2028,preprocess_validation_and_transform,179,0.0552
L01_seed2028,compiled_model_output_numpy,180,4.8274
L01_seed2028,preprocess_validation_and_transform,180,0.0545
L01_seed2028,compiled_model_output_numpy,181,4.6604
L01_seed2028,preprocess_validation_and_transform,181,0.0562
L01_seed2028,compiled_model_output_numpy,182,4.3519
L01_seed2028,preprocess_validation_and_transform,182,0.053
L01_seed2028,compiled_model_output_numpy,183,8.1645
L01_seed2028,preprocess_validation_and_transform,183,0.0583
L01_seed2028,compiled_model_output_numpy,184,5.1115
L01_seed2028,preprocess_validation_and_transform,184,0.0553
L01_seed2028,compiled_model_output_numpy,185,5.0163
L01_seed2028,preprocess_validation_and_transform,185,0.0585
L01_seed2028,compiled_model_output_numpy,186,5.8599
L01_seed2028,preprocess_validation_and_transform,186,0.0563
L01_seed2028,compiled_model_output_numpy,187,4.3912
L01_seed2028,preprocess_validation_and_transform,187,0.0498
L01_seed2028,compiled_model_output_numpy,188,6.2755
L01_seed2028,preprocess_validation_and_transform,188,0.0583
L01_seed2028,compiled_model_output_numpy,189,5.3893
L01_seed2028,preprocess_validation_and_transform,189,0.0578
L01_seed2028,compiled_model_output_numpy,190,7.148
L01_seed2028,preprocess_validation_and_transform,190,0.089
L01_seed2028,compiled_model_output_numpy,191,4.7045
L01_seed2028,preprocess_validation_and_transform,191,0.0697
L01_seed2028,compiled_model_output_numpy,192,4.7498
L01_seed2028,preprocess_validation_and_transform,192,0.0581
L01_seed2028,compiled_model_output_numpy,193,4.5316
L01_seed2028,preprocess_validation_and_transform,193,0.0551
L01_seed2028,compiled_model_output_numpy,194,6.7431
L01_seed2028,preprocess_validation_and_transform,194,0.0873
L01_seed2028,compiled_model_output_numpy,195,6.0769
L01_seed2028,preprocess_validation_and_transform,195,0.0601
L01_seed2028,compiled_model_output_numpy,196,5.3634
L01_seed2028,preprocess_validation_and_transform,196,0.0558
L01_seed2028,compiled_model_output_numpy,197,4.5417
L01_seed2028,preprocess_validation_and_transform,197,0.06
L01_seed2028,compiled_model_output_numpy,198,5.4799
L01_seed2028,preprocess_validation_and_transform,198,0.0618
L01_seed2028,compiled_model_output_numpy,199,4.4192
L01_seed2028,preprocess_validation_and_transform,199,0.0563
L01_seed2028,compiled_model_output_numpy,200,4.3932
L01_seed2028,preprocess_validation_and_transform,200,0.0445
L01_seed2028,compiled_model_output_numpy,201,4.2798
L01_seed2028,preprocess_validation_and_transform,201,0.0601
L01_seed2028,compiled_model_output_numpy,202,4.6524
L01_seed2028,preprocess_validation_and_transform,202,0.0542
L01_seed2028,compiled_model_output_numpy,203,4.7051
L01_seed2028,preprocess_validation_and_transform,203,0.0564
L01_seed2028,compiled_model_output_numpy,204,4.4398
L01_seed2028,preprocess_validation_and_transform,204,0.061
L01_seed2028,compiled_model_output_numpy,205,4.6132
L01_seed2028,preprocess_validation_and_transform,205,0.0557
L01_seed2028,compiled_model_output_numpy,206,4.4594
L01_seed2028,preprocess_validation_and_transform,206,0.0546
L01_seed2028,compiled_model_output_numpy,207,6.5267
L01_seed2028,preprocess_validation_and_transform,207,0.0552
L01_seed2028,compiled_model_output_numpy,208,4.3231
L01_seed2028,preprocess_validation_and_transform,208,0.0526
L01_seed2028,compiled_model_output_numpy,209,7.076
L01_seed2028,preprocess_validation_and_transform,209,0.0904
L01_seed2028,compiled_model_output_numpy,210,5.5719
L01_seed2028,preprocess_validation_and_transform,210,0.0634
L01_seed2028,compiled_model_output_numpy,211,4.4455
L01_seed2028,preprocess_validation_and_transform,211,0.0534
L01_seed2028,compiled_model_output_numpy,212,4.4872
L01_seed2028,preprocess_validation_and_transform,212,0.057
L01_seed2028,compiled_model_output_numpy,213,4.5843
L01_seed2028,preprocess_validation_and_transform,213,0.0554
L01_seed2028,compiled_model_output_numpy,214,4.2806
L01_seed2028,preprocess_validation_and_transform,214,0.0542
L01_seed2028,compiled_model_output_numpy,215,4.7549
L01_seed2028,preprocess_validation_and_transform,215,0.0548
L01_seed2028,compiled_model_output_numpy,216,4.8885
L01_seed2028,preprocess_validation_and_transform,216,0.0532
L01_seed2028,compiled_model_output_numpy,217,6.1586
L01_seed2028,preprocess_validation_and_transform,217,0.0555
L01_seed2028,compiled_model_output_numpy,218,4.4386
L01_seed2028,preprocess_validation_and_transform,218,0.0541
L01_seed2028,compiled_model_output_numpy,219,5.9229
L01_seed2028,preprocess_validation_and_transform,219,0.0568
L01_seed2028,compiled_model_output_numpy,220,7.5497
L01_seed2028,preprocess_validation_and_transform,220,0.0581
L01_seed2028,compiled_model_output_numpy,221,4.4247
L01_seed2028,preprocess_validation_and_transform,221,0.0538
L01_seed2028,compiled_model_output_numpy,222,4.4341
L01_seed2028,preprocess_validation_and_transform,222,0.0506
L01_seed2028,compiled_model_output_numpy,223,4.5166
L01_seed2028,preprocess_validation_and_transform,223,0.0534
L01_seed2028,compiled_model_output_numpy,224,4.8941
L01_seed2028,preprocess_validation_and_transform,224,0.0615
L01_seed2028,compiled_model_output_numpy,225,6.3864
L01_seed2028,preprocess_validation_and_transform,225,0.0546
L01_seed2028,compiled_model_output_numpy,226,5.8019
L01_seed2028,preprocess_validation_and_transform,226,0.057
L01_seed2028,compiled_model_output_numpy,227,4.7029
L01_seed2028,preprocess_validation_and_transform,227,0.0523
L01_seed2028,compiled_model_output_numpy,228,7.2424
L01_seed2028,preprocess_validation_and_transform,228,0.0571
L01_seed2028,compiled_model_output_numpy,229,4.6345
L01_seed2028,preprocess_validation_and_transform,229,0.0543
L01_seed2028,compiled_model_output_numpy,230,5.0852
L01_seed2028,preprocess_validation_and_transform,230,0.0585
L01_seed2028,compiled_model_output_numpy,231,6.0378
L01_seed2028,preprocess_validation_and_transform,231,0.1032
L01_seed2028,compiled_model_output_numpy,232,4.7735
L01_seed2028,preprocess_validation_and_transform,232,0.0746
L01_seed2028,compiled_model_output_numpy,233,4.4078
L01_seed2028,preprocess_validation_and_transform,233,0.0632
L01_seed2028,compiled_model_output_numpy,234,5.8669
L01_seed2028,preprocess_validation_and_transform,234,0.0655
L01_seed2028,compiled_model_output_numpy,235,4.2758
L01_seed2028,preprocess_validation_and_transform,235,0.0612
L01_seed2028,compiled_model_output_numpy,236,4.3168
L01_seed2028,preprocess_validation_and_transform,236,0.0606
L01_seed2028,compiled_model_output_numpy,237,4.3119
L01_seed2028,preprocess_validation_and_transform,237,0.0407
L01_seed2028,compiled_model_output_numpy,238,4.319
L01_seed2028,preprocess_validation_and_transform,238,0.0563
L01_seed2028,compiled_model_output_numpy,239,4.4145
L01_seed2028,preprocess_validation_and_transform,239,0.064
L01_seed2028,compiled_model_output_numpy,240,4.6261
L01_seed2028,preprocess_validation_and_transform,240,0.0524
L01_seed2028,compiled_model_output_numpy,241,4.9904
L01_seed2028,preprocess_validation_and_transform,241,0.0547
L01_seed2028,compiled_model_output_numpy,242,4.4496
L01_seed2028,preprocess_validation_and_transform,242,0.0534
L01_seed2028,compiled_model_output_numpy,243,4.6059
L01_seed2028,preprocess_validation_and_transform,243,0.0936
L01_seed2028,compiled_model_output_numpy,244,5.6484
L01_seed2028,preprocess_validation_and_transform,244,0.1225
L01_seed2028,compiled_model_output_numpy,245,4.7555
L01_seed2028,preprocess_validation_and_transform,245,0.0592
L01_seed2028,compiled_model_output_numpy,246,4.6073
L01_seed2028,preprocess_validation_and_transform,246,0.0562
L01_seed2028,compiled_model_output_numpy,247,5.3101
L01_seed2028,preprocess_validation_and_transform,247,0.0694
L01_seed2028,compiled_model_output_numpy,248,4.7329
L01_seed2028,preprocess_validation_and_transform,248,0.0594
L01_seed2028,compiled_model_output_numpy,249,6.477
L01_seed2028,preprocess_validation_and_transform,249,0.0534
L01_seed2028,compiled_model_output_numpy,250,4.7318
L01_seed2028,preprocess_validation_and_transform,250,0.0584
L01_seed2028,compiled_model_output_numpy,251,4.5205
L01_seed2028,preprocess_validation_and_transform,251,0.0572
L01_seed2028,compiled_model_output_numpy,252,4.599
L01_seed2028,preprocess_validation_and_transform,252,0.0567
L01_seed2028,compiled_model_output_numpy,253,6.8989
L01_seed2028,preprocess_validation_and_transform,253,0.0604
L01_seed2028,compiled_model_output_numpy,254,4.911
L01_seed2028,preprocess_validation_and_transform,254,0.0532
L01_seed2028,compiled_model_output_numpy,255,4.3601
L01_seed2028,preprocess_validation_and_transform,255,0.0578
L01_seed2028,compiled_model_output_numpy,256,6.628
L01_seed2028,preprocess_validation_and_transform,256,0.0566
L01_seed2028,compiled_model_output_numpy,257,4.7451
L01_seed2028,preprocess_validation_and_transform,257,0.0555
L01_seed2028,compiled_model_output_numpy,258,6.4195
L01_seed2028,preprocess_validation_and_transform,258,0.0639
L01_seed2028,compiled_model_output_numpy,259,4.8849
L01_seed2028,preprocess_validation_and_transform,259,0.093
L01_seed2028,compiled_model_output_numpy,260,4.6554
L01_seed2028,preprocess_validation_and_transform,260,0.0669
L01_seed2028,compiled_model_output_numpy,261,4.7374
L01_seed2028,preprocess_validation_and_transform,261,0.0645
L01_seed2028,compiled_model_output_numpy,262,5.734
L01_seed2028,preprocess_validation_and_transform,262,0.0982
L01_seed2028,compiled_model_output_numpy,263,5.2035
L01_seed2028,preprocess_validation_and_transform,263,0.0774
L01_seed2028,compiled_model_output_numpy,264,7.3426
L01_seed2028,preprocess_validation_and_transform,264,0.0591
L01_seed2028,compiled_model_output_numpy,265,6.3653
L01_seed2028,preprocess_validation_and_transform,265,0.0885
L01_seed2028,compiled_model_output_numpy,266,8.4054
L01_seed2028,preprocess_validation_and_transform,266,0.08
L01_seed2028,compiled_model_output_numpy,267,6.1203
L01_seed2028,preprocess_validation_and_transform,267,0.1051
L01_seed2028,compiled_model_output_numpy,268,6.1768
L01_seed2028,preprocess_validation_and_transform,268,0.1102
L01_seed2028,compiled_model_output_numpy,269,8.3499
L01_seed2028,preprocess_validation_and_transform,269,0.1019
L01_seed2028,compiled_model_output_numpy,270,5.9065
L01_seed2028,preprocess_validation_and_transform,270,0.0795
L01_seed2028,compiled_model_output_numpy,271,5.7858
L01_seed2028,preprocess_validation_and_transform,271,0.0596
L01_seed2028,compiled_model_output_numpy,272,4.9861
L01_seed2028,preprocess_validation_and_transform,272,0.1233
L01_seed2028,compiled_model_output_numpy,273,5.3602
L01_seed2028,preprocess_validation_and_transform,273,0.0585
L01_seed2028,compiled_model_output_numpy,274,4.4568
L01_seed2028,preprocess_validation_and_transform,274,0.0876
L01_seed2028,compiled_model_output_numpy,275,5.0866
L01_seed2028,preprocess_validation_and_transform,275,0.0827
L01_seed2028,compiled_model_output_numpy,276,4.5836
L01_seed2028,preprocess_validation_and_transform,276,0.0565
L01_seed2028,compiled_model_output_numpy,277,4.4881
L01_seed2028,preprocess_validation_and_transform,277,0.06
L01_seed2028,compiled_model_output_numpy,278,4.6558
L01_seed2028,preprocess_validation_and_transform,278,0.2775
L01_seed2028,compiled_model_output_numpy,279,4.3954
L01_seed2028,preprocess_validation_and_transform,279,0.0588
L01_seed2028,compiled_model_output_numpy,280,4.8307
L01_seed2028,preprocess_validation_and_transform,280,0.0667
L01_seed2028,compiled_model_output_numpy,281,4.4114
L01_seed2028,preprocess_validation_and_transform,281,0.057
L01_seed2028,compiled_model_output_numpy,282,4.7904
L01_seed2028,preprocess_validation_and_transform,282,0.0555
L01_seed2028,compiled_model_output_numpy,283,4.2597
L01_seed2028,preprocess_validation_and_transform,283,0.0382
L01_seed2028,compiled_model_output_numpy,284,5.215
L01_seed2028,preprocess_validation_and_transform,284,0.058
L01_seed2028,compiled_model_output_numpy,285,5.428
L01_seed2028,preprocess_validation_and_transform,285,0.06
L01_seed2028,compiled_model_output_numpy,286,4.6681
L01_seed2028,preprocess_validation_and_transform,286,0.1145
L01_seed2028,compiled_model_output_numpy,287,4.744
L01_seed2028,preprocess_validation_and_transform,287,0.0564
L01_seed2028,compiled_model_output_numpy,288,5.7487
L01_seed2028,preprocess_validation_and_transform,288,0.0594
L01_seed2028,compiled_model_output_numpy,289,5.3315
L01_seed2028,preprocess_validation_and_transform,289,0.0625
L01_seed2028,compiled_model_output_numpy,290,7.4118
L01_seed2028,preprocess_validation_and_transform,290,0.0659
L01_seed2028,compiled_model_output_numpy,291,4.4527
L01_seed2028,preprocess_validation_and_transform,291,0.0578
L01_seed2028,compiled_model_output_numpy,292,4.4566
L01_seed2028,preprocess_validation_and_transform,292,0.0594
L01_seed2028,compiled_model_output_numpy,293,5.5074
L01_seed2028,preprocess_validation_and_transform,293,0.062
L01_seed2028,compiled_model_output_numpy,294,4.3856
L01_seed2028,preprocess_validation_and_transform,294,0.0816
L01_seed2028,compiled_model_output_numpy,295,5.6504
L01_seed2028,preprocess_validation_and_transform,295,0.0683
L01_seed2028,compiled_model_output_numpy,296,4.455
L01_seed2028,preprocess_validation_and_transform,296,0.0861
L01_seed2028,compiled_model_output_numpy,297,4.5775
L01_seed2028,preprocess_validation_and_transform,297,0.0538
L01_seed2028,compiled_model_output_numpy,298,7.6602
L01_seed2028,preprocess_validation_and_transform,298,0.0603
L01_seed2028,compiled_model_output_numpy,299,5.0721
L01_seed2028,preprocess_validation_and_transform,299,0.0858
L01_seed2028,compiled_model_output_numpy,300,6.6983
L01_seed2028,preprocess_validation_and_transform,300,0.1026
L01_seed2028,compiled_model_output_numpy,301,8.4706
L01_seed2028,preprocess_validation_and_transform,301,0.0691
L01_seed2028,compiled_model_output_numpy,302,6.8467
L01_seed2028,preprocess_validation_and_transform,302,0.0821
L01_seed2028,compiled_model_output_numpy,303,6.3229
L01_seed2028,preprocess_validation_and_transform,303,0.0599
L01_seed2028,compiled_model_output_numpy,304,4.7576
L01_seed2028,preprocess_validation_and_transform,304,0.0613
L01_seed2028,compiled_model_output_numpy,305,4.479
L01_seed2028,preprocess_validation_and_transform,305,0.0576
L01_seed2028,compiled_model_output_numpy,306,4.2884
L01_seed2028,preprocess_validation_and_transform,306,0.0545
L01_seed2028,compiled_model_output_numpy,307,4.8387
L01_seed2028,preprocess_validation_and_transform,307,0.0541
L01_seed2028,compiled_model_output_numpy,308,4.239
L01_seed2028,preprocess_validation_and_transform,308,0.0521
L01_seed2028,compiled_model_output_numpy,309,4.3587
L01_seed2028,preprocess_validation_and_transform,309,0.0475
L01_seed2028,compiled_model_output_numpy,310,6.7598
L01_seed2028,preprocess_validation_and_transform,310,0.0871
L01_seed2028,compiled_model_output_numpy,311,6.2059
L01_seed2028,preprocess_validation_and_transform,311,0.0696
L01_seed2028,compiled_model_output_numpy,312,4.7352
L01_seed2028,preprocess_validation_and_transform,312,0.1921
L01_seed2028,compiled_model_output_numpy,313,4.4127
L01_seed2028,preprocess_validation_and_transform,313,0.0488
L01_seed2028,compiled_model_output_numpy,314,7.9566
L01_seed2028,preprocess_validation_and_transform,314,0.0598
L01_seed2028,compiled_model_output_numpy,315,4.4612
L01_seed2028,preprocess_validation_and_transform,315,0.0542
L01_seed2028,compiled_model_output_numpy,316,6.322
L01_seed2028,preprocess_validation_and_transform,316,0.0575
L01_seed2028,compiled_model_output_numpy,317,4.5254
L01_seed2028,preprocess_validation_and_transform,317,0.0574
L01_seed2028,compiled_model_output_numpy,318,4.4735
L01_seed2028,preprocess_validation_and_transform,318,0.0614
L01_seed2028,compiled_model_output_numpy,319,4.856
L01_seed2028,preprocess_validation_and_transform,319,0.0525
L01_seed2028,compiled_model_output_numpy,320,4.4406
L01_seed2028,preprocess_validation_and_transform,320,0.051
L01_seed2028,compiled_model_output_numpy,321,4.5508
L01_seed2028,preprocess_validation_and_transform,321,0.0558
L01_seed2028,compiled_model_output_numpy,322,4.6578
L01_seed2028,preprocess_validation_and_transform,322,0.0565
L01_seed2028,compiled_model_output_numpy,323,4.4773
L01_seed2028,preprocess_validation_and_transform,323,0.0541
L01_seed2028,compiled_model_output_numpy,324,4.8629
L01_seed2028,preprocess_validation_and_transform,324,0.0532
L01_seed2028,compiled_model_output_numpy,325,4.5221
L01_seed2028,preprocess_validation_and_transform,325,0.0788
L01_seed2028,compiled_model_output_numpy,326,6.0927
L01_seed2028,preprocess_validation_and_transform,326,0.087
L01_seed2028,compiled_model_output_numpy,327,5.0275
L01_seed2028,preprocess_validation_and_transform,327,0.1543
L01_seed2028,compiled_model_output_numpy,328,4.7388
L01_seed2028,preprocess_validation_and_transform,328,0.0565
L01_seed2028,compiled_model_output_numpy,329,4.8021
L01_seed2028,preprocess_validation_and_transform,329,0.0569
L01_seed2028,compiled_model_output_numpy,330,4.6881
L01_seed2028,preprocess_validation_and_transform,330,0.0561
L01_seed2028,compiled_model_output_numpy,331,5.2541
L01_seed2028,preprocess_validation_and_transform,331,0.0548
L01_seed2028,compiled_model_output_numpy,332,5.5441
L01_seed2028,preprocess_validation_and_transform,332,0.0568
L01_seed2028,compiled_model_output_numpy,333,4.7323
L01_seed2028,preprocess_validation_and_transform,333,0.0566
L01_seed2028,compiled_model_output_numpy,334,4.8975
L01_seed2028,preprocess_validation_and_transform,334,0.0614
L01_seed2028,compiled_model_output_numpy,335,6.1328
L01_seed2028,preprocess_validation_and_transform,335,0.0549
L01_seed2028,compiled_model_output_numpy,336,4.6297
L01_seed2028,preprocess_validation_and_transform,336,0.0584
L01_seed2028,compiled_model_output_numpy,337,5.0193
L01_seed2028,preprocess_validation_and_transform,337,0.0579
L01_seed2028,compiled_model_output_numpy,338,4.3335
L01_seed2028,preprocess_validation_and_transform,338,0.0596
L01_seed2028,compiled_model_output_numpy,339,7.5358
L01_seed2028,preprocess_validation_and_transform,339,0.0649
L01_seed2028,compiled_model_output_numpy,340,4.3997
L01_seed2028,preprocess_validation_and_transform,340,0.0578
L01_seed2028,compiled_model_output_numpy,341,6.939
L01_seed2028,preprocess_validation_and_transform,341,0.0627
L01_seed2028,compiled_model_output_numpy,342,4.6242
L01_seed2028,preprocess_validation_and_transform,342,0.0577
L01_seed2028,compiled_model_output_numpy,343,4.6713
L01_seed2028,preprocess_validation_and_transform,343,0.0573
L01_seed2028,compiled_model_output_numpy,344,4.7719
L01_seed2028,preprocess_validation_and_transform,344,0.0562
L01_seed2028,compiled_model_output_numpy,345,4.4054
L01_seed2028,preprocess_validation_and_transform,345,0.0563
L01_seed2028,compiled_model_output_numpy,346,5.2473
L01_seed2028,preprocess_validation_and_transform,346,0.0586
L01_seed2028,compiled_model_output_numpy,347,4.3042
L01_seed2028,preprocess_validation_and_transform,347,0.0568
L01_seed2028,compiled_model_output_numpy,348,4.4933
L01_seed2028,preprocess_validation_and_transform,348,0.0569
L01_seed2028,compiled_model_output_numpy,349,5.5609
L01_seed2028,preprocess_validation_and_transform,349,0.0625
L01_seed2028,compiled_model_output_numpy,350,4.6113
L01_seed2028,preprocess_validation_and_transform,350,0.0583
L01_seed2028,compiled_model_output_numpy,351,4.5242
L01_seed2028,preprocess_validation_and_transform,351,0.055
L01_seed2028,compiled_model_output_numpy,352,4.7662
L01_seed2028,preprocess_validation_and_transform,352,0.0603
L01_seed2028,compiled_model_output_numpy,353,4.424
L01_seed2028,preprocess_validation_and_transform,353,0.0562
L01_seed2028,compiled_model_output_numpy,354,4.4972
L01_seed2028,preprocess_validation_and_transform,354,0.0597
L01_seed2028,compiled_model_output_numpy,355,4.7736
L01_seed2028,preprocess_validation_and_transform,355,0.258
L01_seed2028,compiled_model_output_numpy,356,6.4721
L01_seed2028,preprocess_validation_and_transform,356,0.0698
L01_seed2028,compiled_model_output_numpy,357,4.6471
L01_seed2028,preprocess_validation_and_transform,357,0.0489
L01_seed2028,compiled_model_output_numpy,358,4.6909
L01_seed2028,preprocess_validation_and_transform,358,0.0617
L01_seed2028,compiled_model_output_numpy,359,5.3316
L01_seed2028,preprocess_validation_and_transform,359,0.0616
L01_seed2028,compiled_model_output_numpy,360,4.4967
L01_seed2028,preprocess_validation_and_transform,360,0.063
L01_seed2028,compiled_model_output_numpy,361,6.4339
L01_seed2028,preprocess_validation_and_transform,361,0.0608
L01_seed2028,compiled_model_output_numpy,362,4.8123
L01_seed2028,preprocess_validation_and_transform,362,0.0599
L01_seed2028,compiled_model_output_numpy,363,4.2991
L01_seed2028,preprocess_validation_and_transform,363,0.0494
L01_seed2028,compiled_model_output_numpy,364,4.4199
L01_seed2028,preprocess_validation_and_transform,364,0.0592
L01_seed2028,compiled_model_output_numpy,365,4.4264
L01_seed2028,preprocess_validation_and_transform,365,0.0558
L01_seed2028,compiled_model_output_numpy,366,4.7488
L01_seed2028,preprocess_validation_and_transform,366,0.0562
L01_seed2028,compiled_model_output_numpy,367,6.5788
L01_seed2028,preprocess_validation_and_transform,367,0.1177
L01_seed2028,compiled_model_output_numpy,368,4.3696
L01_seed2028,preprocess_validation_and_transform,368,0.0798
L01_seed2028,compiled_model_output_numpy,369,4.2478
L01_seed2028,preprocess_validation_and_transform,369,0.0404
L01_seed2028,compiled_model_output_numpy,370,4.3664
L01_seed2028,preprocess_validation_and_transform,370,0.0571
L01_seed2028,compiled_model_output_numpy,371,6.3676
L01_seed2028,preprocess_validation_and_transform,371,0.0613
L01_seed2028,compiled_model_output_numpy,372,4.5619
L01_seed2028,preprocess_validation_and_transform,372,0.063
L01_seed2028,compiled_model_output_numpy,373,4.6607
L01_seed2028,preprocess_validation_and_transform,373,0.0583
L01_seed2028,compiled_model_output_numpy,374,4.3688
L01_seed2028,preprocess_validation_and_transform,374,0.0439
L01_seed2028,compiled_model_output_numpy,375,4.3952
L01_seed2028,preprocess_validation_and_transform,375,0.048
L01_seed2028,compiled_model_output_numpy,376,4.5939
L01_seed2028,preprocess_validation_and_transform,376,0.0551
L01_seed2028,compiled_model_output_numpy,377,4.4218
L01_seed2028,preprocess_validation_and_transform,377,0.0548
L01_seed2028,compiled_model_output_numpy,378,4.3524
L01_seed2028,preprocess_validation_and_transform,378,0.0535
L01_seed2028,compiled_model_output_numpy,379,4.461
L01_seed2028,preprocess_validation_and_transform,379,0.0517
L01_seed2028,compiled_model_output_numpy,380,4.964
L01_seed2028,preprocess_validation_and_transform,380,0.0545
L01_seed2028,compiled_model_output_numpy,381,5.2004
L01_seed2028,preprocess_validation_and_transform,381,0.0562
L01_seed2028,compiled_model_output_numpy,382,4.7253
L01_seed2028,preprocess_validation_and_transform,382,0.0564
L01_seed2028,compiled_model_output_numpy,383,4.3636
L01_seed2028,preprocess_validation_and_transform,383,0.0475
L01_seed2028,compiled_model_output_numpy,384,5.4279
L01_seed2028,preprocess_validation_and_transform,384,0.0546
L01_seed2028,compiled_model_output_numpy,385,4.3218
L01_seed2028,preprocess_validation_and_transform,385,0.0565
L01_seed2028,compiled_model_output_numpy,386,4.2593
L01_seed2028,preprocess_validation_and_transform,386,0.0531
L01_seed2028,compiled_model_output_numpy,387,4.6258
L01_seed2028,preprocess_validation_and_transform,387,0.1355
L01_seed2028,compiled_model_output_numpy,388,5.7912
L01_seed2028,preprocess_validation_and_transform,388,0.0557
L01_seed2028,compiled_model_output_numpy,389,5.727
L01_seed2028,preprocess_validation_and_transform,389,0.0836
L01_seed2028,compiled_model_output_numpy,390,5.3207
L01_seed2028,preprocess_validation_and_transform,390,0.0605
L01_seed2028,compiled_model_output_numpy,391,4.5303
L01_seed2028,preprocess_validation_and_transform,391,0.0577
L01_seed2028,compiled_model_output_numpy,392,4.3689
L01_seed2028,preprocess_validation_and_transform,392,0.0587
L01_seed2028,compiled_model_output_numpy,393,4.3924
L01_seed2028,preprocess_validation_and_transform,393,0.052
L01_seed2028,compiled_model_output_numpy,394,4.4124
L01_seed2028,preprocess_validation_and_transform,394,0.055
L01_seed2028,compiled_model_output_numpy,395,4.5411
L01_seed2028,preprocess_validation_and_transform,395,0.0567
L01_seed2028,compiled_model_output_numpy,396,4.3061
L01_seed2028,preprocess_validation_and_transform,396,0.0431
L01_seed2028,compiled_model_output_numpy,397,4.666
L01_seed2028,preprocess_validation_and_transform,397,0.0565
L01_seed2028,compiled_model_output_numpy,398,4.5433
L01_seed2028,preprocess_validation_and_transform,398,0.0558
L01_seed2028,compiled_model_output_numpy,399,4.4632
L01_seed2028,preprocess_validation_and_transform,399,0.0554
L01_seed2028,compiled_model_output_numpy,400,4.5025
L01_seed2028,preprocess_validation_and_transform,400,0.0543
L01_seed2028,compiled_model_output_numpy,401,4.256
L01_seed2028,preprocess_validation_and_transform,401,0.0467
L01_seed2028,compiled_model_output_numpy,402,5.6433
L01_seed2028,preprocess_validation_and_transform,402,0.0683
L01_seed2028,compiled_model_output_numpy,403,4.9621
L01_seed2028,preprocess_validation_and_transform,403,0.0584
L01_seed2028,compiled_model_output_numpy,404,4.523
L01_seed2028,preprocess_validation_and_transform,404,0.0731
L01_seed2028,compiled_model_output_numpy,405,4.7975
L01_seed2028,preprocess_validation_and_transform,405,0.0867
L01_seed2028,compiled_model_output_numpy,406,4.7836
L01_seed2028,preprocess_validation_and_transform,406,0.0671
L01_seed2028,compiled_model_output_numpy,407,4.6073
L01_seed2028,preprocess_validation_and_transform,407,0.0592
L01_seed2028,compiled_model_output_numpy,408,4.5164
L01_seed2028,preprocess_validation_and_transform,408,0.0558
L01_seed2028,compiled_model_output_numpy,409,4.5102
L01_seed2028,preprocess_validation_and_transform,409,0.0555
L01_seed2028,compiled_model_output_numpy,410,4.5711
L01_seed2028,preprocess_validation_and_transform,410,0.0547
L01_seed2028,compiled_model_output_numpy,411,4.353
L01_seed2028,preprocess_validation_and_transform,411,0.0573
L01_seed2028,compiled_model_output_numpy,412,4.3842
L01_seed2028,preprocess_validation_and_transform,412,0.056
L01_seed2028,compiled_model_output_numpy,413,4.5253
L01_seed2028,preprocess_validation_and_transform,413,0.0601
L01_seed2028,compiled_model_output_numpy,414,4.4847
L01_seed2028,preprocess_validation_and_transform,414,0.0462
L01_seed2028,compiled_model_output_numpy,415,4.7568
L01_seed2028,preprocess_validation_and_transform,415,0.0552
L01_seed2028,compiled_model_output_numpy,416,4.6402
L01_seed2028,preprocess_validation_and_transform,416,0.0547
L01_seed2028,compiled_model_output_numpy,417,7.2351
L01_seed2028,preprocess_validation_and_transform,417,0.0567
L01_seed2028,compiled_model_output_numpy,418,4.4164
L01_seed2028,preprocess_validation_and_transform,418,0.0696
L01_seed2028,compiled_model_output_numpy,419,4.7224
L01_seed2028,preprocess_validation_and_transform,419,0.0569
L01_seed2028,compiled_model_output_numpy,420,4.9063
L01_seed2028,preprocess_validation_and_transform,420,0.0543
L01_seed2028,compiled_model_output_numpy,421,5.8801
L01_seed2028,preprocess_validation_and_transform,421,0.0562
L01_seed2028,compiled_model_output_numpy,422,4.9939
L01_seed2028,preprocess_validation_and_transform,422,0.0572
L01_seed2028,compiled_model_output_numpy,423,5.6932
L01_seed2028,preprocess_validation_and_transform,423,0.0622
L01_seed2028,compiled_model_output_numpy,424,4.8113
L01_seed2028,preprocess_validation_and_transform,424,0.0545
L01_seed2028,compiled_model_output_numpy,425,6.786
L01_seed2028,preprocess_validation_and_transform,425,0.0765
L01_seed2028,compiled_model_output_numpy,426,8.6289
L01_seed2028,preprocess_validation_and_transform,426,0.0844
L01_seed2028,compiled_model_output_numpy,427,8.8429
L01_seed2028,preprocess_validation_and_transform,427,0.1106
L01_seed2028,compiled_model_output_numpy,428,5.6745
L01_seed2028,preprocess_validation_and_transform,428,0.1219
L01_seed2028,compiled_model_output_numpy,429,8.0034
L01_seed2028,preprocess_validation_and_transform,429,0.1443
L01_seed2028,compiled_model_output_numpy,430,9.3225
L01_seed2028,preprocess_validation_and_transform,430,0.1278
L01_seed2028,compiled_model_output_numpy,431,9.2348
L01_seed2028,preprocess_validation_and_transform,431,0.1225
L01_seed2028,compiled_model_output_numpy,432,9.0176
L01_seed2028,preprocess_validation_and_transform,432,0.1279
L01_seed2028,compiled_model_output_numpy,433,9.5372
L01_seed2028,preprocess_validation_and_transform,433,0.1099
L01_seed2028,compiled_model_output_numpy,434,9.0077
L01_seed2028,preprocess_validation_and_transform,434,0.1159
L01_seed2028,compiled_model_output_numpy,435,6.4911
L01_seed2028,preprocess_validation_and_transform,435,0.0897
L01_seed2028,compiled_model_output_numpy,436,9.0102
L01_seed2028,preprocess_validation_and_transform,436,0.1226
L01_seed2028,compiled_model_output_numpy,437,6.4652
L01_seed2028,preprocess_validation_and_transform,437,0.1467
L01_seed2028,compiled_model_output_numpy,438,7.7413
L01_seed2028,preprocess_validation_and_transform,438,0.1296
L01_seed2028,compiled_model_output_numpy,439,6.528
L01_seed2028,preprocess_validation_and_transform,439,0.0995
L01_seed2028,compiled_model_output_numpy,440,5.7857
L01_seed2028,preprocess_validation_and_transform,440,0.0726
L01_seed2028,compiled_model_output_numpy,441,7.7268
L01_seed2028,preprocess_validation_and_transform,441,0.1204
L01_seed2028,compiled_model_output_numpy,442,7.8589
L01_seed2028,preprocess_validation_and_transform,442,0.0932
L01_seed2028,compiled_model_output_numpy,443,8.3947
L01_seed2028,preprocess_validation_and_transform,443,0.1219
L01_seed2028,compiled_model_output_numpy,444,8.1214
L01_seed2028,preprocess_validation_and_transform,444,0.1355
L01_seed2028,compiled_model_output_numpy,445,6.7759
L01_seed2028,preprocess_validation_and_transform,445,0.1273
L01_seed2028,compiled_model_output_numpy,446,9.5357
L01_seed2028,preprocess_validation_and_transform,446,0.1432
L01_seed2028,compiled_model_output_numpy,447,8.1517
L01_seed2028,preprocess_validation_and_transform,447,0.1345
L01_seed2028,compiled_model_output_numpy,448,9.6763
L01_seed2028,preprocess_validation_and_transform,448,0.1595
L01_seed2028,compiled_model_output_numpy,449,8.881
L01_seed2028,preprocess_validation_and_transform,449,0.1245
L01_seed2028,compiled_model_output_numpy,450,9.4257
L01_seed2028,preprocess_validation_and_transform,450,0.1258
L01_seed2028,compiled_model_output_numpy,451,9.1134
L01_seed2028,preprocess_validation_and_transform,451,0.1007
L01_seed2028,compiled_model_output_numpy,452,5.6256
L01_seed2028,preprocess_validation_and_transform,452,0.07
L01_seed2028,compiled_model_output_numpy,453,9.3966
L01_seed2028,preprocess_validation_and_transform,453,0.0863
L01_seed2028,compiled_model_output_numpy,454,6.3322
L01_seed2028,preprocess_validation_and_transform,454,0.0778
L01_seed2028,compiled_model_output_numpy,455,8.4849
L01_seed2028,preprocess_validation_and_transform,455,0.1028
L01_seed2028,compiled_model_output_numpy,456,8.7414
L01_seed2028,preprocess_validation_and_transform,456,0.0804
L01_seed2028,compiled_model_output_numpy,457,4.8576
L01_seed2028,preprocess_validation_and_transform,457,0.0967
L01_seed2028,compiled_model_output_numpy,458,6.7676
L01_seed2028,preprocess_validation_and_transform,458,0.064
L01_seed2028,compiled_model_output_numpy,459,4.9044
L01_seed2028,preprocess_validation_and_transform,459,0.057
L01_seed2028,compiled_model_output_numpy,460,4.4919
L01_seed2028,preprocess_validation_and_transform,460,0.0539
L01_seed2028,compiled_model_output_numpy,461,4.6227
L01_seed2028,preprocess_validation_and_transform,461,0.0554
L01_seed2028,compiled_model_output_numpy,462,4.9933
L01_seed2028,preprocess_validation_and_transform,462,0.0588
L01_seed2028,compiled_model_output_numpy,463,4.6091
L01_seed2028,preprocess_validation_and_transform,463,0.0586
L01_seed2028,compiled_model_output_numpy,464,4.9079
L01_seed2028,preprocess_validation_and_transform,464,0.0578
L01_seed2028,compiled_model_output_numpy,465,4.8177
L01_seed2028,preprocess_validation_and_transform,465,0.0591
L01_seed2028,compiled_model_output_numpy,466,4.3754
L01_seed2028,preprocess_validation_and_transform,466,0.0563
L01_seed2028,compiled_model_output_numpy,467,4.8697
L01_seed2028,preprocess_validation_and_transform,467,0.0565
L01_seed2028,compiled_model_output_numpy,468,5.2985
L01_seed2028,preprocess_validation_and_transform,468,0.0576
L01_seed2028,compiled_model_output_numpy,469,4.6392
L01_seed2028,preprocess_validation_and_transform,469,0.0547
L01_seed2028,compiled_model_output_numpy,470,4.6498
L01_seed2028,preprocess_validation_and_transform,470,0.0558
L01_seed2028,compiled_model_output_numpy,471,4.4857
L01_seed2028,preprocess_validation_and_transform,471,0.056
L01_seed2028,compiled_model_output_numpy,472,4.9325
L01_seed2028,preprocess_validation_and_transform,472,0.057
L01_seed2028,compiled_model_output_numpy,473,4.4387
L01_seed2028,preprocess_validation_and_transform,473,0.0564
L01_seed2028,compiled_model_output_numpy,474,4.4571
L01_seed2028,preprocess_validation_and_transform,474,0.0525
L01_seed2028,compiled_model_output_numpy,475,4.2667
L01_seed2028,preprocess_validation_and_transform,475,0.0553
L01_seed2028,compiled_model_output_numpy,476,4.5495
L01_seed2028,preprocess_validation_and_transform,476,0.0525
L01_seed2028,compiled_model_output_numpy,477,4.2726
L01_seed2028,preprocess_validation_and_transform,477,0.0563
L01_seed2028,compiled_model_output_numpy,478,5.0146
L01_seed2028,preprocess_validation_and_transform,478,0.0537
L01_seed2028,compiled_model_output_numpy,479,4.4034
L01_seed2028,preprocess_validation_and_transform,479,0.0602
L01_seed2028,compiled_model_output_numpy,480,6.8802
L01_seed2028,preprocess_validation_and_transform,480,0.0876
L01_seed2028,compiled_model_output_numpy,481,5.3346
L01_seed2028,preprocess_validation_and_transform,481,0.0883
L01_seed2028,compiled_model_output_numpy,482,5.8732
L01_seed2028,preprocess_validation_and_transform,482,0.0585
L01_seed2028,compiled_model_output_numpy,483,4.7039
L01_seed2028,preprocess_validation_and_transform,483,0.0551
L01_seed2028,compiled_model_output_numpy,484,4.3704
L01_seed2028,preprocess_validation_and_transform,484,0.0747
L01_seed2028,compiled_model_output_numpy,485,5.6743
L01_seed2028,preprocess_validation_and_transform,485,0.0618
L01_seed2028,compiled_model_output_numpy,486,4.4125
L01_seed2028,preprocess_validation_and_transform,486,0.0614
L01_seed2028,compiled_model_output_numpy,487,4.4126
L01_seed2028,preprocess_validation_and_transform,487,0.0556
L01_seed2028,compiled_model_output_numpy,488,4.473
L01_seed2028,preprocess_validation_and_transform,488,0.0562
L01_seed2028,compiled_model_output_numpy,489,4.2993
L01_seed2028,preprocess_validation_and_transform,489,0.0597
L01_seed2028,compiled_model_output_numpy,490,5.0216
L01_seed2028,preprocess_validation_and_transform,490,0.0894
L01_seed2028,compiled_model_output_numpy,491,5.3632
L01_seed2028,preprocess_validation_and_transform,491,0.0681
L01_seed2028,compiled_model_output_numpy,492,4.4658
L01_seed2028,preprocess_validation_and_transform,492,0.0613
L01_seed2028,compiled_model_output_numpy,493,5.0314
L01_seed2028,preprocess_validation_and_transform,493,0.0952
L01_seed2028,compiled_model_output_numpy,494,5.206
L01_seed2028,preprocess_validation_and_transform,494,0.0718
L01_seed2028,compiled_model_output_numpy,495,4.469
L01_seed2028,preprocess_validation_and_transform,495,0.0643
L01_seed2028,compiled_model_output_numpy,496,4.9402
L01_seed2028,preprocess_validation_and_transform,496,0.0934
L01_seed2028,compiled_model_output_numpy,497,4.8809
L01_seed2028,preprocess_validation_and_transform,497,0.0664
L01_seed2028,compiled_model_output_numpy,498,4.8049
L01_seed2028,preprocess_validation_and_transform,498,0.0616
L01_seed2028,compiled_model_output_numpy,499,4.5136
L01_seed2028,preprocess_validation_and_transform,499,0.0581
L02_seed2026,compiled_model_output_numpy,0,4.4698
L02_seed2026,preprocess_validation_and_transform,0,0.0917
L02_seed2026,compiled_model_output_numpy,1,4.3634
L02_seed2026,preprocess_validation_and_transform,1,0.0648
L02_seed2026,compiled_model_output_numpy,2,4.1989
L02_seed2026,preprocess_validation_and_transform,2,0.0618
L02_seed2026,compiled_model_output_numpy,3,4.5948
L02_seed2026,preprocess_validation_and_transform,3,0.0532
L02_seed2026,compiled_model_output_numpy,4,5.2919
L02_seed2026,preprocess_validation_and_transform,4,0.0875
L02_seed2026,compiled_model_output_numpy,5,4.5335
L02_seed2026,preprocess_validation_and_transform,5,0.0613
L02_seed2026,compiled_model_output_numpy,6,4.1748
L02_seed2026,preprocess_validation_and_transform,6,0.0579
L02_seed2026,compiled_model_output_numpy,7,4.7785
L02_seed2026,preprocess_validation_and_transform,7,0.0555
L02_seed2026,compiled_model_output_numpy,8,4.1334
L02_seed2026,preprocess_validation_and_transform,8,0.0662
L02_seed2026,compiled_model_output_numpy,9,4.422
L02_seed2026,preprocess_validation_and_transform,9,0.0543
L02_seed2026,compiled_model_output_numpy,10,4.0769
L02_seed2026,preprocess_validation_and_transform,10,0.0505
L02_seed2026,compiled_model_output_numpy,11,4.292
L02_seed2026,preprocess_validation_and_transform,11,0.0536
L02_seed2026,compiled_model_output_numpy,12,4.1587
L02_seed2026,preprocess_validation_and_transform,12,0.0567
L02_seed2026,compiled_model_output_numpy,13,3.9696
L02_seed2026,preprocess_validation_and_transform,13,0.04
L02_seed2026,compiled_model_output_numpy,14,5.0944
L02_seed2026,preprocess_validation_and_transform,14,0.0564
L02_seed2026,compiled_model_output_numpy,15,7.1576
L02_seed2026,preprocess_validation_and_transform,15,0.0493
L02_seed2026,compiled_model_output_numpy,16,4.0439
L02_seed2026,preprocess_validation_and_transform,16,0.0585
L02_seed2026,compiled_model_output_numpy,17,4.7931
L02_seed2026,preprocess_validation_and_transform,17,0.0587
L02_seed2026,compiled_model_output_numpy,18,4.5795
L02_seed2026,preprocess_validation_and_transform,18,0.0582
L02_seed2026,compiled_model_output_numpy,19,4.4186
L02_seed2026,preprocess_validation_and_transform,19,0.0558
L02_seed2026,compiled_model_output_numpy,20,4.3985
L02_seed2026,preprocess_validation_and_transform,20,0.0528
L02_seed2026,compiled_model_output_numpy,21,4.6671
L02_seed2026,preprocess_validation_and_transform,21,0.056
L02_seed2026,compiled_model_output_numpy,22,5.1018
L02_seed2026,preprocess_validation_and_transform,22,0.0638
L02_seed2026,compiled_model_output_numpy,23,4.4429
L02_seed2026,preprocess_validation_and_transform,23,0.0562
L02_seed2026,compiled_model_output_numpy,24,5.9114
L02_seed2026,preprocess_validation_and_transform,24,0.0652
L02_seed2026,compiled_model_output_numpy,25,4.5342
L02_seed2026,preprocess_validation_and_transform,25,0.0615
L02_seed2026,compiled_model_output_numpy,26,6.5186
L02_seed2026,preprocess_validation_and_transform,26,0.0632
L02_seed2026,compiled_model_output_numpy,27,4.6325
L02_seed2026,preprocess_validation_and_transform,27,0.0581
L02_seed2026,compiled_model_output_numpy,28,4.0414
L02_seed2026,preprocess_validation_and_transform,28,0.0568
L02_seed2026,compiled_model_output_numpy,29,5.8626
L02_seed2026,preprocess_validation_and_transform,29,0.0643
L02_seed2026,compiled_model_output_numpy,30,4.4356
L02_seed2026,preprocess_validation_and_transform,30,0.0546
L02_seed2026,compiled_model_output_numpy,31,4.6326
L02_seed2026,preprocess_validation_and_transform,31,0.054
L02_seed2026,compiled_model_output_numpy,32,4.6354
L02_seed2026,preprocess_validation_and_transform,32,0.0594
L02_seed2026,compiled_model_output_numpy,33,4.2167
L02_seed2026,preprocess_validation_and_transform,33,0.0571
L02_seed2026,compiled_model_output_numpy,34,5.1327
L02_seed2026,preprocess_validation_and_transform,34,0.0595
L02_seed2026,compiled_model_output_numpy,35,4.1082
L02_seed2026,preprocess_validation_and_transform,35,0.0603
L02_seed2026,compiled_model_output_numpy,36,4.8316
L02_seed2026,preprocess_validation_and_transform,36,0.0631
L02_seed2026,compiled_model_output_numpy,37,5.3406
L02_seed2026,preprocess_validation_and_transform,37,0.0582
L02_seed2026,compiled_model_output_numpy,38,4.4711
L02_seed2026,preprocess_validation_and_transform,38,0.0612
L02_seed2026,compiled_model_output_numpy,39,6.8609
L02_seed2026,preprocess_validation_and_transform,39,0.0685
L02_seed2026,compiled_model_output_numpy,40,5.5752
L02_seed2026,preprocess_validation_and_transform,40,0.0662
L02_seed2026,compiled_model_output_numpy,41,5.0554
L02_seed2026,preprocess_validation_and_transform,41,0.1092
L02_seed2026,compiled_model_output_numpy,42,8.5292
L02_seed2026,preprocess_validation_and_transform,42,0.0741
L02_seed2026,compiled_model_output_numpy,43,8.2381
L02_seed2026,preprocess_validation_and_transform,43,0.1035
L02_seed2026,compiled_model_output_numpy,44,8.3041
L02_seed2026,preprocess_validation_and_transform,44,0.1223
L02_seed2026,compiled_model_output_numpy,45,4.6296
L02_seed2026,preprocess_validation_and_transform,45,0.1083
L02_seed2026,compiled_model_output_numpy,46,4.8346
L02_seed2026,preprocess_validation_and_transform,46,0.0956
L02_seed2026,compiled_model_output_numpy,47,8.2559
L02_seed2026,preprocess_validation_and_transform,47,0.1045
L02_seed2026,compiled_model_output_numpy,48,8.0842
L02_seed2026,preprocess_validation_and_transform,48,0.0894
L02_seed2026,compiled_model_output_numpy,49,7.9771
L02_seed2026,preprocess_validation_and_transform,49,0.1073
L02_seed2026,compiled_model_output_numpy,50,8.6152
L02_seed2026,preprocess_validation_and_transform,50,0.1183
L02_seed2026,compiled_model_output_numpy,51,8.3497
L02_seed2026,preprocess_validation_and_transform,51,0.0812
L02_seed2026,compiled_model_output_numpy,52,7.9532
L02_seed2026,preprocess_validation_and_transform,52,0.086
L02_seed2026,compiled_model_output_numpy,53,7.2931
L02_seed2026,preprocess_validation_and_transform,53,0.0765
L02_seed2026,compiled_model_output_numpy,54,4.4084
L02_seed2026,preprocess_validation_and_transform,54,0.0581
L02_seed2026,compiled_model_output_numpy,55,4.139
L02_seed2026,preprocess_validation_and_transform,55,0.057
L02_seed2026,compiled_model_output_numpy,56,4.3404
L02_seed2026,preprocess_validation_and_transform,56,0.0599
L02_seed2026,compiled_model_output_numpy,57,4.2635
L02_seed2026,preprocess_validation_and_transform,57,0.057
L02_seed2026,compiled_model_output_numpy,58,4.2744
L02_seed2026,preprocess_validation_and_transform,58,0.0544
L02_seed2026,compiled_model_output_numpy,59,7.2968
L02_seed2026,preprocess_validation_and_transform,59,0.0626
L02_seed2026,compiled_model_output_numpy,60,4.1674
L02_seed2026,preprocess_validation_and_transform,60,0.0419
L02_seed2026,compiled_model_output_numpy,61,4.1296
L02_seed2026,preprocess_validation_and_transform,61,0.125
L02_seed2026,compiled_model_output_numpy,62,4.2102
L02_seed2026,preprocess_validation_and_transform,62,0.0603
L02_seed2026,compiled_model_output_numpy,63,4.1231
L02_seed2026,preprocess_validation_and_transform,63,0.0576
L02_seed2026,compiled_model_output_numpy,64,4.6481
L02_seed2026,preprocess_validation_and_transform,64,0.0745
L02_seed2026,compiled_model_output_numpy,65,4.2538
L02_seed2026,preprocess_validation_and_transform,65,0.057
L02_seed2026,compiled_model_output_numpy,66,4.5774
L02_seed2026,preprocess_validation_and_transform,66,0.094
L02_seed2026,compiled_model_output_numpy,67,4.4411
L02_seed2026,preprocess_validation_and_transform,67,0.0672
L02_seed2026,compiled_model_output_numpy,68,7.3319
L02_seed2026,preprocess_validation_and_transform,68,0.0637
L02_seed2026,compiled_model_output_numpy,69,6.573
L02_seed2026,preprocess_validation_and_transform,69,0.1943
L02_seed2026,compiled_model_output_numpy,70,6.4797
L02_seed2026,preprocess_validation_and_transform,70,0.0697
L02_seed2026,compiled_model_output_numpy,71,7.114
L02_seed2026,preprocess_validation_and_transform,71,0.0675
L02_seed2026,compiled_model_output_numpy,72,6.4569
L02_seed2026,preprocess_validation_and_transform,72,0.067
L02_seed2026,compiled_model_output_numpy,73,5.898
L02_seed2026,preprocess_validation_and_transform,73,0.0528
L02_seed2026,compiled_model_output_numpy,74,4.3872
L02_seed2026,preprocess_validation_and_transform,74,0.0924
L02_seed2026,compiled_model_output_numpy,75,4.5039
L02_seed2026,preprocess_validation_and_transform,75,0.0627
L02_seed2026,compiled_model_output_numpy,76,6.1155
L02_seed2026,preprocess_validation_and_transform,76,0.0579
L02_seed2026,compiled_model_output_numpy,77,4.1247
L02_seed2026,preprocess_validation_and_transform,77,0.0587
L02_seed2026,compiled_model_output_numpy,78,4.4143
L02_seed2026,preprocess_validation_and_transform,78,0.0556
L02_seed2026,compiled_model_output_numpy,79,4.5786
L02_seed2026,preprocess_validation_and_transform,79,0.0538
L02_seed2026,compiled_model_output_numpy,80,6.9188
L02_seed2026,preprocess_validation_and_transform,80,0.0641
L02_seed2026,compiled_model_output_numpy,81,4.2323
L02_seed2026,preprocess_validation_and_transform,81,0.0434
L02_seed2026,compiled_model_output_numpy,82,4.3428
L02_seed2026,preprocess_validation_and_transform,82,0.0624
L02_seed2026,compiled_model_output_numpy,83,4.1241
L02_seed2026,preprocess_validation_and_transform,83,0.0793
L02_seed2026,compiled_model_output_numpy,84,4.3324
L02_seed2026,preprocess_validation_and_transform,84,0.0946
L02_seed2026,compiled_model_output_numpy,85,5.1695
L02_seed2026,preprocess_validation_and_transform,85,0.0704
L02_seed2026,compiled_model_output_numpy,86,4.1488
L02_seed2026,preprocess_validation_and_transform,86,0.0638
L02_seed2026,compiled_model_output_numpy,87,4.0948
L02_seed2026,preprocess_validation_and_transform,87,0.0616
L02_seed2026,compiled_model_output_numpy,88,4.2249
L02_seed2026,preprocess_validation_and_transform,88,0.0586
L02_seed2026,compiled_model_output_numpy,89,4.1466
L02_seed2026,preprocess_validation_and_transform,89,0.0585
L02_seed2026,compiled_model_output_numpy,90,4.3263
L02_seed2026,preprocess_validation_and_transform,90,0.0558
L02_seed2026,compiled_model_output_numpy,91,4.2153
L02_seed2026,preprocess_validation_and_transform,91,0.0581
L02_seed2026,compiled_model_output_numpy,92,4.3578
L02_seed2026,preprocess_validation_and_transform,92,0.0557
L02_seed2026,compiled_model_output_numpy,93,4.148
L02_seed2026,preprocess_validation_and_transform,93,0.0568
L02_seed2026,compiled_model_output_numpy,94,4.1402
L02_seed2026,preprocess_validation_and_transform,94,0.0548
L02_seed2026,compiled_model_output_numpy,95,4.0667
L02_seed2026,preprocess_validation_and_transform,95,0.0586
L02_seed2026,compiled_model_output_numpy,96,4.1463
L02_seed2026,preprocess_validation_and_transform,96,0.0614
L02_seed2026,compiled_model_output_numpy,97,4.3483
L02_seed2026,preprocess_validation_and_transform,97,0.0539
L02_seed2026,compiled_model_output_numpy,98,4.0768
L02_seed2026,preprocess_validation_and_transform,98,0.0337
L02_seed2026,compiled_model_output_numpy,99,3.9795
L02_seed2026,preprocess_validation_and_transform,99,0.0516
L02_seed2026,compiled_model_output_numpy,100,5.4831
L02_seed2026,preprocess_validation_and_transform,100,0.0589
L02_seed2026,compiled_model_output_numpy,101,4.8378
L02_seed2026,preprocess_validation_and_transform,101,0.0578
L02_seed2026,compiled_model_output_numpy,102,6.3132
L02_seed2026,preprocess_validation_and_transform,102,0.0579
L02_seed2026,compiled_model_output_numpy,103,4.2209
L02_seed2026,preprocess_validation_and_transform,103,0.0576
L02_seed2026,compiled_model_output_numpy,104,4.096
L02_seed2026,preprocess_validation_and_transform,104,0.0584
L02_seed2026,compiled_model_output_numpy,105,4.8059
L02_seed2026,preprocess_validation_and_transform,105,0.0575
L02_seed2026,compiled_model_output_numpy,106,4.259
L02_seed2026,preprocess_validation_and_transform,106,0.0579
L02_seed2026,compiled_model_output_numpy,107,4.2416
L02_seed2026,preprocess_validation_and_transform,107,0.0582
L02_seed2026,compiled_model_output_numpy,108,4.0943
L02_seed2026,preprocess_validation_and_transform,108,0.0677
L02_seed2026,compiled_model_output_numpy,109,4.9927
L02_seed2026,preprocess_validation_and_transform,109,0.049
L02_seed2026,compiled_model_output_numpy,110,3.9731
L02_seed2026,preprocess_validation_and_transform,110,0.0441
L02_seed2026,compiled_model_output_numpy,111,4.2946
L02_seed2026,preprocess_validation_and_transform,111,0.0537
L02_seed2026,compiled_model_output_numpy,112,4.1694
L02_seed2026,preprocess_validation_and_transform,112,0.0525
L02_seed2026,compiled_model_output_numpy,113,4.3629
L02_seed2026,preprocess_validation_and_transform,113,0.0572
L02_seed2026,compiled_model_output_numpy,114,4.5667
L02_seed2026,preprocess_validation_and_transform,114,0.0607
L02_seed2026,compiled_model_output_numpy,115,4.2565
L02_seed2026,preprocess_validation_and_transform,115,0.0535
L02_seed2026,compiled_model_output_numpy,116,4.3139
L02_seed2026,preprocess_validation_and_transform,116,0.056
L02_seed2026,compiled_model_output_numpy,117,4.1104
L02_seed2026,preprocess_validation_and_transform,117,0.0463
L02_seed2026,compiled_model_output_numpy,118,5.0155
L02_seed2026,preprocess_validation_and_transform,118,0.0873
L02_seed2026,compiled_model_output_numpy,119,4.4079
L02_seed2026,preprocess_validation_and_transform,119,0.0645
L02_seed2026,compiled_model_output_numpy,120,4.212
L02_seed2026,preprocess_validation_and_transform,120,0.0531
L02_seed2026,compiled_model_output_numpy,121,6.2992
L02_seed2026,preprocess_validation_and_transform,121,0.0536
L02_seed2026,compiled_model_output_numpy,122,4.4264
L02_seed2026,preprocess_validation_and_transform,122,0.0538
L02_seed2026,compiled_model_output_numpy,123,4.3692
L02_seed2026,preprocess_validation_and_transform,123,0.0514
L02_seed2026,compiled_model_output_numpy,124,3.9561
L02_seed2026,preprocess_validation_and_transform,124,0.0542
L02_seed2026,compiled_model_output_numpy,125,4.1272
L02_seed2026,preprocess_validation_and_transform,125,0.0585
L02_seed2026,compiled_model_output_numpy,126,4.2072
L02_seed2026,preprocess_validation_and_transform,126,0.0684
L02_seed2026,compiled_model_output_numpy,127,4.4382
L02_seed2026,preprocess_validation_and_transform,127,0.0619
L02_seed2026,compiled_model_output_numpy,128,5.5186
L02_seed2026,preprocess_validation_and_transform,128,0.0565
L02_seed2026,compiled_model_output_numpy,129,4.3085
L02_seed2026,preprocess_validation_and_transform,129,0.0586
L02_seed2026,compiled_model_output_numpy,130,4.1276
L02_seed2026,preprocess_validation_and_transform,130,0.0554
L02_seed2026,compiled_model_output_numpy,131,4.7151
L02_seed2026,preprocess_validation_and_transform,131,0.0559
L02_seed2026,compiled_model_output_numpy,132,4.1418
L02_seed2026,preprocess_validation_and_transform,132,0.0571
L02_seed2026,compiled_model_output_numpy,133,4.3621
L02_seed2026,preprocess_validation_and_transform,133,0.0576
L02_seed2026,compiled_model_output_numpy,134,4.5616
L02_seed2026,preprocess_validation_and_transform,134,0.1439
L02_seed2026,compiled_model_output_numpy,135,4.2429
L02_seed2026,preprocess_validation_and_transform,135,0.0568
L02_seed2026,compiled_model_output_numpy,136,4.26
L02_seed2026,preprocess_validation_and_transform,136,0.053
L02_seed2026,compiled_model_output_numpy,137,4.1744
L02_seed2026,preprocess_validation_and_transform,137,0.0551
L02_seed2026,compiled_model_output_numpy,138,4.0884
L02_seed2026,preprocess_validation_and_transform,138,0.0563
L02_seed2026,compiled_model_output_numpy,139,4.5862
L02_seed2026,preprocess_validation_and_transform,139,0.0605
L02_seed2026,compiled_model_output_numpy,140,4.5118
L02_seed2026,preprocess_validation_and_transform,140,0.0536
L02_seed2026,compiled_model_output_numpy,141,4.3613
L02_seed2026,preprocess_validation_and_transform,141,0.0551
L02_seed2026,compiled_model_output_numpy,142,7.4258
L02_seed2026,preprocess_validation_and_transform,142,0.0627
L02_seed2026,compiled_model_output_numpy,143,4.2355
L02_seed2026,preprocess_validation_and_transform,143,0.091
L02_seed2026,compiled_model_output_numpy,144,4.4735
L02_seed2026,preprocess_validation_and_transform,144,0.0594
L02_seed2026,compiled_model_output_numpy,145,4.099
L02_seed2026,preprocess_validation_and_transform,145,0.0541
L02_seed2026,compiled_model_output_numpy,146,4.1741
L02_seed2026,preprocess_validation_and_transform,146,0.0433
L02_seed2026,compiled_model_output_numpy,147,4.0309
L02_seed2026,preprocess_validation_and_transform,147,0.0458
L02_seed2026,compiled_model_output_numpy,148,4.2094
L02_seed2026,preprocess_validation_and_transform,148,0.0533
L02_seed2026,compiled_model_output_numpy,149,4.5548
L02_seed2026,preprocess_validation_and_transform,149,0.0533
L02_seed2026,compiled_model_output_numpy,150,5.6654
L02_seed2026,preprocess_validation_and_transform,150,0.0595
L02_seed2026,compiled_model_output_numpy,151,4.5215
L02_seed2026,preprocess_validation_and_transform,151,0.0565
L02_seed2026,compiled_model_output_numpy,152,4.452
L02_seed2026,preprocess_validation_and_transform,152,0.1836
L02_seed2026,compiled_model_output_numpy,153,7.9298
L02_seed2026,preprocess_validation_and_transform,153,0.0645
L02_seed2026,compiled_model_output_numpy,154,5.0067
L02_seed2026,preprocess_validation_and_transform,154,0.0639
L02_seed2026,compiled_model_output_numpy,155,4.0272
L02_seed2026,preprocess_validation_and_transform,155,0.0433
L02_seed2026,compiled_model_output_numpy,156,4.2391
L02_seed2026,preprocess_validation_and_transform,156,0.0531
L02_seed2026,compiled_model_output_numpy,157,4.1867
L02_seed2026,preprocess_validation_and_transform,157,0.0511
L02_seed2026,compiled_model_output_numpy,158,4.1935
L02_seed2026,preprocess_validation_and_transform,158,0.0574
L02_seed2026,compiled_model_output_numpy,159,4.3551
L02_seed2026,preprocess_validation_and_transform,159,0.0552
L02_seed2026,compiled_model_output_numpy,160,4.164
L02_seed2026,preprocess_validation_and_transform,160,0.0567
L02_seed2026,compiled_model_output_numpy,161,4.2519
L02_seed2026,preprocess_validation_and_transform,161,0.0576
L02_seed2026,compiled_model_output_numpy,162,4.1816
L02_seed2026,preprocess_validation_and_transform,162,0.0563
L02_seed2026,compiled_model_output_numpy,163,4.6873
L02_seed2026,preprocess_validation_and_transform,163,0.2292
L02_seed2026,compiled_model_output_numpy,164,4.9237
L02_seed2026,preprocess_validation_and_transform,164,0.0638
L02_seed2026,compiled_model_output_numpy,165,4.0567
L02_seed2026,preprocess_validation_and_transform,165,0.0559
L02_seed2026,compiled_model_output_numpy,166,4.1732
L02_seed2026,preprocess_validation_and_transform,166,0.0564
L02_seed2026,compiled_model_output_numpy,167,4.0371
L02_seed2026,preprocess_validation_and_transform,167,0.0553
L02_seed2026,compiled_model_output_numpy,168,4.5648
L02_seed2026,preprocess_validation_and_transform,168,0.0576
L02_seed2026,compiled_model_output_numpy,169,4.1022
L02_seed2026,preprocess_validation_and_transform,169,0.0495
L02_seed2026,compiled_model_output_numpy,170,4.0574
L02_seed2026,preprocess_validation_and_transform,170,0.0363
L02_seed2026,compiled_model_output_numpy,171,3.8328
L02_seed2026,preprocess_validation_and_transform,171,0.0352
L02_seed2026,compiled_model_output_numpy,172,3.8666
L02_seed2026,preprocess_validation_and_transform,172,0.0313
L02_seed2026,compiled_model_output_numpy,173,3.9095
L02_seed2026,preprocess_validation_and_transform,173,0.0549
L02_seed2026,compiled_model_output_numpy,174,4.2331
L02_seed2026,preprocess_validation_and_transform,174,0.0532
L02_seed2026,compiled_model_output_numpy,175,4.4452
L02_seed2026,preprocess_validation_and_transform,175,0.0513
L02_seed2026,compiled_model_output_numpy,176,4.0781
L02_seed2026,preprocess_validation_and_transform,176,0.0523
L02_seed2026,compiled_model_output_numpy,177,4.5203
L02_seed2026,preprocess_validation_and_transform,177,0.0574
L02_seed2026,compiled_model_output_numpy,178,4.4297
L02_seed2026,preprocess_validation_and_transform,178,0.0816
L02_seed2026,compiled_model_output_numpy,179,4.3703
L02_seed2026,preprocess_validation_and_transform,179,0.0575
L02_seed2026,compiled_model_output_numpy,180,4.2031
L02_seed2026,preprocess_validation_and_transform,180,0.0583
L02_seed2026,compiled_model_output_numpy,181,4.3952
L02_seed2026,preprocess_validation_and_transform,181,0.1203
L02_seed2026,compiled_model_output_numpy,182,4.7525
L02_seed2026,preprocess_validation_and_transform,182,0.0565
L02_seed2026,compiled_model_output_numpy,183,4.0204
L02_seed2026,preprocess_validation_and_transform,183,0.0461
L02_seed2026,compiled_model_output_numpy,184,4.1921
L02_seed2026,preprocess_validation_and_transform,184,0.0557
L02_seed2026,compiled_model_output_numpy,185,4.089
L02_seed2026,preprocess_validation_and_transform,185,0.0494
L02_seed2026,compiled_model_output_numpy,186,4.2693
L02_seed2026,preprocess_validation_and_transform,186,0.0485
L02_seed2026,compiled_model_output_numpy,187,4.7528
L02_seed2026,preprocess_validation_and_transform,187,0.0574
L02_seed2026,compiled_model_output_numpy,188,4.6243
L02_seed2026,preprocess_validation_and_transform,188,0.0517
L02_seed2026,compiled_model_output_numpy,189,4.4406
L02_seed2026,preprocess_validation_and_transform,189,0.0574
L02_seed2026,compiled_model_output_numpy,190,4.3715
L02_seed2026,preprocess_validation_and_transform,190,0.0565
L02_seed2026,compiled_model_output_numpy,191,4.028
L02_seed2026,preprocess_validation_and_transform,191,0.0533
L02_seed2026,compiled_model_output_numpy,192,4.0608
L02_seed2026,preprocess_validation_and_transform,192,0.0576
L02_seed2026,compiled_model_output_numpy,193,4.3865
L02_seed2026,preprocess_validation_and_transform,193,0.055
L02_seed2026,compiled_model_output_numpy,194,4.3195
L02_seed2026,preprocess_validation_and_transform,194,0.0555
L02_seed2026,compiled_model_output_numpy,195,3.9859
L02_seed2026,preprocess_validation_and_transform,195,0.0529
L02_seed2026,compiled_model_output_numpy,196,4.3484
L02_seed2026,preprocess_validation_and_transform,196,0.0563
L02_seed2026,compiled_model_output_numpy,197,4.1842
L02_seed2026,preprocess_validation_and_transform,197,0.0566
L02_seed2026,compiled_model_output_numpy,198,4.4753
L02_seed2026,preprocess_validation_and_transform,198,0.0543
L02_seed2026,compiled_model_output_numpy,199,4.0115
L02_seed2026,preprocess_validation_and_transform,199,0.0529
L02_seed2026,compiled_model_output_numpy,200,5.3119
L02_seed2026,preprocess_validation_and_transform,200,0.0578
L02_seed2026,compiled_model_output_numpy,201,5.0441
L02_seed2026,preprocess_validation_and_transform,201,0.0565
L02_seed2026,compiled_model_output_numpy,202,4.4383
L02_seed2026,preprocess_validation_and_transform,202,0.059
L02_seed2026,compiled_model_output_numpy,203,4.6389
L02_seed2026,preprocess_validation_and_transform,203,0.0681
L02_seed2026,compiled_model_output_numpy,204,4.1524
L02_seed2026,preprocess_validation_and_transform,204,0.0621
L02_seed2026,compiled_model_output_numpy,205,4.6834
L02_seed2026,preprocess_validation_and_transform,205,0.0618
L02_seed2026,compiled_model_output_numpy,206,4.4851
L02_seed2026,preprocess_validation_and_transform,206,0.0576
L02_seed2026,compiled_model_output_numpy,207,6.0949
L02_seed2026,preprocess_validation_and_transform,207,0.0599
L02_seed2026,compiled_model_output_numpy,208,4.3421
L02_seed2026,preprocess_validation_and_transform,208,0.0565
L02_seed2026,compiled_model_output_numpy,209,4.3486
L02_seed2026,preprocess_validation_and_transform,209,0.061
L02_seed2026,compiled_model_output_numpy,210,4.3183
L02_seed2026,preprocess_validation_and_transform,210,0.0554
L02_seed2026,compiled_model_output_numpy,211,3.9688
L02_seed2026,preprocess_validation_and_transform,211,0.0534
L02_seed2026,compiled_model_output_numpy,212,5.1374
L02_seed2026,preprocess_validation_and_transform,212,0.0586
L02_seed2026,compiled_model_output_numpy,213,4.2588
L02_seed2026,preprocess_validation_and_transform,213,0.0782
L02_seed2026,compiled_model_output_numpy,214,4.5399
L02_seed2026,preprocess_validation_and_transform,214,0.0513
L02_seed2026,compiled_model_output_numpy,215,4.4965
L02_seed2026,preprocess_validation_and_transform,215,0.0595
L02_seed2026,compiled_model_output_numpy,216,4.1152
L02_seed2026,preprocess_validation_and_transform,216,0.0554
L02_seed2026,compiled_model_output_numpy,217,4.2988
L02_seed2026,preprocess_validation_and_transform,217,0.059
L02_seed2026,compiled_model_output_numpy,218,4.5383
L02_seed2026,preprocess_validation_and_transform,218,0.0543
L02_seed2026,compiled_model_output_numpy,219,4.2032
L02_seed2026,preprocess_validation_and_transform,219,0.0596
L02_seed2026,compiled_model_output_numpy,220,4.8096
L02_seed2026,preprocess_validation_and_transform,220,0.0531
L02_seed2026,compiled_model_output_numpy,221,4.3019
L02_seed2026,preprocess_validation_and_transform,221,0.0514
L02_seed2026,compiled_model_output_numpy,222,4.979
L02_seed2026,preprocess_validation_and_transform,222,0.0559
L02_seed2026,compiled_model_output_numpy,223,4.3609
L02_seed2026,preprocess_validation_and_transform,223,0.0747
L02_seed2026,compiled_model_output_numpy,224,4.309
L02_seed2026,preprocess_validation_and_transform,224,0.0532
L02_seed2026,compiled_model_output_numpy,225,4.3048
L02_seed2026,preprocess_validation_and_transform,225,0.0577
L02_seed2026,compiled_model_output_numpy,226,4.5274
L02_seed2026,preprocess_validation_and_transform,226,0.0608
L02_seed2026,compiled_model_output_numpy,227,4.2199
L02_seed2026,preprocess_validation_and_transform,227,0.0566
L02_seed2026,compiled_model_output_numpy,228,4.2453
L02_seed2026,preprocess_validation_and_transform,228,0.0549
L02_seed2026,compiled_model_output_numpy,229,4.2168
L02_seed2026,preprocess_validation_and_transform,229,0.0582
L02_seed2026,compiled_model_output_numpy,230,4.8899
L02_seed2026,preprocess_validation_and_transform,230,0.0592
L02_seed2026,compiled_model_output_numpy,231,4.2245
L02_seed2026,preprocess_validation_and_transform,231,0.0595
L02_seed2026,compiled_model_output_numpy,232,4.29
L02_seed2026,preprocess_validation_and_transform,232,0.0536
L02_seed2026,compiled_model_output_numpy,233,5.7106
L02_seed2026,preprocess_validation_and_transform,233,0.0596
L02_seed2026,compiled_model_output_numpy,234,4.2233
L02_seed2026,preprocess_validation_and_transform,234,0.0591
L02_seed2026,compiled_model_output_numpy,235,4.9459
L02_seed2026,preprocess_validation_and_transform,235,0.0593
L02_seed2026,compiled_model_output_numpy,236,4.2886
L02_seed2026,preprocess_validation_and_transform,236,0.058
L02_seed2026,compiled_model_output_numpy,237,4.1022
L02_seed2026,preprocess_validation_and_transform,237,0.0587
L02_seed2026,compiled_model_output_numpy,238,4.3645
L02_seed2026,preprocess_validation_and_transform,238,0.0543
L02_seed2026,compiled_model_output_numpy,239,4.645
L02_seed2026,preprocess_validation_and_transform,239,0.0586
L02_seed2026,compiled_model_output_numpy,240,4.5878
L02_seed2026,preprocess_validation_and_transform,240,0.0589
L02_seed2026,compiled_model_output_numpy,241,4.2867
L02_seed2026,preprocess_validation_and_transform,241,0.0864
L02_seed2026,compiled_model_output_numpy,242,4.4823
L02_seed2026,preprocess_validation_and_transform,242,0.0666
L02_seed2026,compiled_model_output_numpy,243,4.202
L02_seed2026,preprocess_validation_and_transform,243,0.0603
L02_seed2026,compiled_model_output_numpy,244,5.8681
L02_seed2026,preprocess_validation_and_transform,244,0.0625
L02_seed2026,compiled_model_output_numpy,245,4.1083
L02_seed2026,preprocess_validation_and_transform,245,0.0611
L02_seed2026,compiled_model_output_numpy,246,4.382
L02_seed2026,preprocess_validation_and_transform,246,0.0565
L02_seed2026,compiled_model_output_numpy,247,4.293
L02_seed2026,preprocess_validation_and_transform,247,0.0575
L02_seed2026,compiled_model_output_numpy,248,5.5423
L02_seed2026,preprocess_validation_and_transform,248,0.0717
L02_seed2026,compiled_model_output_numpy,249,4.5975
L02_seed2026,preprocess_validation_and_transform,249,0.0605
L02_seed2026,compiled_model_output_numpy,250,4.4182
L02_seed2026,preprocess_validation_and_transform,250,0.0562
L02_seed2026,compiled_model_output_numpy,251,5.1607
L02_seed2026,preprocess_validation_and_transform,251,0.0543
L02_seed2026,compiled_model_output_numpy,252,4.3235
L02_seed2026,preprocess_validation_and_transform,252,0.0578
L02_seed2026,compiled_model_output_numpy,253,4.3262
L02_seed2026,preprocess_validation_and_transform,253,0.0586
L02_seed2026,compiled_model_output_numpy,254,5.0003
L02_seed2026,preprocess_validation_and_transform,254,0.0565
L02_seed2026,compiled_model_output_numpy,255,6.0149
L02_seed2026,preprocess_validation_and_transform,255,0.0865
L02_seed2026,compiled_model_output_numpy,256,4.7516
L02_seed2026,preprocess_validation_and_transform,256,0.0672
L02_seed2026,compiled_model_output_numpy,257,5.9416
L02_seed2026,preprocess_validation_and_transform,257,0.1085
L02_seed2026,compiled_model_output_numpy,258,5.6369
L02_seed2026,preprocess_validation_and_transform,258,0.0669
L02_seed2026,compiled_model_output_numpy,259,4.6019
L02_seed2026,preprocess_validation_and_transform,259,0.0863
L02_seed2026,compiled_model_output_numpy,260,4.4172
L02_seed2026,preprocess_validation_and_transform,260,0.0589
L02_seed2026,compiled_model_output_numpy,261,4.3636
L02_seed2026,preprocess_validation_and_transform,261,0.0881
L02_seed2026,compiled_model_output_numpy,262,4.8116
L02_seed2026,preprocess_validation_and_transform,262,0.0648
L02_seed2026,compiled_model_output_numpy,263,5.3645
L02_seed2026,preprocess_validation_and_transform,263,0.0683
L02_seed2026,compiled_model_output_numpy,264,6.0746
L02_seed2026,preprocess_validation_and_transform,264,0.0605
L02_seed2026,compiled_model_output_numpy,265,4.4801
L02_seed2026,preprocess_validation_and_transform,265,0.0587
L02_seed2026,compiled_model_output_numpy,266,4.4272
L02_seed2026,preprocess_validation_and_transform,266,0.0598
L02_seed2026,compiled_model_output_numpy,267,4.0906
L02_seed2026,preprocess_validation_and_transform,267,0.0561
L02_seed2026,compiled_model_output_numpy,268,4.4947
L02_seed2026,preprocess_validation_and_transform,268,0.0627
L02_seed2026,compiled_model_output_numpy,269,4.1438
L02_seed2026,preprocess_validation_and_transform,269,0.0574
L02_seed2026,compiled_model_output_numpy,270,4.1871
L02_seed2026,preprocess_validation_and_transform,270,0.0568
L02_seed2026,compiled_model_output_numpy,271,4.1089
L02_seed2026,preprocess_validation_and_transform,271,0.0561
L02_seed2026,compiled_model_output_numpy,272,4.1548
L02_seed2026,preprocess_validation_and_transform,272,0.0551
L02_seed2026,compiled_model_output_numpy,273,4.2913
L02_seed2026,preprocess_validation_and_transform,273,0.0531
L02_seed2026,compiled_model_output_numpy,274,4.1221
L02_seed2026,preprocess_validation_and_transform,274,0.0484
L02_seed2026,compiled_model_output_numpy,275,4.2851
L02_seed2026,preprocess_validation_and_transform,275,0.1052
L02_seed2026,compiled_model_output_numpy,276,5.3637
L02_seed2026,preprocess_validation_and_transform,276,0.0599
L02_seed2026,compiled_model_output_numpy,277,4.2813
L02_seed2026,preprocess_validation_and_transform,277,0.06
L02_seed2026,compiled_model_output_numpy,278,4.3231
L02_seed2026,preprocess_validation_and_transform,278,0.0639
L02_seed2026,compiled_model_output_numpy,279,4.9534
L02_seed2026,preprocess_validation_and_transform,279,0.062
L02_seed2026,compiled_model_output_numpy,280,4.2608
L02_seed2026,preprocess_validation_and_transform,280,0.0565
L02_seed2026,compiled_model_output_numpy,281,4.0942
L02_seed2026,preprocess_validation_and_transform,281,0.0578
L02_seed2026,compiled_model_output_numpy,282,4.2308
L02_seed2026,preprocess_validation_and_transform,282,0.0512
L02_seed2026,compiled_model_output_numpy,283,4.0352
L02_seed2026,preprocess_validation_and_transform,283,0.0551
L02_seed2026,compiled_model_output_numpy,284,3.9619
L02_seed2026,preprocess_validation_and_transform,284,0.0519
L02_seed2026,compiled_model_output_numpy,285,4.3417
L02_seed2026,preprocess_validation_and_transform,285,0.0773
L02_seed2026,compiled_model_output_numpy,286,7.1897
L02_seed2026,preprocess_validation_and_transform,286,0.0954
L02_seed2026,compiled_model_output_numpy,287,4.759
L02_seed2026,preprocess_validation_and_transform,287,0.0736
L02_seed2026,compiled_model_output_numpy,288,6.3675
L02_seed2026,preprocess_validation_and_transform,288,0.0957
L02_seed2026,compiled_model_output_numpy,289,4.3836
L02_seed2026,preprocess_validation_and_transform,289,0.0695
L02_seed2026,compiled_model_output_numpy,290,4.1661
L02_seed2026,preprocess_validation_and_transform,290,0.0623
L02_seed2026,compiled_model_output_numpy,291,4.4886
L02_seed2026,preprocess_validation_and_transform,291,0.0546
L02_seed2026,compiled_model_output_numpy,292,4.3149
L02_seed2026,preprocess_validation_and_transform,292,0.0529
L02_seed2026,compiled_model_output_numpy,293,4.2997
L02_seed2026,preprocess_validation_and_transform,293,0.0586
L02_seed2026,compiled_model_output_numpy,294,4.1768
L02_seed2026,preprocess_validation_and_transform,294,0.0551
L02_seed2026,compiled_model_output_numpy,295,4.3865
L02_seed2026,preprocess_validation_and_transform,295,0.059
L02_seed2026,compiled_model_output_numpy,296,6.4344
L02_seed2026,preprocess_validation_and_transform,296,0.0569
L02_seed2026,compiled_model_output_numpy,297,4.4243
L02_seed2026,preprocess_validation_and_transform,297,0.0586
L02_seed2026,compiled_model_output_numpy,298,4.7004
L02_seed2026,preprocess_validation_and_transform,298,0.0574
L02_seed2026,compiled_model_output_numpy,299,4.216
L02_seed2026,preprocess_validation_and_transform,299,0.0574
L02_seed2026,compiled_model_output_numpy,300,5.4926
L02_seed2026,preprocess_validation_and_transform,300,0.0576
L02_seed2026,compiled_model_output_numpy,301,4.2372
L02_seed2026,preprocess_validation_and_transform,301,0.0581
L02_seed2026,compiled_model_output_numpy,302,4.1988
L02_seed2026,preprocess_validation_and_transform,302,0.0576
L02_seed2026,compiled_model_output_numpy,303,4.1889
L02_seed2026,preprocess_validation_and_transform,303,0.0594
L02_seed2026,compiled_model_output_numpy,304,4.5327
L02_seed2026,preprocess_validation_and_transform,304,0.0899
L02_seed2026,compiled_model_output_numpy,305,5.1042
L02_seed2026,preprocess_validation_and_transform,305,0.0666
L02_seed2026,compiled_model_output_numpy,306,4.2964
L02_seed2026,preprocess_validation_and_transform,306,0.0748
L02_seed2026,compiled_model_output_numpy,307,4.4603
L02_seed2026,preprocess_validation_and_transform,307,0.0558
L02_seed2026,compiled_model_output_numpy,308,4.6744
L02_seed2026,preprocess_validation_and_transform,308,0.066
L02_seed2026,compiled_model_output_numpy,309,5.9252
L02_seed2026,preprocess_validation_and_transform,309,0.1164
L02_seed2026,compiled_model_output_numpy,310,4.1435
L02_seed2026,preprocess_validation_and_transform,310,0.0568
L02_seed2026,compiled_model_output_numpy,311,4.4793
L02_seed2026,preprocess_validation_and_transform,311,0.055
L02_seed2026,compiled_model_output_numpy,312,4.1717
L02_seed2026,preprocess_validation_and_transform,312,0.0558
L02_seed2026,compiled_model_output_numpy,313,4.7798
L02_seed2026,preprocess_validation_and_transform,313,0.0561
L02_seed2026,compiled_model_output_numpy,314,5.4926
L02_seed2026,preprocess_validation_and_transform,314,0.0583
L02_seed2026,compiled_model_output_numpy,315,4.4472
L02_seed2026,preprocess_validation_and_transform,315,0.0567
L02_seed2026,compiled_model_output_numpy,316,4.3264
L02_seed2026,preprocess_validation_and_transform,316,0.0579
L02_seed2026,compiled_model_output_numpy,317,4.5472
L02_seed2026,preprocess_validation_and_transform,317,0.0585
L02_seed2026,compiled_model_output_numpy,318,4.2395
L02_seed2026,preprocess_validation_and_transform,318,0.058
L02_seed2026,compiled_model_output_numpy,319,4.4017
L02_seed2026,preprocess_validation_and_transform,319,0.0621
L02_seed2026,compiled_model_output_numpy,320,4.3213
L02_seed2026,preprocess_validation_and_transform,320,0.0606
L02_seed2026,compiled_model_output_numpy,321,4.038
L02_seed2026,preprocess_validation_and_transform,321,0.0574
L02_seed2026,compiled_model_output_numpy,322,4.1836
L02_seed2026,preprocess_validation_and_transform,322,0.0612
L02_seed2026,compiled_model_output_numpy,323,4.3636
L02_seed2026,preprocess_validation_and_transform,323,0.0863
L02_seed2026,compiled_model_output_numpy,324,4.3298
L02_seed2026,preprocess_validation_and_transform,324,0.0584
L02_seed2026,compiled_model_output_numpy,325,4.1623
L02_seed2026,preprocess_validation_and_transform,325,0.0574
L02_seed2026,compiled_model_output_numpy,326,4.2849
L02_seed2026,preprocess_validation_and_transform,326,0.055
L02_seed2026,compiled_model_output_numpy,327,4.6365
L02_seed2026,preprocess_validation_and_transform,327,0.0877
L02_seed2026,compiled_model_output_numpy,328,4.5016
L02_seed2026,preprocess_validation_and_transform,328,0.0677
L02_seed2026,compiled_model_output_numpy,329,4.51
L02_seed2026,preprocess_validation_and_transform,329,0.0619
L02_seed2026,compiled_model_output_numpy,330,5.3801
L02_seed2026,preprocess_validation_and_transform,330,0.0576
L02_seed2026,compiled_model_output_numpy,331,4.4447
L02_seed2026,preprocess_validation_and_transform,331,0.0529
L02_seed2026,compiled_model_output_numpy,332,4.2511
L02_seed2026,preprocess_validation_and_transform,332,0.0552
L02_seed2026,compiled_model_output_numpy,333,4.8931
L02_seed2026,preprocess_validation_and_transform,333,0.0594
L02_seed2026,compiled_model_output_numpy,334,5.6194
L02_seed2026,preprocess_validation_and_transform,334,0.0896
L02_seed2026,compiled_model_output_numpy,335,4.5203
L02_seed2026,preprocess_validation_and_transform,335,0.0696
L02_seed2026,compiled_model_output_numpy,336,5.9016
L02_seed2026,preprocess_validation_and_transform,336,0.0627
L02_seed2026,compiled_model_output_numpy,337,4.6363
L02_seed2026,preprocess_validation_and_transform,337,0.0629
L02_seed2026,compiled_model_output_numpy,338,4.3863
L02_seed2026,preprocess_validation_and_transform,338,0.0653
L02_seed2026,compiled_model_output_numpy,339,5.5206
L02_seed2026,preprocess_validation_and_transform,339,0.0664
L02_seed2026,compiled_model_output_numpy,340,4.2103
L02_seed2026,preprocess_validation_and_transform,340,0.0624
L02_seed2026,compiled_model_output_numpy,341,4.2352
L02_seed2026,preprocess_validation_and_transform,341,0.0584
L02_seed2026,compiled_model_output_numpy,342,4.0848
L02_seed2026,preprocess_validation_and_transform,342,0.0557
L02_seed2026,compiled_model_output_numpy,343,4.0322
L02_seed2026,preprocess_validation_and_transform,343,0.0483
L02_seed2026,compiled_model_output_numpy,344,4.8695
L02_seed2026,preprocess_validation_and_transform,344,0.0471
L02_seed2026,compiled_model_output_numpy,345,5.892
L02_seed2026,preprocess_validation_and_transform,345,0.088
L02_seed2026,compiled_model_output_numpy,346,5.5183
L02_seed2026,preprocess_validation_and_transform,346,0.0962
L02_seed2026,compiled_model_output_numpy,347,5.3641
L02_seed2026,preprocess_validation_and_transform,347,0.0677
L02_seed2026,compiled_model_output_numpy,348,7.7517
L02_seed2026,preprocess_validation_and_transform,348,0.0965
L02_seed2026,compiled_model_output_numpy,349,7.4404
L02_seed2026,preprocess_validation_and_transform,349,0.0753
L02_seed2026,compiled_model_output_numpy,350,4.8951
L02_seed2026,preprocess_validation_and_transform,350,0.0581
L02_seed2026,compiled_model_output_numpy,351,4.1719
L02_seed2026,preprocess_validation_and_transform,351,0.0607
L02_seed2026,compiled_model_output_numpy,352,4.1877
L02_seed2026,preprocess_validation_and_transform,352,0.0606
L02_seed2026,compiled_model_output_numpy,353,4.2305
L02_seed2026,preprocess_validation_and_transform,353,0.0597
L02_seed2026,compiled_model_output_numpy,354,5.4485
L02_seed2026,preprocess_validation_and_transform,354,0.0612
L02_seed2026,compiled_model_output_numpy,355,4.5656
L02_seed2026,preprocess_validation_and_transform,355,0.0592
L02_seed2026,compiled_model_output_numpy,356,4.0929
L02_seed2026,preprocess_validation_and_transform,356,0.0574
L02_seed2026,compiled_model_output_numpy,357,4.2632
L02_seed2026,preprocess_validation_and_transform,357,0.056
L02_seed2026,compiled_model_output_numpy,358,4.2917
L02_seed2026,preprocess_validation_and_transform,358,0.0541
L02_seed2026,compiled_model_output_numpy,359,4.1274
L02_seed2026,preprocess_validation_and_transform,359,0.0519
L02_seed2026,compiled_model_output_numpy,360,4.1312
L02_seed2026,preprocess_validation_and_transform,360,0.0514
L02_seed2026,compiled_model_output_numpy,361,4.098
L02_seed2026,preprocess_validation_and_transform,361,0.0566
L02_seed2026,compiled_model_output_numpy,362,5.5599
L02_seed2026,preprocess_validation_and_transform,362,0.0565
L02_seed2026,compiled_model_output_numpy,363,4.0492
L02_seed2026,preprocess_validation_and_transform,363,0.0374
L02_seed2026,compiled_model_output_numpy,364,4.0052
L02_seed2026,preprocess_validation_and_transform,364,0.0551
L02_seed2026,compiled_model_output_numpy,365,4.492
L02_seed2026,preprocess_validation_and_transform,365,0.0556
L02_seed2026,compiled_model_output_numpy,366,4.0726
L02_seed2026,preprocess_validation_and_transform,366,0.054
L02_seed2026,compiled_model_output_numpy,367,4.4914
L02_seed2026,preprocess_validation_and_transform,367,0.0504
L02_seed2026,compiled_model_output_numpy,368,4.1371
L02_seed2026,preprocess_validation_and_transform,368,0.0517
L02_seed2026,compiled_model_output_numpy,369,4.228
L02_seed2026,preprocess_validation_and_transform,369,0.0518
L02_seed2026,compiled_model_output_numpy,370,4.667
L02_seed2026,preprocess_validation_and_transform,370,0.0491
L02_seed2026,compiled_model_output_numpy,371,4.8269
L02_seed2026,preprocess_validation_and_transform,371,0.0549
L02_seed2026,compiled_model_output_numpy,372,4.6481
L02_seed2026,preprocess_validation_and_transform,372,0.0554
L02_seed2026,compiled_model_output_numpy,373,4.1136
L02_seed2026,preprocess_validation_and_transform,373,0.06
L02_seed2026,compiled_model_output_numpy,374,4.4694
L02_seed2026,preprocess_validation_and_transform,374,0.0603
L02_seed2026,compiled_model_output_numpy,375,4.4362
L02_seed2026,preprocess_validation_and_transform,375,0.0515
L02_seed2026,compiled_model_output_numpy,376,5.1406
L02_seed2026,preprocess_validation_and_transform,376,0.0596
L02_seed2026,compiled_model_output_numpy,377,4.7085
L02_seed2026,preprocess_validation_and_transform,377,0.0604
L02_seed2026,compiled_model_output_numpy,378,6.4972
L02_seed2026,preprocess_validation_and_transform,378,0.0607
L02_seed2026,compiled_model_output_numpy,379,4.3872
L02_seed2026,preprocess_validation_and_transform,379,0.0553
L02_seed2026,compiled_model_output_numpy,380,4.27
L02_seed2026,preprocess_validation_and_transform,380,0.0507
L02_seed2026,compiled_model_output_numpy,381,4.1576
L02_seed2026,preprocess_validation_and_transform,381,0.0529
L02_seed2026,compiled_model_output_numpy,382,4.4457
L02_seed2026,preprocess_validation_and_transform,382,0.0564
L02_seed2026,compiled_model_output_numpy,383,4.1609
L02_seed2026,preprocess_validation_and_transform,383,0.0575
L02_seed2026,compiled_model_output_numpy,384,4.21
L02_seed2026,preprocess_validation_and_transform,384,0.0556
L02_seed2026,compiled_model_output_numpy,385,4.1977
L02_seed2026,preprocess_validation_and_transform,385,0.0583
L02_seed2026,compiled_model_output_numpy,386,4.3228
L02_seed2026,preprocess_validation_and_transform,386,0.0583
L02_seed2026,compiled_model_output_numpy,387,4.0636
L02_seed2026,preprocess_validation_and_transform,387,0.0399
L02_seed2026,compiled_model_output_numpy,388,4.1747
L02_seed2026,preprocess_validation_and_transform,388,0.0555
L02_seed2026,compiled_model_output_numpy,389,4.0225
L02_seed2026,preprocess_validation_and_transform,389,0.0509
L02_seed2026,compiled_model_output_numpy,390,4.5071
L02_seed2026,preprocess_validation_and_transform,390,0.0581
L02_seed2026,compiled_model_output_numpy,391,4.4815
L02_seed2026,preprocess_validation_and_transform,391,0.0598
L02_seed2026,compiled_model_output_numpy,392,4.1619
L02_seed2026,preprocess_validation_and_transform,392,0.0574
L02_seed2026,compiled_model_output_numpy,393,4.2988
L02_seed2026,preprocess_validation_and_transform,393,0.0598
L02_seed2026,compiled_model_output_numpy,394,4.2142
L02_seed2026,preprocess_validation_and_transform,394,0.0569
L02_seed2026,compiled_model_output_numpy,395,4.5201
L02_seed2026,preprocess_validation_and_transform,395,0.0548
L02_seed2026,compiled_model_output_numpy,396,4.0569
L02_seed2026,preprocess_validation_and_transform,396,0.0485
L02_seed2026,compiled_model_output_numpy,397,4.4573
L02_seed2026,preprocess_validation_and_transform,397,0.0582
L02_seed2026,compiled_model_output_numpy,398,4.9636
L02_seed2026,preprocess_validation_and_transform,398,0.0572
L02_seed2026,compiled_model_output_numpy,399,4.6907
L02_seed2026,preprocess_validation_and_transform,399,0.0597
L02_seed2026,compiled_model_output_numpy,400,5.4019
L02_seed2026,preprocess_validation_and_transform,400,0.0585
L02_seed2026,compiled_model_output_numpy,401,4.2541
L02_seed2026,preprocess_validation_and_transform,401,0.0572
L02_seed2026,compiled_model_output_numpy,402,4.2566
L02_seed2026,preprocess_validation_and_transform,402,0.1727
L02_seed2026,compiled_model_output_numpy,403,4.122
L02_seed2026,preprocess_validation_and_transform,403,0.058
L02_seed2026,compiled_model_output_numpy,404,4.0666
L02_seed2026,preprocess_validation_and_transform,404,0.0569
L02_seed2026,compiled_model_output_numpy,405,4.188
L02_seed2026,preprocess_validation_and_transform,405,0.0567
L02_seed2026,compiled_model_output_numpy,406,6.626
L02_seed2026,preprocess_validation_and_transform,406,0.0598
L02_seed2026,compiled_model_output_numpy,407,8.012
L02_seed2026,preprocess_validation_and_transform,407,0.0625
L02_seed2026,compiled_model_output_numpy,408,5.0864
L02_seed2026,preprocess_validation_and_transform,408,0.0561
L02_seed2026,compiled_model_output_numpy,409,4.3359
L02_seed2026,preprocess_validation_and_transform,409,0.0549
L02_seed2026,compiled_model_output_numpy,410,4.189
L02_seed2026,preprocess_validation_and_transform,410,0.0503
L02_seed2026,compiled_model_output_numpy,411,4.1558
L02_seed2026,preprocess_validation_and_transform,411,0.0515
L02_seed2026,compiled_model_output_numpy,412,4.0145
L02_seed2026,preprocess_validation_and_transform,412,0.0531
L02_seed2026,compiled_model_output_numpy,413,4.6643
L02_seed2026,preprocess_validation_and_transform,413,0.0481
L02_seed2026,compiled_model_output_numpy,414,5.5886
L02_seed2026,preprocess_validation_and_transform,414,0.0567
L02_seed2026,compiled_model_output_numpy,415,4.1216
L02_seed2026,preprocess_validation_and_transform,415,0.0577
L02_seed2026,compiled_model_output_numpy,416,4.7617
L02_seed2026,preprocess_validation_and_transform,416,0.0578
L02_seed2026,compiled_model_output_numpy,417,5.4432
L02_seed2026,preprocess_validation_and_transform,417,0.0595
L02_seed2026,compiled_model_output_numpy,418,4.4719
L02_seed2026,preprocess_validation_and_transform,418,0.0589
L02_seed2026,compiled_model_output_numpy,419,4.2133
L02_seed2026,preprocess_validation_and_transform,419,0.0541
L02_seed2026,compiled_model_output_numpy,420,4.5071
L02_seed2026,preprocess_validation_and_transform,420,0.0546
L02_seed2026,compiled_model_output_numpy,421,4.522
L02_seed2026,preprocess_validation_and_transform,421,0.0536
L02_seed2026,compiled_model_output_numpy,422,4.1913
L02_seed2026,preprocess_validation_and_transform,422,0.0382
L02_seed2026,compiled_model_output_numpy,423,4.0868
L02_seed2026,preprocess_validation_and_transform,423,0.0611
L02_seed2026,compiled_model_output_numpy,424,3.9481
L02_seed2026,preprocess_validation_and_transform,424,0.1383
L02_seed2026,compiled_model_output_numpy,425,5.2815
L02_seed2026,preprocess_validation_and_transform,425,0.0528
L02_seed2026,compiled_model_output_numpy,426,5.1328
L02_seed2026,preprocess_validation_and_transform,426,0.0545
L02_seed2026,compiled_model_output_numpy,427,4.7394
L02_seed2026,preprocess_validation_and_transform,427,0.0569
L02_seed2026,compiled_model_output_numpy,428,4.0159
L02_seed2026,preprocess_validation_and_transform,428,0.0567
L02_seed2026,compiled_model_output_numpy,429,6.7436
L02_seed2026,preprocess_validation_and_transform,429,0.0572
L02_seed2026,compiled_model_output_numpy,430,6.0884
L02_seed2026,preprocess_validation_and_transform,430,0.0986
L02_seed2026,compiled_model_output_numpy,431,4.1234
L02_seed2026,preprocess_validation_and_transform,431,0.0575
L02_seed2026,compiled_model_output_numpy,432,4.1538
L02_seed2026,preprocess_validation_and_transform,432,0.0577
L02_seed2026,compiled_model_output_numpy,433,4.2509
L02_seed2026,preprocess_validation_and_transform,433,0.0522
L02_seed2026,compiled_model_output_numpy,434,4.0173
L02_seed2026,preprocess_validation_and_transform,434,0.0513
L02_seed2026,compiled_model_output_numpy,435,4.0499
L02_seed2026,preprocess_validation_and_transform,435,0.0554
L02_seed2026,compiled_model_output_numpy,436,4.08
L02_seed2026,preprocess_validation_and_transform,436,0.0554
L02_seed2026,compiled_model_output_numpy,437,5.4631
L02_seed2026,preprocess_validation_and_transform,437,0.055
L02_seed2026,compiled_model_output_numpy,438,4.0875
L02_seed2026,preprocess_validation_and_transform,438,0.0476
L02_seed2026,compiled_model_output_numpy,439,4.0285
L02_seed2026,preprocess_validation_and_transform,439,0.0514
L02_seed2026,compiled_model_output_numpy,440,4.2609
L02_seed2026,preprocess_validation_and_transform,440,0.0553
L02_seed2026,compiled_model_output_numpy,441,4.3616
L02_seed2026,preprocess_validation_and_transform,441,0.0537
L02_seed2026,compiled_model_output_numpy,442,4.2495
L02_seed2026,preprocess_validation_and_transform,442,0.0571
L02_seed2026,compiled_model_output_numpy,443,4.4041
L02_seed2026,preprocess_validation_and_transform,443,0.0563
L02_seed2026,compiled_model_output_numpy,444,5.8551
L02_seed2026,preprocess_validation_and_transform,444,0.0556
L02_seed2026,compiled_model_output_numpy,445,4.1847
L02_seed2026,preprocess_validation_and_transform,445,0.0567
L02_seed2026,compiled_model_output_numpy,446,4.317
L02_seed2026,preprocess_validation_and_transform,446,0.0559
L02_seed2026,compiled_model_output_numpy,447,4.128
L02_seed2026,preprocess_validation_and_transform,447,0.0545
L02_seed2026,compiled_model_output_numpy,448,4.4359
L02_seed2026,preprocess_validation_and_transform,448,0.0566
L02_seed2026,compiled_model_output_numpy,449,4.237
L02_seed2026,preprocess_validation_and_transform,449,0.0536
L02_seed2026,compiled_model_output_numpy,450,4.9359
L02_seed2026,preprocess_validation_and_transform,450,0.0595
L02_seed2026,compiled_model_output_numpy,451,4.2532
L02_seed2026,preprocess_validation_and_transform,451,0.0551
L02_seed2026,compiled_model_output_numpy,452,4.3948
L02_seed2026,preprocess_validation_and_transform,452,0.0572
L02_seed2026,compiled_model_output_numpy,453,4.0997
L02_seed2026,preprocess_validation_and_transform,453,0.0385
L02_seed2026,compiled_model_output_numpy,454,4.2952
L02_seed2026,preprocess_validation_and_transform,454,0.0576
L02_seed2026,compiled_model_output_numpy,455,4.419
L02_seed2026,preprocess_validation_and_transform,455,0.0785
L02_seed2026,compiled_model_output_numpy,456,4.3172
L02_seed2026,preprocess_validation_and_transform,456,0.0599
L02_seed2026,compiled_model_output_numpy,457,4.2199
L02_seed2026,preprocess_validation_and_transform,457,0.0558
L02_seed2026,compiled_model_output_numpy,458,4.3205
L02_seed2026,preprocess_validation_and_transform,458,0.0608
L02_seed2026,compiled_model_output_numpy,459,5.3566
L02_seed2026,preprocess_validation_and_transform,459,0.0606
L02_seed2026,compiled_model_output_numpy,460,4.5412
L02_seed2026,preprocess_validation_and_transform,460,0.0583
L02_seed2026,compiled_model_output_numpy,461,4.331
L02_seed2026,preprocess_validation_and_transform,461,0.0584
L02_seed2026,compiled_model_output_numpy,462,6.5494
L02_seed2026,preprocess_validation_and_transform,462,0.1923
L02_seed2026,compiled_model_output_numpy,463,4.6383
L02_seed2026,preprocess_validation_and_transform,463,0.0616
L02_seed2026,compiled_model_output_numpy,464,5.2964
L02_seed2026,preprocess_validation_and_transform,464,0.0592
L02_seed2026,compiled_model_output_numpy,465,4.0402
L02_seed2026,preprocess_validation_and_transform,465,0.0558
L02_seed2026,compiled_model_output_numpy,466,4.7027
L02_seed2026,preprocess_validation_and_transform,466,0.0633
L02_seed2026,compiled_model_output_numpy,467,4.0925
L02_seed2026,preprocess_validation_and_transform,467,0.0596
L02_seed2026,compiled_model_output_numpy,468,6.604
L02_seed2026,preprocess_validation_and_transform,468,0.0997
L02_seed2026,compiled_model_output_numpy,469,6.55
L02_seed2026,preprocess_validation_and_transform,469,0.1038
L02_seed2026,compiled_model_output_numpy,470,5.6713
L02_seed2026,preprocess_validation_and_transform,470,0.1238
L02_seed2026,compiled_model_output_numpy,471,6.7018
L02_seed2026,preprocess_validation_and_transform,471,0.0769
L02_seed2026,compiled_model_output_numpy,472,6.4319
L02_seed2026,preprocess_validation_and_transform,472,0.0612
L02_seed2026,compiled_model_output_numpy,473,7.7665
L02_seed2026,preprocess_validation_and_transform,473,0.0632
L02_seed2026,compiled_model_output_numpy,474,6.3013
L02_seed2026,preprocess_validation_and_transform,474,0.0594
L02_seed2026,compiled_model_output_numpy,475,4.4152
L02_seed2026,preprocess_validation_and_transform,475,0.076
L02_seed2026,compiled_model_output_numpy,476,5.7246
L02_seed2026,preprocess_validation_and_transform,476,0.1404
L02_seed2026,compiled_model_output_numpy,477,4.3386
L02_seed2026,preprocess_validation_and_transform,477,0.0605
L02_seed2026,compiled_model_output_numpy,478,5.9102
L02_seed2026,preprocess_validation_and_transform,478,0.0598
L02_seed2026,compiled_model_output_numpy,479,4.2001
L02_seed2026,preprocess_validation_and_transform,479,0.0573
L02_seed2026,compiled_model_output_numpy,480,4.357
L02_seed2026,preprocess_validation_and_transform,480,0.054
L02_seed2026,compiled_model_output_numpy,481,4.9077
L02_seed2026,preprocess_validation_and_transform,481,0.0928
L02_seed2026,compiled_model_output_numpy,482,4.6695
L02_seed2026,preprocess_validation_and_transform,482,0.067
L02_seed2026,compiled_model_output_numpy,483,4.3771
L02_seed2026,preprocess_validation_and_transform,483,0.0554
L02_seed2026,compiled_model_output_numpy,484,4.8357
L02_seed2026,preprocess_validation_and_transform,484,0.088
L02_seed2026,compiled_model_output_numpy,485,4.5411
L02_seed2026,preprocess_validation_and_transform,485,0.068
L02_seed2026,compiled_model_output_numpy,486,4.6936
L02_seed2026,preprocess_validation_and_transform,486,0.061
L02_seed2026,compiled_model_output_numpy,487,4.4353
L02_seed2026,preprocess_validation_and_transform,487,0.0919
L02_seed2026,compiled_model_output_numpy,488,4.5929
L02_seed2026,preprocess_validation_and_transform,488,0.0636
L02_seed2026,compiled_model_output_numpy,489,7.1867
L02_seed2026,preprocess_validation_and_transform,489,0.2296
L02_seed2026,compiled_model_output_numpy,490,4.8219
L02_seed2026,preprocess_validation_and_transform,490,0.0973
L02_seed2026,compiled_model_output_numpy,491,7.8787
L02_seed2026,preprocess_validation_and_transform,491,0.1145
L02_seed2026,compiled_model_output_numpy,492,8.1912
L02_seed2026,preprocess_validation_and_transform,492,0.0689
L02_seed2026,compiled_model_output_numpy,493,4.667
L02_seed2026,preprocess_validation_and_transform,493,0.085
L02_seed2026,compiled_model_output_numpy,494,6.2686
L02_seed2026,preprocess_validation_and_transform,494,0.1003
L02_seed2026,compiled_model_output_numpy,495,8.2368
L02_seed2026,preprocess_validation_and_transform,495,0.074
L02_seed2026,compiled_model_output_numpy,496,7.3184
L02_seed2026,preprocess_validation_and_transform,496,0.1011
L02_seed2026,compiled_model_output_numpy,497,4.4578
L02_seed2026,preprocess_validation_and_transform,497,0.0727
L02_seed2026,compiled_model_output_numpy,498,4.4416
L02_seed2026,preprocess_validation_and_transform,498,0.0564
L02_seed2026,compiled_model_output_numpy,499,8.0876
L02_seed2026,preprocess_validation_and_transform,499,0.067
L02_seed2027,compiled_model_output_numpy,0,8.137
L02_seed2027,preprocess_validation_and_transform,0,0.0703
L02_seed2027,compiled_model_output_numpy,1,6.0658
L02_seed2027,preprocess_validation_and_transform,1,0.06
L02_seed2027,compiled_model_output_numpy,2,4.1432
L02_seed2027,preprocess_validation_and_transform,2,0.0561
L02_seed2027,compiled_model_output_numpy,3,6.3839
L02_seed2027,preprocess_validation_and_transform,3,0.0601
L02_seed2027,compiled_model_output_numpy,4,5.1653
L02_seed2027,preprocess_validation_and_transform,4,0.0622
L02_seed2027,compiled_model_output_numpy,5,4.65
L02_seed2027,preprocess_validation_and_transform,5,0.0628
L02_seed2027,compiled_model_output_numpy,6,4.2512
L02_seed2027,preprocess_validation_and_transform,6,0.0468
L02_seed2027,compiled_model_output_numpy,7,6.019
L02_seed2027,preprocess_validation_and_transform,7,0.0608
L02_seed2027,compiled_model_output_numpy,8,4.2407
L02_seed2027,preprocess_validation_and_transform,8,0.0587
L02_seed2027,compiled_model_output_numpy,9,4.474
L02_seed2027,preprocess_validation_and_transform,9,0.0603
L02_seed2027,compiled_model_output_numpy,10,4.1531
L02_seed2027,preprocess_validation_and_transform,10,0.0582
L02_seed2027,compiled_model_output_numpy,11,4.5141
L02_seed2027,preprocess_validation_and_transform,11,0.0586
L02_seed2027,compiled_model_output_numpy,12,4.1061
L02_seed2027,preprocess_validation_and_transform,12,0.057
L02_seed2027,compiled_model_output_numpy,13,4.2283
L02_seed2027,preprocess_validation_and_transform,13,0.0582
L02_seed2027,compiled_model_output_numpy,14,4.4743
L02_seed2027,preprocess_validation_and_transform,14,0.0614
L02_seed2027,compiled_model_output_numpy,15,4.0915
L02_seed2027,preprocess_validation_and_transform,15,0.0862
L02_seed2027,compiled_model_output_numpy,16,4.4913
L02_seed2027,preprocess_validation_and_transform,16,0.0674
L02_seed2027,compiled_model_output_numpy,17,4.2074
L02_seed2027,preprocess_validation_and_transform,17,0.0645
L02_seed2027,compiled_model_output_numpy,18,4.4295
L02_seed2027,preprocess_validation_and_transform,18,0.0593
L02_seed2027,compiled_model_output_numpy,19,4.2736
L02_seed2027,preprocess_validation_and_transform,19,0.0587
L02_seed2027,compiled_model_output_numpy,20,5.1653
L02_seed2027,preprocess_validation_and_transform,20,0.0523
L02_seed2027,compiled_model_output_numpy,21,4.6571
L02_seed2027,preprocess_validation_and_transform,21,0.0586
L02_seed2027,compiled_model_output_numpy,22,4.3578
L02_seed2027,preprocess_validation_and_transform,22,0.0545
L02_seed2027,compiled_model_output_numpy,23,4.3248
L02_seed2027,preprocess_validation_and_transform,23,0.0594
L02_seed2027,compiled_model_output_numpy,24,4.2557
L02_seed2027,preprocess_validation_and_transform,24,0.0614
L02_seed2027,compiled_model_output_numpy,25,8.199
L02_seed2027,preprocess_validation_and_transform,25,0.1144
L02_seed2027,compiled_model_output_numpy,26,8.682
L02_seed2027,preprocess_validation_and_transform,26,0.1173
L02_seed2027,compiled_model_output_numpy,27,8.6676
L02_seed2027,preprocess_validation_and_transform,27,0.0933
L02_seed2027,compiled_model_output_numpy,28,8.2448
L02_seed2027,preprocess_validation_and_transform,28,0.0943
L02_seed2027,compiled_model_output_numpy,29,8.0505
L02_seed2027,preprocess_validation_and_transform,29,0.092
L02_seed2027,compiled_model_output_numpy,30,6.7262
L02_seed2027,preprocess_validation_and_transform,30,0.0643
L02_seed2027,compiled_model_output_numpy,31,4.4171
L02_seed2027,preprocess_validation_and_transform,31,0.0576
L02_seed2027,compiled_model_output_numpy,32,4.4018
L02_seed2027,preprocess_validation_and_transform,32,0.0609
L02_seed2027,compiled_model_output_numpy,33,4.5387
L02_seed2027,preprocess_validation_and_transform,33,0.0566
L02_seed2027,compiled_model_output_numpy,34,7.5314
L02_seed2027,preprocess_validation_and_transform,34,0.0638
L02_seed2027,compiled_model_output_numpy,35,4.181
L02_seed2027,preprocess_validation_and_transform,35,0.0943
L02_seed2027,compiled_model_output_numpy,36,4.3435
L02_seed2027,preprocess_validation_and_transform,36,0.0533
L02_seed2027,compiled_model_output_numpy,37,4.2819
L02_seed2027,preprocess_validation_and_transform,37,0.0779
L02_seed2027,compiled_model_output_numpy,38,4.35
L02_seed2027,preprocess_validation_and_transform,38,0.0932
L02_seed2027,compiled_model_output_numpy,39,4.6701
L02_seed2027,preprocess_validation_and_transform,39,0.1049
L02_seed2027,compiled_model_output_numpy,40,6.4783
L02_seed2027,preprocess_validation_and_transform,40,0.0679
L02_seed2027,compiled_model_output_numpy,41,4.4771
L02_seed2027,preprocess_validation_and_transform,41,0.0661
L02_seed2027,compiled_model_output_numpy,42,5.0312
L02_seed2027,preprocess_validation_and_transform,42,0.0954
L02_seed2027,compiled_model_output_numpy,43,4.8114
L02_seed2027,preprocess_validation_and_transform,43,0.0766
L02_seed2027,compiled_model_output_numpy,44,7.2954
L02_seed2027,preprocess_validation_and_transform,44,0.0696
L02_seed2027,compiled_model_output_numpy,45,5.4351
L02_seed2027,preprocess_validation_and_transform,45,0.0673
L02_seed2027,compiled_model_output_numpy,46,4.8464
L02_seed2027,preprocess_validation_and_transform,46,0.0668
L02_seed2027,compiled_model_output_numpy,47,7.5599
L02_seed2027,preprocess_validation_and_transform,47,0.1013
L02_seed2027,compiled_model_output_numpy,48,8.1656
L02_seed2027,preprocess_validation_and_transform,48,0.0977
L02_seed2027,compiled_model_output_numpy,49,6.8173
L02_seed2027,preprocess_validation_and_transform,49,0.0812
L02_seed2027,compiled_model_output_numpy,50,5.3564
L02_seed2027,preprocess_validation_and_transform,50,0.0638
L02_seed2027,compiled_model_output_numpy,51,6.8171
L02_seed2027,preprocess_validation_and_transform,51,0.0903
L02_seed2027,compiled_model_output_numpy,52,6.8594
L02_seed2027,preprocess_validation_and_transform,52,0.1065
L02_seed2027,compiled_model_output_numpy,53,8.2862
L02_seed2027,preprocess_validation_and_transform,53,0.1089
L02_seed2027,compiled_model_output_numpy,54,4.532
L02_seed2027,preprocess_validation_and_transform,54,0.0725
L02_seed2027,compiled_model_output_numpy,55,4.4676
L02_seed2027,preprocess_validation_and_transform,55,0.0599
L02_seed2027,compiled_model_output_numpy,56,4.1849
L02_seed2027,preprocess_validation_and_transform,56,0.051
L02_seed2027,compiled_model_output_numpy,57,4.0009
L02_seed2027,preprocess_validation_and_transform,57,0.0918
L02_seed2027,compiled_model_output_numpy,58,4.3154
L02_seed2027,preprocess_validation_and_transform,58,0.0554
L02_seed2027,compiled_model_output_numpy,59,6.1689
L02_seed2027,preprocess_validation_and_transform,59,0.0567
L02_seed2027,compiled_model_output_numpy,60,4.6776
L02_seed2027,preprocess_validation_and_transform,60,0.0576
L02_seed2027,compiled_model_output_numpy,61,4.1027
L02_seed2027,preprocess_validation_and_transform,61,0.0548
L02_seed2027,compiled_model_output_numpy,62,4.4598
L02_seed2027,preprocess_validation_and_transform,62,0.058
L02_seed2027,compiled_model_output_numpy,63,10.9955
L02_seed2027,preprocess_validation_and_transform,63,0.0676
L02_seed2027,compiled_model_output_numpy,64,8.0294
L02_seed2027,preprocess_validation_and_transform,64,0.1076
L02_seed2027,compiled_model_output_numpy,65,8.2741
L02_seed2027,preprocess_validation_and_transform,65,0.093
L02_seed2027,compiled_model_output_numpy,66,8.0837
L02_seed2027,preprocess_validation_and_transform,66,0.0922
L02_seed2027,compiled_model_output_numpy,67,7.9932
L02_seed2027,preprocess_validation_and_transform,67,0.0918
L02_seed2027,compiled_model_output_numpy,68,8.0388
L02_seed2027,preprocess_validation_and_transform,68,0.0931
L02_seed2027,compiled_model_output_numpy,69,7.9396
L02_seed2027,preprocess_validation_and_transform,69,0.0966
L02_seed2027,compiled_model_output_numpy,70,6.1268
L02_seed2027,preprocess_validation_and_transform,70,0.0881
L02_seed2027,compiled_model_output_numpy,71,4.5291
L02_seed2027,preprocess_validation_and_transform,71,0.0894
L02_seed2027,compiled_model_output_numpy,72,5.68
L02_seed2027,preprocess_validation_and_transform,72,0.0603
L02_seed2027,compiled_model_output_numpy,73,4.2952
L02_seed2027,preprocess_validation_and_transform,73,0.0568
L02_seed2027,compiled_model_output_numpy,74,5.836
L02_seed2027,preprocess_validation_and_transform,74,0.0589
L02_seed2027,compiled_model_output_numpy,75,7.945
L02_seed2027,preprocess_validation_and_transform,75,0.0574
L02_seed2027,compiled_model_output_numpy,76,7.6107
L02_seed2027,preprocess_validation_and_transform,76,0.0938
L02_seed2027,compiled_model_output_numpy,77,6.4192
L02_seed2027,preprocess_validation_and_transform,77,0.1043
L02_seed2027,compiled_model_output_numpy,78,7.8859
L02_seed2027,preprocess_validation_and_transform,78,0.0602
L02_seed2027,compiled_model_output_numpy,79,7.694
L02_seed2027,preprocess_validation_and_transform,79,0.0635
L02_seed2027,compiled_model_output_numpy,80,4.2324
L02_seed2027,preprocess_validation_and_transform,80,0.0604
L02_seed2027,compiled_model_output_numpy,81,4.3759
L02_seed2027,preprocess_validation_and_transform,81,0.0708
L02_seed2027,compiled_model_output_numpy,82,4.9468
L02_seed2027,preprocess_validation_and_transform,82,0.0982
L02_seed2027,compiled_model_output_numpy,83,8.6177
L02_seed2027,preprocess_validation_and_transform,83,0.1061
L02_seed2027,compiled_model_output_numpy,84,8.4241
L02_seed2027,preprocess_validation_and_transform,84,0.0992
L02_seed2027,compiled_model_output_numpy,85,8.2576
L02_seed2027,preprocess_validation_and_transform,85,0.1108
L02_seed2027,compiled_model_output_numpy,86,8.462
L02_seed2027,preprocess_validation_and_transform,86,0.1157
L02_seed2027,compiled_model_output_numpy,87,8.4203
L02_seed2027,preprocess_validation_and_transform,87,0.1071
L02_seed2027,compiled_model_output_numpy,88,8.5566
L02_seed2027,preprocess_validation_and_transform,88,0.084
L02_seed2027,compiled_model_output_numpy,89,5.8933
L02_seed2027,preprocess_validation_and_transform,89,0.0641
L02_seed2027,compiled_model_output_numpy,90,7.0962
L02_seed2027,preprocess_validation_and_transform,90,0.1195
L02_seed2027,compiled_model_output_numpy,91,5.7424
L02_seed2027,preprocess_validation_and_transform,91,0.0608
L02_seed2027,compiled_model_output_numpy,92,7.9741
L02_seed2027,preprocess_validation_and_transform,92,0.0688
L02_seed2027,compiled_model_output_numpy,93,6.5371
L02_seed2027,preprocess_validation_and_transform,93,0.1089
L02_seed2027,compiled_model_output_numpy,94,6.447
L02_seed2027,preprocess_validation_and_transform,94,0.0774
L02_seed2027,compiled_model_output_numpy,95,4.2833
L02_seed2027,preprocess_validation_and_transform,95,0.0601
L02_seed2027,compiled_model_output_numpy,96,7.9051
L02_seed2027,preprocess_validation_and_transform,96,0.0963
L02_seed2027,compiled_model_output_numpy,97,6.4055
L02_seed2027,preprocess_validation_and_transform,97,0.1059
L02_seed2027,compiled_model_output_numpy,98,8.2097
L02_seed2027,preprocess_validation_and_transform,98,0.1493
L02_seed2027,compiled_model_output_numpy,99,8.5577
L02_seed2027,preprocess_validation_and_transform,99,0.0953
L02_seed2027,compiled_model_output_numpy,100,7.9059
L02_seed2027,preprocess_validation_and_transform,100,0.0892
L02_seed2027,compiled_model_output_numpy,101,4.6067
L02_seed2027,preprocess_validation_and_transform,101,0.0944
L02_seed2027,compiled_model_output_numpy,102,7.788
L02_seed2027,preprocess_validation_and_transform,102,0.0715
L02_seed2027,compiled_model_output_numpy,103,7.8963
L02_seed2027,preprocess_validation_and_transform,103,0.0757
L02_seed2027,compiled_model_output_numpy,104,4.4531
L02_seed2027,preprocess_validation_and_transform,104,0.0639
L02_seed2027,compiled_model_output_numpy,105,6.7629
L02_seed2027,preprocess_validation_and_transform,105,0.0686
L02_seed2027,compiled_model_output_numpy,106,4.291
L02_seed2027,preprocess_validation_and_transform,106,0.0648
L02_seed2027,compiled_model_output_numpy,107,4.416
L02_seed2027,preprocess_validation_and_transform,107,0.0622
L02_seed2027,compiled_model_output_numpy,108,4.2862
L02_seed2027,preprocess_validation_and_transform,108,0.0597
L02_seed2027,compiled_model_output_numpy,109,4.2864
L02_seed2027,preprocess_validation_and_transform,109,0.0587
L02_seed2027,compiled_model_output_numpy,110,7.4348
L02_seed2027,preprocess_validation_and_transform,110,0.1007
L02_seed2027,compiled_model_output_numpy,111,6.6691
L02_seed2027,preprocess_validation_and_transform,111,0.0693
L02_seed2027,compiled_model_output_numpy,112,4.8359
L02_seed2027,preprocess_validation_and_transform,112,0.0836
L02_seed2027,compiled_model_output_numpy,113,4.2743
L02_seed2027,preprocess_validation_and_transform,113,0.0626
L02_seed2027,compiled_model_output_numpy,114,4.6562
L02_seed2027,preprocess_validation_and_transform,114,0.0568
L02_seed2027,compiled_model_output_numpy,115,5.21
L02_seed2027,preprocess_validation_and_transform,115,0.063
L02_seed2027,compiled_model_output_numpy,116,4.4329
L02_seed2027,preprocess_validation_and_transform,116,0.051
L02_seed2027,compiled_model_output_numpy,117,7.8279
L02_seed2027,preprocess_validation_and_transform,117,0.0681
L02_seed2027,compiled_model_output_numpy,118,6.4513
L02_seed2027,preprocess_validation_and_transform,118,0.0949
L02_seed2027,compiled_model_output_numpy,119,4.5495
L02_seed2027,preprocess_validation_and_transform,119,0.064
L02_seed2027,compiled_model_output_numpy,120,5.2584
L02_seed2027,preprocess_validation_and_transform,120,0.0868
L02_seed2027,compiled_model_output_numpy,121,5.616
L02_seed2027,preprocess_validation_and_transform,121,0.0803
L02_seed2027,compiled_model_output_numpy,122,5.6709
L02_seed2027,preprocess_validation_and_transform,122,0.0669
L02_seed2027,compiled_model_output_numpy,123,7.2378
L02_seed2027,preprocess_validation_and_transform,123,0.0607
L02_seed2027,compiled_model_output_numpy,124,7.8593
L02_seed2027,preprocess_validation_and_transform,124,0.1052
L02_seed2027,compiled_model_output_numpy,125,5.0599
L02_seed2027,preprocess_validation_and_transform,125,0.0711
L02_seed2027,compiled_model_output_numpy,126,6.6778
L02_seed2027,preprocess_validation_and_transform,126,0.0648
L02_seed2027,compiled_model_output_numpy,127,4.3761
L02_seed2027,preprocess_validation_and_transform,127,0.0915
L02_seed2027,compiled_model_output_numpy,128,5.5552
L02_seed2027,preprocess_validation_and_transform,128,0.0651
L02_seed2027,compiled_model_output_numpy,129,4.7155
L02_seed2027,preprocess_validation_and_transform,129,0.0815
L02_seed2027,compiled_model_output_numpy,130,4.3685
L02_seed2027,preprocess_validation_and_transform,130,0.0799
L02_seed2027,compiled_model_output_numpy,131,4.7217
L02_seed2027,preprocess_validation_and_transform,131,0.0675
L02_seed2027,compiled_model_output_numpy,132,7.9565
L02_seed2027,preprocess_validation_and_transform,132,0.0607
L02_seed2027,compiled_model_output_numpy,133,6.5536
L02_seed2027,preprocess_validation_and_transform,133,0.0643
L02_seed2027,compiled_model_output_numpy,134,5.3758
L02_seed2027,preprocess_validation_and_transform,134,0.0674
L02_seed2027,compiled_model_output_numpy,135,7.6733
L02_seed2027,preprocess_validation_and_transform,135,0.0679
L02_seed2027,compiled_model_output_numpy,136,4.6629
L02_seed2027,preprocess_validation_and_transform,136,0.0595
L02_seed2027,compiled_model_output_numpy,137,4.2464
L02_seed2027,preprocess_validation_and_transform,137,0.0841
L02_seed2027,compiled_model_output_numpy,138,4.5827
L02_seed2027,preprocess_validation_and_transform,138,0.0752
L02_seed2027,compiled_model_output_numpy,139,4.4522
L02_seed2027,preprocess_validation_and_transform,139,0.276
L02_seed2027,compiled_model_output_numpy,140,6.2722
L02_seed2027,preprocess_validation_and_transform,140,0.0642
L02_seed2027,compiled_model_output_numpy,141,8.2998
L02_seed2027,preprocess_validation_and_transform,141,0.0959
L02_seed2027,compiled_model_output_numpy,142,4.5513
L02_seed2027,preprocess_validation_and_transform,142,0.0714
L02_seed2027,compiled_model_output_numpy,143,4.4329
L02_seed2027,preprocess_validation_and_transform,143,0.0658
L02_seed2027,compiled_model_output_numpy,144,4.1419
L02_seed2027,preprocess_validation_and_transform,144,0.0578
L02_seed2027,compiled_model_output_numpy,145,4.1117
L02_seed2027,preprocess_validation_and_transform,145,0.0593
L02_seed2027,compiled_model_output_numpy,146,5.3648
L02_seed2027,preprocess_validation_and_transform,146,0.0594
L02_seed2027,compiled_model_output_numpy,147,4.9064
L02_seed2027,preprocess_validation_and_transform,147,0.0881
L02_seed2027,compiled_model_output_numpy,148,4.5507
L02_seed2027,preprocess_validation_and_transform,148,0.0647
L02_seed2027,compiled_model_output_numpy,149,5.4612
L02_seed2027,preprocess_validation_and_transform,149,0.0996
L02_seed2027,compiled_model_output_numpy,150,8.4101
L02_seed2027,preprocess_validation_and_transform,150,0.0769
L02_seed2027,compiled_model_output_numpy,151,8.0041
L02_seed2027,preprocess_validation_and_transform,151,0.0883
L02_seed2027,compiled_model_output_numpy,152,7.8842
L02_seed2027,preprocess_validation_and_transform,152,0.1278
L02_seed2027,compiled_model_output_numpy,153,8.2606
L02_seed2027,preprocess_validation_and_transform,153,0.0934
L02_seed2027,compiled_model_output_numpy,154,8.1273
L02_seed2027,preprocess_validation_and_transform,154,0.0987
L02_seed2027,compiled_model_output_numpy,155,8.3155
L02_seed2027,preprocess_validation_and_transform,155,0.1043
L02_seed2027,compiled_model_output_numpy,156,7.7273
L02_seed2027,preprocess_validation_and_transform,156,0.0675
L02_seed2027,compiled_model_output_numpy,157,5.1532
L02_seed2027,preprocess_validation_and_transform,157,0.0624
L02_seed2027,compiled_model_output_numpy,158,6.2313
L02_seed2027,preprocess_validation_and_transform,158,0.0902
L02_seed2027,compiled_model_output_numpy,159,6.438
L02_seed2027,preprocess_validation_and_transform,159,0.1135
L02_seed2027,compiled_model_output_numpy,160,5.6447
L02_seed2027,preprocess_validation_and_transform,160,0.0758
L02_seed2027,compiled_model_output_numpy,161,5.7027
L02_seed2027,preprocess_validation_and_transform,161,0.0649
L02_seed2027,compiled_model_output_numpy,162,5.7607
L02_seed2027,preprocess_validation_and_transform,162,0.091
L02_seed2027,compiled_model_output_numpy,163,4.5202
L02_seed2027,preprocess_validation_and_transform,163,0.0707
L02_seed2027,compiled_model_output_numpy,164,4.404
L02_seed2027,preprocess_validation_and_transform,164,0.0573
L02_seed2027,compiled_model_output_numpy,165,6.7942
L02_seed2027,preprocess_validation_and_transform,165,0.0655
L02_seed2027,compiled_model_output_numpy,166,4.2658
L02_seed2027,preprocess_validation_and_transform,166,0.0632
L02_seed2027,compiled_model_output_numpy,167,4.286
L02_seed2027,preprocess_validation_and_transform,167,0.054
L02_seed2027,compiled_model_output_numpy,168,4.1611
L02_seed2027,preprocess_validation_and_transform,168,0.0608
L02_seed2027,compiled_model_output_numpy,169,5.757
L02_seed2027,preprocess_validation_and_transform,169,0.0636
L02_seed2027,compiled_model_output_numpy,170,7.8049
L02_seed2027,preprocess_validation_and_transform,170,0.0967
L02_seed2027,compiled_model_output_numpy,171,5.4475
L02_seed2027,preprocess_validation_and_transform,171,0.0668
L02_seed2027,compiled_model_output_numpy,172,4.1355
L02_seed2027,preprocess_validation_and_transform,172,0.059
L02_seed2027,compiled_model_output_numpy,173,6.1966
L02_seed2027,preprocess_validation_and_transform,173,0.0567
L02_seed2027,compiled_model_output_numpy,174,5.911
L02_seed2027,preprocess_validation_and_transform,174,0.0569
L02_seed2027,compiled_model_output_numpy,175,4.1221
L02_seed2027,preprocess_validation_and_transform,175,0.0606
L02_seed2027,compiled_model_output_numpy,176,4.7176
L02_seed2027,preprocess_validation_and_transform,176,0.0616
L02_seed2027,compiled_model_output_numpy,177,5.8535
L02_seed2027,preprocess_validation_and_transform,177,0.0666
L02_seed2027,compiled_model_output_numpy,178,5.781
L02_seed2027,preprocess_validation_and_transform,178,0.0719
L02_seed2027,compiled_model_output_numpy,179,8.139
L02_seed2027,preprocess_validation_and_transform,179,0.1091
L02_seed2027,compiled_model_output_numpy,180,6.8099
L02_seed2027,preprocess_validation_and_transform,180,0.1148
L02_seed2027,compiled_model_output_numpy,181,8.2942
L02_seed2027,preprocess_validation_and_transform,181,0.0919
L02_seed2027,compiled_model_output_numpy,182,8.0081
L02_seed2027,preprocess_validation_and_transform,182,0.0924
L02_seed2027,compiled_model_output_numpy,183,8.1811
L02_seed2027,preprocess_validation_and_transform,183,0.1061
L02_seed2027,compiled_model_output_numpy,184,8.6576
L02_seed2027,preprocess_validation_and_transform,184,0.105
L02_seed2027,compiled_model_output_numpy,185,8.3376
L02_seed2027,preprocess_validation_and_transform,185,0.1018
L02_seed2027,compiled_model_output_numpy,186,8.383
L02_seed2027,preprocess_validation_and_transform,186,0.134
L02_seed2027,compiled_model_output_numpy,187,8.22
L02_seed2027,preprocess_validation_and_transform,187,0.135
L02_seed2027,compiled_model_output_numpy,188,8.5699
L02_seed2027,preprocess_validation_and_transform,188,0.1198
L02_seed2027,compiled_model_output_numpy,189,8.4288
L02_seed2027,preprocess_validation_and_transform,189,0.1231
L02_seed2027,compiled_model_output_numpy,190,7.7339
L02_seed2027,preprocess_validation_and_transform,190,0.1045
L02_seed2027,compiled_model_output_numpy,191,8.1172
L02_seed2027,preprocess_validation_and_transform,191,0.0927
L02_seed2027,compiled_model_output_numpy,192,7.1107
L02_seed2027,preprocess_validation_and_transform,192,0.2341
L02_seed2027,compiled_model_output_numpy,193,8.244
L02_seed2027,preprocess_validation_and_transform,193,0.0725
L02_seed2027,compiled_model_output_numpy,194,7.828
L02_seed2027,preprocess_validation_and_transform,194,0.0771
L02_seed2027,compiled_model_output_numpy,195,6.0072
L02_seed2027,preprocess_validation_and_transform,195,0.1029
L02_seed2027,compiled_model_output_numpy,196,7.8568
L02_seed2027,preprocess_validation_and_transform,196,0.1214
L02_seed2027,compiled_model_output_numpy,197,8.3617
L02_seed2027,preprocess_validation_and_transform,197,0.1106
L02_seed2027,compiled_model_output_numpy,198,6.723
L02_seed2027,preprocess_validation_and_transform,198,0.0751
L02_seed2027,compiled_model_output_numpy,199,7.6498
L02_seed2027,preprocess_validation_and_transform,199,0.074
L02_seed2027,compiled_model_output_numpy,200,6.6959
L02_seed2027,preprocess_validation_and_transform,200,0.0578
L02_seed2027,compiled_model_output_numpy,201,4.2522
L02_seed2027,preprocess_validation_and_transform,201,0.0893
L02_seed2027,compiled_model_output_numpy,202,4.2084
L02_seed2027,preprocess_validation_and_transform,202,0.0579
L02_seed2027,compiled_model_output_numpy,203,4.345
L02_seed2027,preprocess_validation_and_transform,203,0.0886
L02_seed2027,compiled_model_output_numpy,204,5.2689
L02_seed2027,preprocess_validation_and_transform,204,0.1052
L02_seed2027,compiled_model_output_numpy,205,8.463
L02_seed2027,preprocess_validation_and_transform,205,0.0997
L02_seed2027,compiled_model_output_numpy,206,7.201
L02_seed2027,preprocess_validation_and_transform,206,0.1095
L02_seed2027,compiled_model_output_numpy,207,8.2907
L02_seed2027,preprocess_validation_and_transform,207,0.1069
L02_seed2027,compiled_model_output_numpy,208,8.6361
L02_seed2027,preprocess_validation_and_transform,208,0.1354
L02_seed2027,compiled_model_output_numpy,209,8.4318
L02_seed2027,preprocess_validation_and_transform,209,0.1094
L02_seed2027,compiled_model_output_numpy,210,8.6677
L02_seed2027,preprocess_validation_and_transform,210,0.1138
L02_seed2027,compiled_model_output_numpy,211,7.1791
L02_seed2027,preprocess_validation_and_transform,211,0.1126
L02_seed2027,compiled_model_output_numpy,212,8.2405
L02_seed2027,preprocess_validation_and_transform,212,0.1051
L02_seed2027,compiled_model_output_numpy,213,8.4
L02_seed2027,preprocess_validation_and_transform,213,0.1081
L02_seed2027,compiled_model_output_numpy,214,8.2969
L02_seed2027,preprocess_validation_and_transform,214,0.1034
L02_seed2027,compiled_model_output_numpy,215,8.4558
L02_seed2027,preprocess_validation_and_transform,215,0.111
L02_seed2027,compiled_model_output_numpy,216,8.3775
L02_seed2027,preprocess_validation_and_transform,216,0.1346
L02_seed2027,compiled_model_output_numpy,217,8.9516
L02_seed2027,preprocess_validation_and_transform,217,0.0924
L02_seed2027,compiled_model_output_numpy,218,8.168
L02_seed2027,preprocess_validation_and_transform,218,0.1322
L02_seed2027,compiled_model_output_numpy,219,8.3674
L02_seed2027,preprocess_validation_and_transform,219,0.1059
L02_seed2027,compiled_model_output_numpy,220,8.3497
L02_seed2027,preprocess_validation_and_transform,220,0.1353
L02_seed2027,compiled_model_output_numpy,221,8.5301
L02_seed2027,preprocess_validation_and_transform,221,0.124
L02_seed2027,compiled_model_output_numpy,222,7.9319
L02_seed2027,preprocess_validation_and_transform,222,0.0812
L02_seed2027,compiled_model_output_numpy,223,8.4334
L02_seed2027,preprocess_validation_and_transform,223,0.1057
L02_seed2027,compiled_model_output_numpy,224,6.9418
L02_seed2027,preprocess_validation_and_transform,224,0.0906
L02_seed2027,compiled_model_output_numpy,225,7.9448
L02_seed2027,preprocess_validation_and_transform,225,0.1008
L02_seed2027,compiled_model_output_numpy,226,6.7766
L02_seed2027,preprocess_validation_and_transform,226,0.1217
L02_seed2027,compiled_model_output_numpy,227,8.3496
L02_seed2027,preprocess_validation_and_transform,227,0.1175
L02_seed2027,compiled_model_output_numpy,228,8.5663
L02_seed2027,preprocess_validation_and_transform,228,0.1158
L02_seed2027,compiled_model_output_numpy,229,6.9157
L02_seed2027,preprocess_validation_and_transform,229,0.0947
L02_seed2027,compiled_model_output_numpy,230,6.3048
L02_seed2027,preprocess_validation_and_transform,230,0.1061
L02_seed2027,compiled_model_output_numpy,231,6.627
L02_seed2027,preprocess_validation_and_transform,231,0.1235
L02_seed2027,compiled_model_output_numpy,232,4.7154
L02_seed2027,preprocess_validation_and_transform,232,0.0686
L02_seed2027,compiled_model_output_numpy,233,5.8566
L02_seed2027,preprocess_validation_and_transform,233,0.0944
L02_seed2027,compiled_model_output_numpy,234,6.5471
L02_seed2027,preprocess_validation_and_transform,234,0.113
L02_seed2027,compiled_model_output_numpy,235,8.0258
L02_seed2027,preprocess_validation_and_transform,235,0.0798
L02_seed2027,compiled_model_output_numpy,236,7.8314
L02_seed2027,preprocess_validation_and_transform,236,0.0826
L02_seed2027,compiled_model_output_numpy,237,6.4563
L02_seed2027,preprocess_validation_and_transform,237,0.0719
L02_seed2027,compiled_model_output_numpy,238,4.5121
L02_seed2027,preprocess_validation_and_transform,238,0.0587
L02_seed2027,compiled_model_output_numpy,239,6.4692
L02_seed2027,preprocess_validation_and_transform,239,0.0574
L02_seed2027,compiled_model_output_numpy,240,6.1733
L02_seed2027,preprocess_validation_and_transform,240,0.0615
L02_seed2027,compiled_model_output_numpy,241,4.1826
L02_seed2027,preprocess_validation_and_transform,241,0.088
L02_seed2027,compiled_model_output_numpy,242,7.7329
L02_seed2027,preprocess_validation_and_transform,242,0.1039
L02_seed2027,compiled_model_output_numpy,243,8.1579
L02_seed2027,preprocess_validation_and_transform,243,0.0965
L02_seed2027,compiled_model_output_numpy,244,8.1921
L02_seed2027,preprocess_validation_and_transform,244,0.0738
L02_seed2027,compiled_model_output_numpy,245,4.4115
L02_seed2027,preprocess_validation_and_transform,245,0.0879
L02_seed2027,compiled_model_output_numpy,246,4.6464
L02_seed2027,preprocess_validation_and_transform,246,0.0913
L02_seed2027,compiled_model_output_numpy,247,4.3848
L02_seed2027,preprocess_validation_and_transform,247,0.066
L02_seed2027,compiled_model_output_numpy,248,6.0252
L02_seed2027,preprocess_validation_and_transform,248,0.0588
L02_seed2027,compiled_model_output_numpy,249,4.3806
L02_seed2027,preprocess_validation_and_transform,249,0.0871
L02_seed2027,compiled_model_output_numpy,250,7.5099
L02_seed2027,preprocess_validation_and_transform,250,0.0794
L02_seed2027,compiled_model_output_numpy,251,5.223
L02_seed2027,preprocess_validation_and_transform,251,0.0724
L02_seed2027,compiled_model_output_numpy,252,4.6442
L02_seed2027,preprocess_validation_and_transform,252,0.0948
L02_seed2027,compiled_model_output_numpy,253,4.8423
L02_seed2027,preprocess_validation_and_transform,253,0.0992
L02_seed2027,compiled_model_output_numpy,254,4.5408
L02_seed2027,preprocess_validation_and_transform,254,0.0664
L02_seed2027,compiled_model_output_numpy,255,7.6583
L02_seed2027,preprocess_validation_and_transform,255,0.098
L02_seed2027,compiled_model_output_numpy,256,6.0306
L02_seed2027,preprocess_validation_and_transform,256,0.0726
L02_seed2027,compiled_model_output_numpy,257,8.0006
L02_seed2027,preprocess_validation_and_transform,257,0.101
L02_seed2027,compiled_model_output_numpy,258,6.9632
L02_seed2027,preprocess_validation_and_transform,258,0.1059
L02_seed2027,compiled_model_output_numpy,259,8.3169
L02_seed2027,preprocess_validation_and_transform,259,0.0945
L02_seed2027,compiled_model_output_numpy,260,6.6038
L02_seed2027,preprocess_validation_and_transform,260,0.0742
L02_seed2027,compiled_model_output_numpy,261,8.1079
L02_seed2027,preprocess_validation_and_transform,261,0.1065
L02_seed2027,compiled_model_output_numpy,262,8.3271
L02_seed2027,preprocess_validation_and_transform,262,0.1003
L02_seed2027,compiled_model_output_numpy,263,7.5395
L02_seed2027,preprocess_validation_and_transform,263,0.1122
L02_seed2027,compiled_model_output_numpy,264,8.1156
L02_seed2027,preprocess_validation_and_transform,264,0.0905
L02_seed2027,compiled_model_output_numpy,265,8.2056
L02_seed2027,preprocess_validation_and_transform,265,0.1016
L02_seed2027,compiled_model_output_numpy,266,8.7083
L02_seed2027,preprocess_validation_and_transform,266,0.1124
L02_seed2027,compiled_model_output_numpy,267,4.7707
L02_seed2027,preprocess_validation_and_transform,267,0.0703
L02_seed2027,compiled_model_output_numpy,268,4.5512
L02_seed2027,preprocess_validation_and_transform,268,0.0622
L02_seed2027,compiled_model_output_numpy,269,4.195
L02_seed2027,preprocess_validation_and_transform,269,0.0972
L02_seed2027,compiled_model_output_numpy,270,8.4253
L02_seed2027,preprocess_validation_and_transform,270,0.138
L02_seed2027,compiled_model_output_numpy,271,8.0422
L02_seed2027,preprocess_validation_and_transform,271,0.0766
L02_seed2027,compiled_model_output_numpy,272,7.9927
L02_seed2027,preprocess_validation_and_transform,272,0.1063
L02_seed2027,compiled_model_output_numpy,273,7.8835
L02_seed2027,preprocess_validation_and_transform,273,0.069
L02_seed2027,compiled_model_output_numpy,274,7.5799
L02_seed2027,preprocess_validation_and_transform,274,0.0645
L02_seed2027,compiled_model_output_numpy,275,7.5796
L02_seed2027,preprocess_validation_and_transform,275,0.0662
L02_seed2027,compiled_model_output_numpy,276,7.5649
L02_seed2027,preprocess_validation_and_transform,276,0.0665
L02_seed2027,compiled_model_output_numpy,277,6.56
L02_seed2027,preprocess_validation_and_transform,277,0.067
L02_seed2027,compiled_model_output_numpy,278,4.7221
L02_seed2027,preprocess_validation_and_transform,278,0.0594
L02_seed2027,compiled_model_output_numpy,279,4.2448
L02_seed2027,preprocess_validation_and_transform,279,0.0927
L02_seed2027,compiled_model_output_numpy,280,5.4716
L02_seed2027,preprocess_validation_and_transform,280,0.078
L02_seed2027,compiled_model_output_numpy,281,8.1072
L02_seed2027,preprocess_validation_and_transform,281,0.1093
L02_seed2027,compiled_model_output_numpy,282,7.0625
L02_seed2027,preprocess_validation_and_transform,282,0.072
L02_seed2027,compiled_model_output_numpy,283,8.6576
L02_seed2027,preprocess_validation_and_transform,283,0.0826
L02_seed2027,compiled_model_output_numpy,284,9.5359
L02_seed2027,preprocess_validation_and_transform,284,0.1285
L02_seed2027,compiled_model_output_numpy,285,8.1268
L02_seed2027,preprocess_validation_and_transform,285,0.12
L02_seed2027,compiled_model_output_numpy,286,9.2991
L02_seed2027,preprocess_validation_and_transform,286,0.125
L02_seed2027,compiled_model_output_numpy,287,9.0902
L02_seed2027,preprocess_validation_and_transform,287,0.1202
L02_seed2027,compiled_model_output_numpy,288,8.6094
L02_seed2027,preprocess_validation_and_transform,288,0.1239
L02_seed2027,compiled_model_output_numpy,289,8.6023
L02_seed2027,preprocess_validation_and_transform,289,0.1351
L02_seed2027,compiled_model_output_numpy,290,8.5347
L02_seed2027,preprocess_validation_and_transform,290,0.1349
L02_seed2027,compiled_model_output_numpy,291,9.0137
L02_seed2027,preprocess_validation_and_transform,291,0.13
L02_seed2027,compiled_model_output_numpy,292,8.4818
L02_seed2027,preprocess_validation_and_transform,292,0.1218
L02_seed2027,compiled_model_output_numpy,293,8.3297
L02_seed2027,preprocess_validation_and_transform,293,0.1194
L02_seed2027,compiled_model_output_numpy,294,8.438
L02_seed2027,preprocess_validation_and_transform,294,0.1223
L02_seed2027,compiled_model_output_numpy,295,9.0649
L02_seed2027,preprocess_validation_and_transform,295,0.1399
L02_seed2027,compiled_model_output_numpy,296,8.7839
L02_seed2027,preprocess_validation_and_transform,296,0.1276
L02_seed2027,compiled_model_output_numpy,297,9.0697
L02_seed2027,preprocess_validation_and_transform,297,0.1278
L02_seed2027,compiled_model_output_numpy,298,8.873
L02_seed2027,preprocess_validation_and_transform,298,0.1252
L02_seed2027,compiled_model_output_numpy,299,8.7336
L02_seed2027,preprocess_validation_and_transform,299,0.1264
L02_seed2027,compiled_model_output_numpy,300,8.6012
L02_seed2027,preprocess_validation_and_transform,300,0.1185
L02_seed2027,compiled_model_output_numpy,301,8.012
L02_seed2027,preprocess_validation_and_transform,301,0.1258
L02_seed2027,compiled_model_output_numpy,302,8.6871
L02_seed2027,preprocess_validation_and_transform,302,0.1453
L02_seed2027,compiled_model_output_numpy,303,8.1969
L02_seed2027,preprocess_validation_and_transform,303,0.1151
L02_seed2027,compiled_model_output_numpy,304,8.4627
L02_seed2027,preprocess_validation_and_transform,304,0.1142
L02_seed2027,compiled_model_output_numpy,305,8.9903
L02_seed2027,preprocess_validation_and_transform,305,0.1232
L02_seed2027,compiled_model_output_numpy,306,8.6175
L02_seed2027,preprocess_validation_and_transform,306,0.1365
L02_seed2027,compiled_model_output_numpy,307,9.1597
L02_seed2027,preprocess_validation_and_transform,307,0.1253
L02_seed2027,compiled_model_output_numpy,308,7.676
L02_seed2027,preprocess_validation_and_transform,308,0.1245
L02_seed2027,compiled_model_output_numpy,309,9.5398
L02_seed2027,preprocess_validation_and_transform,309,0.1416
L02_seed2027,compiled_model_output_numpy,310,9.0251
L02_seed2027,preprocess_validation_and_transform,310,0.1015
L02_seed2027,compiled_model_output_numpy,311,8.7517
L02_seed2027,preprocess_validation_and_transform,311,0.1246
L02_seed2027,compiled_model_output_numpy,312,8.5748
L02_seed2027,preprocess_validation_and_transform,312,0.1222
L02_seed2027,compiled_model_output_numpy,313,7.8676
L02_seed2027,preprocess_validation_and_transform,313,0.1228
L02_seed2027,compiled_model_output_numpy,314,8.4944
L02_seed2027,preprocess_validation_and_transform,314,0.1199
L02_seed2027,compiled_model_output_numpy,315,8.1948
L02_seed2027,preprocess_validation_and_transform,315,0.1029
L02_seed2027,compiled_model_output_numpy,316,8.8932
L02_seed2027,preprocess_validation_and_transform,316,0.1128
L02_seed2027,compiled_model_output_numpy,317,8.3038
L02_seed2027,preprocess_validation_and_transform,317,0.1132
L02_seed2027,compiled_model_output_numpy,318,8.8002
L02_seed2027,preprocess_validation_and_transform,318,0.1135
L02_seed2027,compiled_model_output_numpy,319,8.2131
L02_seed2027,preprocess_validation_and_transform,319,0.118
L02_seed2027,compiled_model_output_numpy,320,7.4136
L02_seed2027,preprocess_validation_and_transform,320,0.0987
L02_seed2027,compiled_model_output_numpy,321,8.2062
L02_seed2027,preprocess_validation_and_transform,321,0.0937
L02_seed2027,compiled_model_output_numpy,322,8.0824
L02_seed2027,preprocess_validation_and_transform,322,0.1033
L02_seed2027,compiled_model_output_numpy,323,8.1878
L02_seed2027,preprocess_validation_and_transform,323,0.073
L02_seed2027,compiled_model_output_numpy,324,8.0236
L02_seed2027,preprocess_validation_and_transform,324,0.1091
L02_seed2027,compiled_model_output_numpy,325,7.8982
L02_seed2027,preprocess_validation_and_transform,325,0.1061
L02_seed2027,compiled_model_output_numpy,326,8.4554
L02_seed2027,preprocess_validation_and_transform,326,0.1087
L02_seed2027,compiled_model_output_numpy,327,6.8152
L02_seed2027,preprocess_validation_and_transform,327,0.1166
L02_seed2027,compiled_model_output_numpy,328,8.2147
L02_seed2027,preprocess_validation_and_transform,328,0.114
L02_seed2027,compiled_model_output_numpy,329,8.2453
L02_seed2027,preprocess_validation_and_transform,329,0.0907
L02_seed2027,compiled_model_output_numpy,330,5.5648
L02_seed2027,preprocess_validation_and_transform,330,0.0648
L02_seed2027,compiled_model_output_numpy,331,4.4646
L02_seed2027,preprocess_validation_and_transform,331,0.0992
L02_seed2027,compiled_model_output_numpy,332,8.1496
L02_seed2027,preprocess_validation_and_transform,332,0.0672
L02_seed2027,compiled_model_output_numpy,333,8.2013
L02_seed2027,preprocess_validation_and_transform,333,0.1018
L02_seed2027,compiled_model_output_numpy,334,7.9917
L02_seed2027,preprocess_validation_and_transform,334,0.0721
L02_seed2027,compiled_model_output_numpy,335,6.8085
L02_seed2027,preprocess_validation_and_transform,335,0.0738
L02_seed2027,compiled_model_output_numpy,336,4.6481
L02_seed2027,preprocess_validation_and_transform,336,0.057
L02_seed2027,compiled_model_output_numpy,337,4.1215
L02_seed2027,preprocess_validation_and_transform,337,0.0952
L02_seed2027,compiled_model_output_numpy,338,5.1482
L02_seed2027,preprocess_validation_and_transform,338,0.0576
L02_seed2027,compiled_model_output_numpy,339,5.496
L02_seed2027,preprocess_validation_and_transform,339,0.0539
L02_seed2027,compiled_model_output_numpy,340,4.2259
L02_seed2027,preprocess_validation_and_transform,340,0.0586
L02_seed2027,compiled_model_output_numpy,341,4.596
L02_seed2027,preprocess_validation_and_transform,341,0.0533
L02_seed2027,compiled_model_output_numpy,342,4.2006
L02_seed2027,preprocess_validation_and_transform,342,0.0535
L02_seed2027,compiled_model_output_numpy,343,6.3066
L02_seed2027,preprocess_validation_and_transform,343,0.057
L02_seed2027,compiled_model_output_numpy,344,4.0702
L02_seed2027,preprocess_validation_and_transform,344,0.055
L02_seed2027,compiled_model_output_numpy,345,4.4612
L02_seed2027,preprocess_validation_and_transform,345,0.0593
L02_seed2027,compiled_model_output_numpy,346,4.151
L02_seed2027,preprocess_validation_and_transform,346,0.0541
L02_seed2027,compiled_model_output_numpy,347,4.4542
L02_seed2027,preprocess_validation_and_transform,347,0.0613
L02_seed2027,compiled_model_output_numpy,348,4.6556
L02_seed2027,preprocess_validation_and_transform,348,0.0526
L02_seed2027,compiled_model_output_numpy,349,5.474
L02_seed2027,preprocess_validation_and_transform,349,0.0602
L02_seed2027,compiled_model_output_numpy,350,4.0613
L02_seed2027,preprocess_validation_and_transform,350,0.0556
L02_seed2027,compiled_model_output_numpy,351,4.2378
L02_seed2027,preprocess_validation_and_transform,351,0.0875
L02_seed2027,compiled_model_output_numpy,352,5.3454
L02_seed2027,preprocess_validation_and_transform,352,0.073
L02_seed2027,compiled_model_output_numpy,353,4.3401
L02_seed2027,preprocess_validation_and_transform,353,0.069
L02_seed2027,compiled_model_output_numpy,354,4.0926
L02_seed2027,preprocess_validation_and_transform,354,0.0576
L02_seed2027,compiled_model_output_numpy,355,4.5008
L02_seed2027,preprocess_validation_and_transform,355,0.0715
L02_seed2027,compiled_model_output_numpy,356,4.2389
L02_seed2027,preprocess_validation_and_transform,356,0.0623
L02_seed2027,compiled_model_output_numpy,357,4.8508
L02_seed2027,preprocess_validation_and_transform,357,0.0928
L02_seed2027,compiled_model_output_numpy,358,7.0406
L02_seed2027,preprocess_validation_and_transform,358,0.1075
L02_seed2027,compiled_model_output_numpy,359,7.1848
L02_seed2027,preprocess_validation_and_transform,359,0.1089
L02_seed2027,compiled_model_output_numpy,360,8.4174
L02_seed2027,preprocess_validation_and_transform,360,0.1203
L02_seed2027,compiled_model_output_numpy,361,9.0102
L02_seed2027,preprocess_validation_and_transform,361,0.1104
L02_seed2027,compiled_model_output_numpy,362,8.2905
L02_seed2027,preprocess_validation_and_transform,362,0.0904
L02_seed2027,compiled_model_output_numpy,363,7.9878
L02_seed2027,preprocess_validation_and_transform,363,0.0928
L02_seed2027,compiled_model_output_numpy,364,7.8767
L02_seed2027,preprocess_validation_and_transform,364,0.0788
L02_seed2027,compiled_model_output_numpy,365,7.1423
L02_seed2027,preprocess_validation_and_transform,365,0.3156
L02_seed2027,compiled_model_output_numpy,366,5.2894
L02_seed2027,preprocess_validation_and_transform,366,0.0711
L02_seed2027,compiled_model_output_numpy,367,4.2525
L02_seed2027,preprocess_validation_and_transform,367,0.0584
L02_seed2027,compiled_model_output_numpy,368,6.1318
L02_seed2027,preprocess_validation_and_transform,368,0.0937
L02_seed2027,compiled_model_output_numpy,369,5.8132
L02_seed2027,preprocess_validation_and_transform,369,0.0732
L02_seed2027,compiled_model_output_numpy,370,7.7788
L02_seed2027,preprocess_validation_and_transform,370,0.1006
L02_seed2027,compiled_model_output_numpy,371,7.9798
L02_seed2027,preprocess_validation_and_transform,371,0.074
L02_seed2027,compiled_model_output_numpy,372,5.5399
L02_seed2027,preprocess_validation_and_transform,372,0.1092
L02_seed2027,compiled_model_output_numpy,373,4.7949
L02_seed2027,preprocess_validation_and_transform,373,0.0786
L02_seed2027,compiled_model_output_numpy,374,4.1355
L02_seed2027,preprocess_validation_and_transform,374,0.0615
L02_seed2027,compiled_model_output_numpy,375,4.1289
L02_seed2027,preprocess_validation_and_transform,375,0.0577
L02_seed2027,compiled_model_output_numpy,376,4.5162
L02_seed2027,preprocess_validation_and_transform,376,0.0584
L02_seed2027,compiled_model_output_numpy,377,4.3072
L02_seed2027,preprocess_validation_and_transform,377,0.0844
L02_seed2027,compiled_model_output_numpy,378,4.2267
L02_seed2027,preprocess_validation_and_transform,378,0.0595
L02_seed2027,compiled_model_output_numpy,379,4.1487
L02_seed2027,preprocess_validation_and_transform,379,0.0565
L02_seed2027,compiled_model_output_numpy,380,4.2786
L02_seed2027,preprocess_validation_and_transform,380,0.0623
L02_seed2027,compiled_model_output_numpy,381,5.4732
L02_seed2027,preprocess_validation_and_transform,381,0.0615
L02_seed2027,compiled_model_output_numpy,382,7.1793
L02_seed2027,preprocess_validation_and_transform,382,0.0713
L02_seed2027,compiled_model_output_numpy,383,8.3187
L02_seed2027,preprocess_validation_and_transform,383,0.0718
L02_seed2027,compiled_model_output_numpy,384,8.0034
L02_seed2027,preprocess_validation_and_transform,384,0.1068
L02_seed2027,compiled_model_output_numpy,385,4.761
L02_seed2027,preprocess_validation_and_transform,385,0.1145
L02_seed2027,compiled_model_output_numpy,386,6.3629
L02_seed2027,preprocess_validation_and_transform,386,0.0818
L02_seed2027,compiled_model_output_numpy,387,5.1705
L02_seed2027,preprocess_validation_and_transform,387,0.0606
L02_seed2027,compiled_model_output_numpy,388,7.3706
L02_seed2027,preprocess_validation_and_transform,388,0.1031
L02_seed2027,compiled_model_output_numpy,389,4.618
L02_seed2027,preprocess_validation_and_transform,389,0.0775
L02_seed2027,compiled_model_output_numpy,390,5.3567
L02_seed2027,preprocess_validation_and_transform,390,0.0634
L02_seed2027,compiled_model_output_numpy,391,4.4657
L02_seed2027,preprocess_validation_and_transform,391,0.0657
L02_seed2027,compiled_model_output_numpy,392,4.6504
L02_seed2027,preprocess_validation_and_transform,392,0.067
L02_seed2027,compiled_model_output_numpy,393,4.3286
L02_seed2027,preprocess_validation_and_transform,393,0.0616
L02_seed2027,compiled_model_output_numpy,394,7.7388
L02_seed2027,preprocess_validation_and_transform,394,0.0798
L02_seed2027,compiled_model_output_numpy,395,7.9186
L02_seed2027,preprocess_validation_and_transform,395,0.1105
L02_seed2027,compiled_model_output_numpy,396,6.5248
L02_seed2027,preprocess_validation_and_transform,396,0.1087
L02_seed2027,compiled_model_output_numpy,397,6.6856
L02_seed2027,preprocess_validation_and_transform,397,0.1156
L02_seed2027,compiled_model_output_numpy,398,8.9284
L02_seed2027,preprocess_validation_and_transform,398,0.119
L02_seed2027,compiled_model_output_numpy,399,8.0819
L02_seed2027,preprocess_validation_and_transform,399,0.1195
L02_seed2027,compiled_model_output_numpy,400,8.3281
L02_seed2027,preprocess_validation_and_transform,400,0.1149
L02_seed2027,compiled_model_output_numpy,401,8.14
L02_seed2027,preprocess_validation_and_transform,401,0.1064
L02_seed2027,compiled_model_output_numpy,402,8.3578
L02_seed2027,preprocess_validation_and_transform,402,0.1278
L02_seed2027,compiled_model_output_numpy,403,8.2172
L02_seed2027,preprocess_validation_and_transform,403,0.0908
L02_seed2027,compiled_model_output_numpy,404,8.0507
L02_seed2027,preprocess_validation_and_transform,404,0.0945
L02_seed2027,compiled_model_output_numpy,405,8.0306
L02_seed2027,preprocess_validation_and_transform,405,0.0945
L02_seed2027,compiled_model_output_numpy,406,8.5834
L02_seed2027,preprocess_validation_and_transform,406,0.1146
L02_seed2027,compiled_model_output_numpy,407,7.8425
L02_seed2027,preprocess_validation_and_transform,407,0.1166
L02_seed2027,compiled_model_output_numpy,408,7.561
L02_seed2027,preprocess_validation_and_transform,408,0.1121
L02_seed2027,compiled_model_output_numpy,409,5.4694
L02_seed2027,preprocess_validation_and_transform,409,0.069
L02_seed2027,compiled_model_output_numpy,410,4.6333
L02_seed2027,preprocess_validation_and_transform,410,0.0581
L02_seed2027,compiled_model_output_numpy,411,4.0957
L02_seed2027,preprocess_validation_and_transform,411,0.043
L02_seed2027,compiled_model_output_numpy,412,6.1376
L02_seed2027,preprocess_validation_and_transform,412,0.0571
L02_seed2027,compiled_model_output_numpy,413,4.5747
L02_seed2027,preprocess_validation_and_transform,413,0.057
L02_seed2027,compiled_model_output_numpy,414,4.946
L02_seed2027,preprocess_validation_and_transform,414,0.0622
L02_seed2027,compiled_model_output_numpy,415,4.2612
L02_seed2027,preprocess_validation_and_transform,415,0.0637
L02_seed2027,compiled_model_output_numpy,416,4.2829
L02_seed2027,preprocess_validation_and_transform,416,0.0889
L02_seed2027,compiled_model_output_numpy,417,4.676
L02_seed2027,preprocess_validation_and_transform,417,0.0692
L02_seed2027,compiled_model_output_numpy,418,5.6261
L02_seed2027,preprocess_validation_and_transform,418,0.0977
L02_seed2027,compiled_model_output_numpy,419,4.8325
L02_seed2027,preprocess_validation_and_transform,419,0.0785
L02_seed2027,compiled_model_output_numpy,420,5.5369
L02_seed2027,preprocess_validation_and_transform,420,0.0627
L02_seed2027,compiled_model_output_numpy,421,5.268
L02_seed2027,preprocess_validation_and_transform,421,0.063
L02_seed2027,compiled_model_output_numpy,422,4.5639
L02_seed2027,preprocess_validation_and_transform,422,0.0898
L02_seed2027,compiled_model_output_numpy,423,4.5618
L02_seed2027,preprocess_validation_and_transform,423,0.0713
L02_seed2027,compiled_model_output_numpy,424,4.7498
L02_seed2027,preprocess_validation_and_transform,424,0.0633
L02_seed2027,compiled_model_output_numpy,425,6.3854
L02_seed2027,preprocess_validation_and_transform,425,0.0744
L02_seed2027,compiled_model_output_numpy,426,4.3176
L02_seed2027,preprocess_validation_and_transform,426,0.0609
L02_seed2027,compiled_model_output_numpy,427,6.3239
L02_seed2027,preprocess_validation_and_transform,427,0.0747
L02_seed2027,compiled_model_output_numpy,428,5.4302
L02_seed2027,preprocess_validation_and_transform,428,0.0719
L02_seed2027,compiled_model_output_numpy,429,4.5659
L02_seed2027,preprocess_validation_and_transform,429,0.0994
L02_seed2027,compiled_model_output_numpy,430,6.0298
L02_seed2027,preprocess_validation_and_transform,430,0.0963
L02_seed2027,compiled_model_output_numpy,431,4.5055
L02_seed2027,preprocess_validation_and_transform,431,0.1207
L02_seed2027,compiled_model_output_numpy,432,7.945
L02_seed2027,preprocess_validation_and_transform,432,0.0658
L02_seed2027,compiled_model_output_numpy,433,6.4989
L02_seed2027,preprocess_validation_and_transform,433,0.0946
L02_seed2027,compiled_model_output_numpy,434,7.3802
L02_seed2027,preprocess_validation_and_transform,434,0.0739
L02_seed2027,compiled_model_output_numpy,435,5.2765
L02_seed2027,preprocess_validation_and_transform,435,0.0625
L02_seed2027,compiled_model_output_numpy,436,4.2729
L02_seed2027,preprocess_validation_and_transform,436,0.0642
L02_seed2027,compiled_model_output_numpy,437,4.4767
L02_seed2027,preprocess_validation_and_transform,437,0.0544
L02_seed2027,compiled_model_output_numpy,438,6.2332
L02_seed2027,preprocess_validation_and_transform,438,0.116
L02_seed2027,compiled_model_output_numpy,439,8.6111
L02_seed2027,preprocess_validation_and_transform,439,0.1132
L02_seed2027,compiled_model_output_numpy,440,8.9865
L02_seed2027,preprocess_validation_and_transform,440,0.1099
L02_seed2027,compiled_model_output_numpy,441,8.7472
L02_seed2027,preprocess_validation_and_transform,441,0.1261
L02_seed2027,compiled_model_output_numpy,442,8.0559
L02_seed2027,preprocess_validation_and_transform,442,0.0808
L02_seed2027,compiled_model_output_numpy,443,7.5031
L02_seed2027,preprocess_validation_and_transform,443,0.1886
L02_seed2027,compiled_model_output_numpy,444,4.517
L02_seed2027,preprocess_validation_and_transform,444,0.0567
L02_seed2027,compiled_model_output_numpy,445,4.1337
L02_seed2027,preprocess_validation_and_transform,445,0.0585
L02_seed2027,compiled_model_output_numpy,446,4.315
L02_seed2027,preprocess_validation_and_transform,446,0.0585
L02_seed2027,compiled_model_output_numpy,447,4.1821
L02_seed2027,preprocess_validation_and_transform,447,0.058
L02_seed2027,compiled_model_output_numpy,448,4.0442
L02_seed2027,preprocess_validation_and_transform,448,0.0576
L02_seed2027,compiled_model_output_numpy,449,6.3992
L02_seed2027,preprocess_validation_and_transform,449,0.0631
L02_seed2027,compiled_model_output_numpy,450,4.3276
L02_seed2027,preprocess_validation_and_transform,450,0.0532
L02_seed2027,compiled_model_output_numpy,451,4.2055
L02_seed2027,preprocess_validation_and_transform,451,0.0563
L02_seed2027,compiled_model_output_numpy,452,4.2277
L02_seed2027,preprocess_validation_and_transform,452,0.1145
L02_seed2027,compiled_model_output_numpy,453,5.9606
L02_seed2027,preprocess_validation_and_transform,453,0.0596
L02_seed2027,compiled_model_output_numpy,454,4.4231
L02_seed2027,preprocess_validation_and_transform,454,0.0641
L02_seed2027,compiled_model_output_numpy,455,4.484
L02_seed2027,preprocess_validation_and_transform,455,0.0592
L02_seed2027,compiled_model_output_numpy,456,4.5701
L02_seed2027,preprocess_validation_and_transform,456,0.0577
L02_seed2027,compiled_model_output_numpy,457,4.5892
L02_seed2027,preprocess_validation_and_transform,457,0.0544
L02_seed2027,compiled_model_output_numpy,458,4.2601
L02_seed2027,preprocess_validation_and_transform,458,0.0548
L02_seed2027,compiled_model_output_numpy,459,4.1911
L02_seed2027,preprocess_validation_and_transform,459,0.0555
L02_seed2027,compiled_model_output_numpy,460,5.6438
L02_seed2027,preprocess_validation_and_transform,460,0.06
L02_seed2027,compiled_model_output_numpy,461,4.5256
L02_seed2027,preprocess_validation_and_transform,461,0.054
L02_seed2027,compiled_model_output_numpy,462,5.9997
L02_seed2027,preprocess_validation_and_transform,462,0.0602
L02_seed2027,compiled_model_output_numpy,463,4.1978
L02_seed2027,preprocess_validation_and_transform,463,0.0569
L02_seed2027,compiled_model_output_numpy,464,4.2808
L02_seed2027,preprocess_validation_and_transform,464,0.0538
L02_seed2027,compiled_model_output_numpy,465,3.9881
L02_seed2027,preprocess_validation_and_transform,465,0.0571
L02_seed2027,compiled_model_output_numpy,466,4.1735
L02_seed2027,preprocess_validation_and_transform,466,0.0551
L02_seed2027,compiled_model_output_numpy,467,4.4754
L02_seed2027,preprocess_validation_and_transform,467,0.0518
L02_seed2027,compiled_model_output_numpy,468,4.2454
L02_seed2027,preprocess_validation_and_transform,468,0.0526
L02_seed2027,compiled_model_output_numpy,469,4.0807
L02_seed2027,preprocess_validation_and_transform,469,0.0559
L02_seed2027,compiled_model_output_numpy,470,4.3034
L02_seed2027,preprocess_validation_and_transform,470,0.0566
L02_seed2027,compiled_model_output_numpy,471,4.0042
L02_seed2027,preprocess_validation_and_transform,471,0.0576
L02_seed2027,compiled_model_output_numpy,472,5.4497
L02_seed2027,preprocess_validation_and_transform,472,0.0596
L02_seed2027,compiled_model_output_numpy,473,5.8566
L02_seed2027,preprocess_validation_and_transform,473,0.0605
L02_seed2027,compiled_model_output_numpy,474,4.1404
L02_seed2027,preprocess_validation_and_transform,474,0.0535
L02_seed2027,compiled_model_output_numpy,475,6.1546
L02_seed2027,preprocess_validation_and_transform,475,0.0639
L02_seed2027,compiled_model_output_numpy,476,7.6064
L02_seed2027,preprocess_validation_and_transform,476,0.1091
L02_seed2027,compiled_model_output_numpy,477,8.6068
L02_seed2027,preprocess_validation_and_transform,477,0.1127
L02_seed2027,compiled_model_output_numpy,478,7.9928
L02_seed2027,preprocess_validation_and_transform,478,0.0701
L02_seed2027,compiled_model_output_numpy,479,8.0242
L02_seed2027,preprocess_validation_and_transform,479,0.1186
L02_seed2027,compiled_model_output_numpy,480,7.5198
L02_seed2027,preprocess_validation_and_transform,480,0.0953
L02_seed2027,compiled_model_output_numpy,481,5.4393
L02_seed2027,preprocess_validation_and_transform,481,0.0528
L02_seed2027,compiled_model_output_numpy,482,4.6741
L02_seed2027,preprocess_validation_and_transform,482,0.0532
L02_seed2027,compiled_model_output_numpy,483,4.3193
L02_seed2027,preprocess_validation_and_transform,483,0.0576
L02_seed2027,compiled_model_output_numpy,484,4.5379
L02_seed2027,preprocess_validation_and_transform,484,0.0583
L02_seed2027,compiled_model_output_numpy,485,4.1057
L02_seed2027,preprocess_validation_and_transform,485,0.0588
L02_seed2027,compiled_model_output_numpy,486,4.2967
L02_seed2027,preprocess_validation_and_transform,486,0.0537
L02_seed2027,compiled_model_output_numpy,487,4.3354
L02_seed2027,preprocess_validation_and_transform,487,0.0554
L02_seed2027,compiled_model_output_numpy,488,5.6062
L02_seed2027,preprocess_validation_and_transform,488,0.0584
L02_seed2027,compiled_model_output_numpy,489,4.4727
L02_seed2027,preprocess_validation_and_transform,489,0.0524
L02_seed2027,compiled_model_output_numpy,490,4.26
L02_seed2027,preprocess_validation_and_transform,490,0.0596
L02_seed2027,compiled_model_output_numpy,491,4.332
L02_seed2027,preprocess_validation_and_transform,491,0.0532
L02_seed2027,compiled_model_output_numpy,492,4.1419
L02_seed2027,preprocess_validation_and_transform,492,0.0526
L02_seed2027,compiled_model_output_numpy,493,4.2218
L02_seed2027,preprocess_validation_and_transform,493,0.0536
L02_seed2027,compiled_model_output_numpy,494,4.4454
L02_seed2027,preprocess_validation_and_transform,494,0.0539
L02_seed2027,compiled_model_output_numpy,495,4.7403
L02_seed2027,preprocess_validation_and_transform,495,0.0603
L02_seed2027,compiled_model_output_numpy,496,4.3433
L02_seed2027,preprocess_validation_and_transform,496,0.0487
L02_seed2027,compiled_model_output_numpy,497,4.6537
L02_seed2027,preprocess_validation_and_transform,497,0.0541
L02_seed2027,compiled_model_output_numpy,498,4.0557
L02_seed2027,preprocess_validation_and_transform,498,0.0381
L02_seed2027,compiled_model_output_numpy,499,4.4096
L02_seed2027,preprocess_validation_and_transform,499,0.1056
L02_seed2028,compiled_model_output_numpy,0,4.0337
L02_seed2028,preprocess_validation_and_transform,0,0.0476
L02_seed2028,compiled_model_output_numpy,1,4.409
L02_seed2028,preprocess_validation_and_transform,1,0.0435
L02_seed2028,compiled_model_output_numpy,2,4.2895
L02_seed2028,preprocess_validation_and_transform,2,0.0606
L02_seed2028,compiled_model_output_numpy,3,4.208
L02_seed2028,preprocess_validation_and_transform,3,0.0554
L02_seed2028,compiled_model_output_numpy,4,4.0342
L02_seed2028,preprocess_validation_and_transform,4,0.0567
L02_seed2028,compiled_model_output_numpy,5,7.0297
L02_seed2028,preprocess_validation_and_transform,5,0.0603
L02_seed2028,compiled_model_output_numpy,6,4.4851
L02_seed2028,preprocess_validation_and_transform,6,0.0549
L02_seed2028,compiled_model_output_numpy,7,4.2045
L02_seed2028,preprocess_validation_and_transform,7,0.0499
L02_seed2028,compiled_model_output_numpy,8,4.0284
L02_seed2028,preprocess_validation_and_transform,8,0.0537
L02_seed2028,compiled_model_output_numpy,9,4.4593
L02_seed2028,preprocess_validation_and_transform,9,0.3202
L02_seed2028,compiled_model_output_numpy,10,7.0233
L02_seed2028,preprocess_validation_and_transform,10,0.0723
L02_seed2028,compiled_model_output_numpy,11,6.7629
L02_seed2028,preprocess_validation_and_transform,11,0.0897
L02_seed2028,compiled_model_output_numpy,12,5.6536
L02_seed2028,preprocess_validation_and_transform,12,0.0756
L02_seed2028,compiled_model_output_numpy,13,4.1934
L02_seed2028,preprocess_validation_and_transform,13,0.056
L02_seed2028,compiled_model_output_numpy,14,4.1986
L02_seed2028,preprocess_validation_and_transform,14,0.0654
L02_seed2028,compiled_model_output_numpy,15,4.7104
L02_seed2028,preprocess_validation_and_transform,15,0.0592
L02_seed2028,compiled_model_output_numpy,16,5.7679
L02_seed2028,preprocess_validation_and_transform,16,0.0613
L02_seed2028,compiled_model_output_numpy,17,4.3012
L02_seed2028,preprocess_validation_and_transform,17,0.061
L02_seed2028,compiled_model_output_numpy,18,4.0457
L02_seed2028,preprocess_validation_and_transform,18,0.0632
L02_seed2028,compiled_model_output_numpy,19,4.3625
L02_seed2028,preprocess_validation_and_transform,19,0.0548
L02_seed2028,compiled_model_output_numpy,20,7.9998
L02_seed2028,preprocess_validation_and_transform,20,0.1147
L02_seed2028,compiled_model_output_numpy,21,7.8339
L02_seed2028,preprocess_validation_and_transform,21,0.185
L02_seed2028,compiled_model_output_numpy,22,8.1318
L02_seed2028,preprocess_validation_and_transform,22,0.069
L02_seed2028,compiled_model_output_numpy,23,7.9607
L02_seed2028,preprocess_validation_and_transform,23,0.0991
L02_seed2028,compiled_model_output_numpy,24,8.1167
L02_seed2028,preprocess_validation_and_transform,24,0.1159
L02_seed2028,compiled_model_output_numpy,25,8.0693
L02_seed2028,preprocess_validation_and_transform,25,0.0628
L02_seed2028,compiled_model_output_numpy,26,4.0912
L02_seed2028,preprocess_validation_and_transform,26,0.0437
L02_seed2028,compiled_model_output_numpy,27,7.8096
L02_seed2028,preprocess_validation_and_transform,27,0.1011
L02_seed2028,compiled_model_output_numpy,28,8.2029
L02_seed2028,preprocess_validation_and_transform,28,0.0985
L02_seed2028,compiled_model_output_numpy,29,8.3193
L02_seed2028,preprocess_validation_and_transform,29,0.0878
L02_seed2028,compiled_model_output_numpy,30,6.0503
L02_seed2028,preprocess_validation_and_transform,30,0.111
L02_seed2028,compiled_model_output_numpy,31,4.5726
L02_seed2028,preprocess_validation_and_transform,31,0.3754
L02_seed2028,compiled_model_output_numpy,32,4.6282
L02_seed2028,preprocess_validation_and_transform,32,0.0637
L02_seed2028,compiled_model_output_numpy,33,4.6583
L02_seed2028,preprocess_validation_and_transform,33,0.0711
L02_seed2028,compiled_model_output_numpy,34,8.2853
L02_seed2028,preprocess_validation_and_transform,34,0.112
L02_seed2028,compiled_model_output_numpy,35,8.7117
L02_seed2028,preprocess_validation_and_transform,35,0.1346
L02_seed2028,compiled_model_output_numpy,36,8.5643
L02_seed2028,preprocess_validation_and_transform,36,0.1293
L02_seed2028,compiled_model_output_numpy,37,8.577
L02_seed2028,preprocess_validation_and_transform,37,0.1051
L02_seed2028,compiled_model_output_numpy,38,8.636
L02_seed2028,preprocess_validation_and_transform,38,0.1464
L02_seed2028,compiled_model_output_numpy,39,8.2422
L02_seed2028,preprocess_validation_and_transform,39,0.1007
L02_seed2028,compiled_model_output_numpy,40,8.4643
L02_seed2028,preprocess_validation_and_transform,40,0.1169
L02_seed2028,compiled_model_output_numpy,41,8.4651
L02_seed2028,preprocess_validation_and_transform,41,0.1289
L02_seed2028,compiled_model_output_numpy,42,8.7599
L02_seed2028,preprocess_validation_and_transform,42,0.1164
L02_seed2028,compiled_model_output_numpy,43,8.9166
L02_seed2028,preprocess_validation_and_transform,43,0.1274
L02_seed2028,compiled_model_output_numpy,44,8.2758
L02_seed2028,preprocess_validation_and_transform,44,0.1301
L02_seed2028,compiled_model_output_numpy,45,8.6807
L02_seed2028,preprocess_validation_and_transform,45,0.1162
L02_seed2028,compiled_model_output_numpy,46,8.4326
L02_seed2028,preprocess_validation_and_transform,46,0.1369
L02_seed2028,compiled_model_output_numpy,47,7.2123
L02_seed2028,preprocess_validation_and_transform,47,0.1385
L02_seed2028,compiled_model_output_numpy,48,5.4938
L02_seed2028,preprocess_validation_and_transform,48,0.139
L02_seed2028,compiled_model_output_numpy,49,5.8722
L02_seed2028,preprocess_validation_and_transform,49,0.115
L02_seed2028,compiled_model_output_numpy,50,6.3557
L02_seed2028,preprocess_validation_and_transform,50,0.1098
L02_seed2028,compiled_model_output_numpy,51,8.8114
L02_seed2028,preprocess_validation_and_transform,51,0.0984
L02_seed2028,compiled_model_output_numpy,52,6.9437
L02_seed2028,preprocess_validation_and_transform,52,0.1484
L02_seed2028,compiled_model_output_numpy,53,8.4418
L02_seed2028,preprocess_validation_and_transform,53,0.1108
L02_seed2028,compiled_model_output_numpy,54,6.9544
L02_seed2028,preprocess_validation_and_transform,54,0.1113
L02_seed2028,compiled_model_output_numpy,55,5.0229
L02_seed2028,preprocess_validation_and_transform,55,0.1176
L02_seed2028,compiled_model_output_numpy,56,4.8161
L02_seed2028,preprocess_validation_and_transform,56,0.0805
L02_seed2028,compiled_model_output_numpy,57,4.1864
L02_seed2028,preprocess_validation_and_transform,57,0.0578
L02_seed2028,compiled_model_output_numpy,58,4.4498
L02_seed2028,preprocess_validation_and_transform,58,0.0603
L02_seed2028,compiled_model_output_numpy,59,4.092
L02_seed2028,preprocess_validation_and_transform,59,0.0563
L02_seed2028,compiled_model_output_numpy,60,4.1797
L02_seed2028,preprocess_validation_and_transform,60,0.0486
L02_seed2028,compiled_model_output_numpy,61,6.6779
L02_seed2028,preprocess_validation_and_transform,61,0.0613
L02_seed2028,compiled_model_output_numpy,62,4.1463
L02_seed2028,preprocess_validation_and_transform,62,0.0637
L02_seed2028,compiled_model_output_numpy,63,6.0033
L02_seed2028,preprocess_validation_and_transform,63,0.0472
L02_seed2028,compiled_model_output_numpy,64,4.1236
L02_seed2028,preprocess_validation_and_transform,64,0.0993
L02_seed2028,compiled_model_output_numpy,65,4.2727
L02_seed2028,preprocess_validation_and_transform,65,0.0508
L02_seed2028,compiled_model_output_numpy,66,4.1377
L02_seed2028,preprocess_validation_and_transform,66,0.0528
L02_seed2028,compiled_model_output_numpy,67,4.3668
L02_seed2028,preprocess_validation_and_transform,67,0.0849
L02_seed2028,compiled_model_output_numpy,68,4.3511
L02_seed2028,preprocess_validation_and_transform,68,0.0703
L02_seed2028,compiled_model_output_numpy,69,4.5284
L02_seed2028,preprocess_validation_and_transform,69,0.0591
L02_seed2028,compiled_model_output_numpy,70,5.8106
L02_seed2028,preprocess_validation_and_transform,70,0.0601
L02_seed2028,compiled_model_output_numpy,71,4.4859
L02_seed2028,preprocess_validation_and_transform,71,0.0573
L02_seed2028,compiled_model_output_numpy,72,4.4351
L02_seed2028,preprocess_validation_and_transform,72,0.0554
L02_seed2028,compiled_model_output_numpy,73,4.077
L02_seed2028,preprocess_validation_and_transform,73,0.0526
L02_seed2028,compiled_model_output_numpy,74,5.4738
L02_seed2028,preprocess_validation_and_transform,74,0.0567
L02_seed2028,compiled_model_output_numpy,75,6.2629
L02_seed2028,preprocess_validation_and_transform,75,0.0632
L02_seed2028,compiled_model_output_numpy,76,4.1211
L02_seed2028,preprocess_validation_and_transform,76,0.0562
L02_seed2028,compiled_model_output_numpy,77,5.5725
L02_seed2028,preprocess_validation_and_transform,77,0.0622
L02_seed2028,compiled_model_output_numpy,78,4.2732
L02_seed2028,preprocess_validation_and_transform,78,0.0585
L02_seed2028,compiled_model_output_numpy,79,4.1964
L02_seed2028,preprocess_validation_and_transform,79,0.0576
L02_seed2028,compiled_model_output_numpy,80,4.8107
L02_seed2028,preprocess_validation_and_transform,80,0.0577
L02_seed2028,compiled_model_output_numpy,81,4.2342
L02_seed2028,preprocess_validation_and_transform,81,0.0556
L02_seed2028,compiled_model_output_numpy,82,3.9771
L02_seed2028,preprocess_validation_and_transform,82,0.0564
L02_seed2028,compiled_model_output_numpy,83,4.4397
L02_seed2028,preprocess_validation_and_transform,83,0.0544
L02_seed2028,compiled_model_output_numpy,84,4.3782
L02_seed2028,preprocess_validation_and_transform,84,0.0526
L02_seed2028,compiled_model_output_numpy,85,5.423
L02_seed2028,preprocess_validation_and_transform,85,0.1276
L02_seed2028,compiled_model_output_numpy,86,4.0699
L02_seed2028,preprocess_validation_and_transform,86,0.0631
L02_seed2028,compiled_model_output_numpy,87,4.1415
L02_seed2028,preprocess_validation_and_transform,87,0.0542
L02_seed2028,compiled_model_output_numpy,88,4.2165
L02_seed2028,preprocess_validation_and_transform,88,0.0547
L02_seed2028,compiled_model_output_numpy,89,4.1746
L02_seed2028,preprocess_validation_and_transform,89,0.0558
L02_seed2028,compiled_model_output_numpy,90,4.1486
L02_seed2028,preprocess_validation_and_transform,90,0.0581
L02_seed2028,compiled_model_output_numpy,91,4.0198
L02_seed2028,preprocess_validation_and_transform,91,0.0534
L02_seed2028,compiled_model_output_numpy,92,6.1956
L02_seed2028,preprocess_validation_and_transform,92,0.0625
L02_seed2028,compiled_model_output_numpy,93,4.1327
L02_seed2028,preprocess_validation_and_transform,93,0.0597
L02_seed2028,compiled_model_output_numpy,94,4.4728
L02_seed2028,preprocess_validation_and_transform,94,0.0579
L02_seed2028,compiled_model_output_numpy,95,5.2052
L02_seed2028,preprocess_validation_and_transform,95,0.0634
L02_seed2028,compiled_model_output_numpy,96,4.2513
L02_seed2028,preprocess_validation_and_transform,96,0.0542
L02_seed2028,compiled_model_output_numpy,97,3.982
L02_seed2028,preprocess_validation_and_transform,97,0.0492
L02_seed2028,compiled_model_output_numpy,98,5.466
L02_seed2028,preprocess_validation_and_transform,98,0.0584
L02_seed2028,compiled_model_output_numpy,99,7.657
L02_seed2028,preprocess_validation_and_transform,99,0.0551
L02_seed2028,compiled_model_output_numpy,100,5.8456
L02_seed2028,preprocess_validation_and_transform,100,0.0872
L02_seed2028,compiled_model_output_numpy,101,5.6072
L02_seed2028,preprocess_validation_and_transform,101,0.0691
L02_seed2028,compiled_model_output_numpy,102,4.3245
L02_seed2028,preprocess_validation_and_transform,102,0.06
L02_seed2028,compiled_model_output_numpy,103,4.3486
L02_seed2028,preprocess_validation_and_transform,103,0.0605
L02_seed2028,compiled_model_output_numpy,104,4.2177
L02_seed2028,preprocess_validation_and_transform,104,0.0904
L02_seed2028,compiled_model_output_numpy,105,7.8688
L02_seed2028,preprocess_validation_and_transform,105,0.061
L02_seed2028,compiled_model_output_numpy,106,4.2184
L02_seed2028,preprocess_validation_and_transform,106,0.0659
L02_seed2028,compiled_model_output_numpy,107,4.115
L02_seed2028,preprocess_validation_and_transform,107,0.081
L02_seed2028,compiled_model_output_numpy,108,4.3283
L02_seed2028,preprocess_validation_and_transform,108,0.0582
L02_seed2028,compiled_model_output_numpy,109,4.1226
L02_seed2028,preprocess_validation_and_transform,109,0.0558
L02_seed2028,compiled_model_output_numpy,110,4.2559
L02_seed2028,preprocess_validation_and_transform,110,0.0525
L02_seed2028,compiled_model_output_numpy,111,6.945
L02_seed2028,preprocess_validation_and_transform,111,0.0594
L02_seed2028,compiled_model_output_numpy,112,4.1326
L02_seed2028,preprocess_validation_and_transform,112,0.0592
L02_seed2028,compiled_model_output_numpy,113,4.146
L02_seed2028,preprocess_validation_and_transform,113,0.0564
L02_seed2028,compiled_model_output_numpy,114,5.6561
L02_seed2028,preprocess_validation_and_transform,114,0.0743
L02_seed2028,compiled_model_output_numpy,115,4.3592
L02_seed2028,preprocess_validation_and_transform,115,0.0619
L02_seed2028,compiled_model_output_numpy,116,4.2485
L02_seed2028,preprocess_validation_and_transform,116,0.048
L02_seed2028,compiled_model_output_numpy,117,4.1757
L02_seed2028,preprocess_validation_and_transform,117,0.0527
L02_seed2028,compiled_model_output_numpy,118,4.0863
L02_seed2028,preprocess_validation_and_transform,118,0.0577
L02_seed2028,compiled_model_output_numpy,119,4.3062
L02_seed2028,preprocess_validation_and_transform,119,0.047
L02_seed2028,compiled_model_output_numpy,120,6.4089
L02_seed2028,preprocess_validation_and_transform,120,0.069
L02_seed2028,compiled_model_output_numpy,121,4.2215
L02_seed2028,preprocess_validation_and_transform,121,0.0638
L02_seed2028,compiled_model_output_numpy,122,8.4611
L02_seed2028,preprocess_validation_and_transform,122,0.109
L02_seed2028,compiled_model_output_numpy,123,8.2509
L02_seed2028,preprocess_validation_and_transform,123,0.0837
L02_seed2028,compiled_model_output_numpy,124,8.0545
L02_seed2028,preprocess_validation_and_transform,124,0.0751
L02_seed2028,compiled_model_output_numpy,125,7.9661
L02_seed2028,preprocess_validation_and_transform,125,0.0813
L02_seed2028,compiled_model_output_numpy,126,7.7798
L02_seed2028,preprocess_validation_and_transform,126,0.0766
L02_seed2028,compiled_model_output_numpy,127,6.1415
L02_seed2028,preprocess_validation_and_transform,127,0.0779
L02_seed2028,compiled_model_output_numpy,128,4.1402
L02_seed2028,preprocess_validation_and_transform,128,0.0665
L02_seed2028,compiled_model_output_numpy,129,4.7917
L02_seed2028,preprocess_validation_and_transform,129,0.059
L02_seed2028,compiled_model_output_numpy,130,4.3583
L02_seed2028,preprocess_validation_and_transform,130,0.0541
L02_seed2028,compiled_model_output_numpy,131,4.0365
L02_seed2028,preprocess_validation_and_transform,131,0.0552
L02_seed2028,compiled_model_output_numpy,132,4.1456
L02_seed2028,preprocess_validation_and_transform,132,0.0567
L02_seed2028,compiled_model_output_numpy,133,3.9498
L02_seed2028,preprocess_validation_and_transform,133,0.0556
L02_seed2028,compiled_model_output_numpy,134,4.4506
L02_seed2028,preprocess_validation_and_transform,134,0.0545
L02_seed2028,compiled_model_output_numpy,135,7.1706
L02_seed2028,preprocess_validation_and_transform,135,0.0524
L02_seed2028,compiled_model_output_numpy,136,4.2888
L02_seed2028,preprocess_validation_and_transform,136,0.0533
L02_seed2028,compiled_model_output_numpy,137,6.3327
L02_seed2028,preprocess_validation_and_transform,137,0.0618
L02_seed2028,compiled_model_output_numpy,138,4.8851
L02_seed2028,preprocess_validation_and_transform,138,0.0592
L02_seed2028,compiled_model_output_numpy,139,4.6771
L02_seed2028,preprocess_validation_and_transform,139,0.0575
L02_seed2028,compiled_model_output_numpy,140,5.2819
L02_seed2028,preprocess_validation_and_transform,140,0.058
L02_seed2028,compiled_model_output_numpy,141,4.6081
L02_seed2028,preprocess_validation_and_transform,141,0.1724
L02_seed2028,compiled_model_output_numpy,142,6.4292
L02_seed2028,preprocess_validation_and_transform,142,0.0557
L02_seed2028,compiled_model_output_numpy,143,4.6575
L02_seed2028,preprocess_validation_and_transform,143,0.056
L02_seed2028,compiled_model_output_numpy,144,5.4665
L02_seed2028,preprocess_validation_and_transform,144,0.0585
L02_seed2028,compiled_model_output_numpy,145,4.425
L02_seed2028,preprocess_validation_and_transform,145,0.056
L02_seed2028,compiled_model_output_numpy,146,5.9895
L02_seed2028,preprocess_validation_and_transform,146,0.0593
L02_seed2028,compiled_model_output_numpy,147,4.6452
L02_seed2028,preprocess_validation_and_transform,147,0.0537
L02_seed2028,compiled_model_output_numpy,148,4.2964
L02_seed2028,preprocess_validation_and_transform,148,0.0554
L02_seed2028,compiled_model_output_numpy,149,5.7063
L02_seed2028,preprocess_validation_and_transform,149,0.0565
L02_seed2028,compiled_model_output_numpy,150,4.0986
L02_seed2028,preprocess_validation_and_transform,150,0.0582
L02_seed2028,compiled_model_output_numpy,151,5.55
L02_seed2028,preprocess_validation_and_transform,151,0.0553
L02_seed2028,compiled_model_output_numpy,152,4.1558
L02_seed2028,preprocess_validation_and_transform,152,0.0579
L02_seed2028,compiled_model_output_numpy,153,4.8922
L02_seed2028,preprocess_validation_and_transform,153,0.0576
L02_seed2028,compiled_model_output_numpy,154,5.418
L02_seed2028,preprocess_validation_and_transform,154,0.0593
L02_seed2028,compiled_model_output_numpy,155,6.3762
L02_seed2028,preprocess_validation_and_transform,155,0.0585
L02_seed2028,compiled_model_output_numpy,156,6.6301
L02_seed2028,preprocess_validation_and_transform,156,0.0612
L02_seed2028,compiled_model_output_numpy,157,4.2799
L02_seed2028,preprocess_validation_and_transform,157,0.058
L02_seed2028,compiled_model_output_numpy,158,4.497
L02_seed2028,preprocess_validation_and_transform,158,0.0563
L02_seed2028,compiled_model_output_numpy,159,4.0371
L02_seed2028,preprocess_validation_and_transform,159,0.0507
L02_seed2028,compiled_model_output_numpy,160,4.7375
L02_seed2028,preprocess_validation_and_transform,160,0.059
L02_seed2028,compiled_model_output_numpy,161,3.9589
L02_seed2028,preprocess_validation_and_transform,161,0.0542
L02_seed2028,compiled_model_output_numpy,162,4.141
L02_seed2028,preprocess_validation_and_transform,162,0.0559
L02_seed2028,compiled_model_output_numpy,163,4.4654
L02_seed2028,preprocess_validation_and_transform,163,0.0507
L02_seed2028,compiled_model_output_numpy,164,4.0668
L02_seed2028,preprocess_validation_and_transform,164,0.0555
L02_seed2028,compiled_model_output_numpy,165,4.2473
L02_seed2028,preprocess_validation_and_transform,165,0.0559
L02_seed2028,compiled_model_output_numpy,166,4.1552
L02_seed2028,preprocess_validation_and_transform,166,0.0525
L02_seed2028,compiled_model_output_numpy,167,4.2756
L02_seed2028,preprocess_validation_and_transform,167,0.0544
L02_seed2028,compiled_model_output_numpy,168,4.1914
L02_seed2028,preprocess_validation_and_transform,168,0.072
L02_seed2028,compiled_model_output_numpy,169,4.057
L02_seed2028,preprocess_validation_and_transform,169,0.0466
L02_seed2028,compiled_model_output_numpy,170,4.1009
L02_seed2028,preprocess_validation_and_transform,170,0.0538
L02_seed2028,compiled_model_output_numpy,171,4.2926
L02_seed2028,preprocess_validation_and_transform,171,0.0528
L02_seed2028,compiled_model_output_numpy,172,4.2711
L02_seed2028,preprocess_validation_and_transform,172,0.0582
L02_seed2028,compiled_model_output_numpy,173,4.3306
L02_seed2028,preprocess_validation_and_transform,173,0.056
L02_seed2028,compiled_model_output_numpy,174,6.9514
L02_seed2028,preprocess_validation_and_transform,174,0.0727
L02_seed2028,compiled_model_output_numpy,175,4.2527
L02_seed2028,preprocess_validation_and_transform,175,0.0583
L02_seed2028,compiled_model_output_numpy,176,4.459
L02_seed2028,preprocess_validation_and_transform,176,0.0547
L02_seed2028,compiled_model_output_numpy,177,4.6644
L02_seed2028,preprocess_validation_and_transform,177,0.0573
L02_seed2028,compiled_model_output_numpy,178,4.6145
L02_seed2028,preprocess_validation_and_transform,178,0.054
L02_seed2028,compiled_model_output_numpy,179,4.3628
L02_seed2028,preprocess_validation_and_transform,179,0.057
L02_seed2028,compiled_model_output_numpy,180,4.456
L02_seed2028,preprocess_validation_and_transform,180,0.052
L02_seed2028,compiled_model_output_numpy,181,4.474
L02_seed2028,preprocess_validation_and_transform,181,0.0579
L02_seed2028,compiled_model_output_numpy,182,5.2451
L02_seed2028,preprocess_validation_and_transform,182,0.0538
L02_seed2028,compiled_model_output_numpy,183,4.7351
L02_seed2028,preprocess_validation_and_transform,183,0.0576
L02_seed2028,compiled_model_output_numpy,184,4.0293
L02_seed2028,preprocess_validation_and_transform,184,0.0545
L02_seed2028,compiled_model_output_numpy,185,4.1854
L02_seed2028,preprocess_validation_and_transform,185,0.067
L02_seed2028,compiled_model_output_numpy,186,4.6263
L02_seed2028,preprocess_validation_and_transform,186,0.0529
L02_seed2028,compiled_model_output_numpy,187,4.2251
L02_seed2028,preprocess_validation_and_transform,187,0.0553
L02_seed2028,compiled_model_output_numpy,188,4.287
L02_seed2028,preprocess_validation_and_transform,188,0.0579
L02_seed2028,compiled_model_output_numpy,189,4.156
L02_seed2028,preprocess_validation_and_transform,189,0.0599
L02_seed2028,compiled_model_output_numpy,190,4.0343
L02_seed2028,preprocess_validation_and_transform,190,0.0553
L02_seed2028,compiled_model_output_numpy,191,6.2786
L02_seed2028,preprocess_validation_and_transform,191,0.0564
L02_seed2028,compiled_model_output_numpy,192,5.1178
L02_seed2028,preprocess_validation_and_transform,192,0.0524
L02_seed2028,compiled_model_output_numpy,193,5.3307
L02_seed2028,preprocess_validation_and_transform,193,0.0589
L02_seed2028,compiled_model_output_numpy,194,4.327
L02_seed2028,preprocess_validation_and_transform,194,0.1085
L02_seed2028,compiled_model_output_numpy,195,4.3846
L02_seed2028,preprocess_validation_and_transform,195,0.0576
L02_seed2028,compiled_model_output_numpy,196,4.2989
L02_seed2028,preprocess_validation_and_transform,196,0.0625
L02_seed2028,compiled_model_output_numpy,197,4.3752
L02_seed2028,preprocess_validation_and_transform,197,0.0554
L02_seed2028,compiled_model_output_numpy,198,4.0533
L02_seed2028,preprocess_validation_and_transform,198,0.0552
L02_seed2028,compiled_model_output_numpy,199,4.5423
L02_seed2028,preprocess_validation_and_transform,199,0.056
L02_seed2028,compiled_model_output_numpy,200,4.3805
L02_seed2028,preprocess_validation_and_transform,200,0.0494
L02_seed2028,compiled_model_output_numpy,201,3.9833
L02_seed2028,preprocess_validation_and_transform,201,0.0373
L02_seed2028,compiled_model_output_numpy,202,4.2126
L02_seed2028,preprocess_validation_and_transform,202,0.0608
L02_seed2028,compiled_model_output_numpy,203,4.212
L02_seed2028,preprocess_validation_and_transform,203,0.0561
L02_seed2028,compiled_model_output_numpy,204,4.0675
L02_seed2028,preprocess_validation_and_transform,204,0.0388
L02_seed2028,compiled_model_output_numpy,205,6.0975
L02_seed2028,preprocess_validation_and_transform,205,0.0582
L02_seed2028,compiled_model_output_numpy,206,4.4157
L02_seed2028,preprocess_validation_and_transform,206,0.0569
L02_seed2028,compiled_model_output_numpy,207,4.4322
L02_seed2028,preprocess_validation_and_transform,207,0.0581
L02_seed2028,compiled_model_output_numpy,208,3.9887
L02_seed2028,preprocess_validation_and_transform,208,0.0531
L02_seed2028,compiled_model_output_numpy,209,4.5501
L02_seed2028,preprocess_validation_and_transform,209,0.0518
L02_seed2028,compiled_model_output_numpy,210,4.0676
L02_seed2028,preprocess_validation_and_transform,210,0.0587
L02_seed2028,compiled_model_output_numpy,211,4.1828
L02_seed2028,preprocess_validation_and_transform,211,0.0407
L02_seed2028,compiled_model_output_numpy,212,3.9941
L02_seed2028,preprocess_validation_and_transform,212,0.06
L02_seed2028,compiled_model_output_numpy,213,4.2704
L02_seed2028,preprocess_validation_and_transform,213,0.0463
L02_seed2028,compiled_model_output_numpy,214,4.1346
L02_seed2028,preprocess_validation_and_transform,214,0.0872
L02_seed2028,compiled_model_output_numpy,215,4.716
L02_seed2028,preprocess_validation_and_transform,215,0.0626
L02_seed2028,compiled_model_output_numpy,216,5.4489
L02_seed2028,preprocess_validation_and_transform,216,0.0537
L02_seed2028,compiled_model_output_numpy,217,4.0119
L02_seed2028,preprocess_validation_and_transform,217,0.0418
L02_seed2028,compiled_model_output_numpy,218,4.6764
L02_seed2028,preprocess_validation_and_transform,218,0.0583
L02_seed2028,compiled_model_output_numpy,219,4.0995
L02_seed2028,preprocess_validation_and_transform,219,0.0584
L02_seed2028,compiled_model_output_numpy,220,4.0172
L02_seed2028,preprocess_validation_and_transform,220,0.0575
L02_seed2028,compiled_model_output_numpy,221,7.1115
L02_seed2028,preprocess_validation_and_transform,221,0.0538
L02_seed2028,compiled_model_output_numpy,222,4.0598
L02_seed2028,preprocess_validation_and_transform,222,0.0465
L02_seed2028,compiled_model_output_numpy,223,4.2208
L02_seed2028,preprocess_validation_and_transform,223,0.0548
L02_seed2028,compiled_model_output_numpy,224,4.165
L02_seed2028,preprocess_validation_and_transform,224,0.0545
L02_seed2028,compiled_model_output_numpy,225,4.2149
L02_seed2028,preprocess_validation_and_transform,225,0.0566
L02_seed2028,compiled_model_output_numpy,226,4.0566
L02_seed2028,preprocess_validation_and_transform,226,0.0578
L02_seed2028,compiled_model_output_numpy,227,5.3705
L02_seed2028,preprocess_validation_and_transform,227,0.2256
L02_seed2028,compiled_model_output_numpy,228,4.5948
L02_seed2028,preprocess_validation_and_transform,228,0.0596
L02_seed2028,compiled_model_output_numpy,229,4.4456
L02_seed2028,preprocess_validation_and_transform,229,0.0552
L02_seed2028,compiled_model_output_numpy,230,4.2514
L02_seed2028,preprocess_validation_and_transform,230,0.0581
L02_seed2028,compiled_model_output_numpy,231,5.0453
L02_seed2028,preprocess_validation_and_transform,231,0.0564
L02_seed2028,compiled_model_output_numpy,232,4.0801
L02_seed2028,preprocess_validation_and_transform,232,0.0803
L02_seed2028,compiled_model_output_numpy,233,4.024
L02_seed2028,preprocess_validation_and_transform,233,0.05
L02_seed2028,compiled_model_output_numpy,234,4.1954
L02_seed2028,preprocess_validation_and_transform,234,0.0558
L02_seed2028,compiled_model_output_numpy,235,4.1273
L02_seed2028,preprocess_validation_and_transform,235,0.0552
L02_seed2028,compiled_model_output_numpy,236,4.5815
L02_seed2028,preprocess_validation_and_transform,236,0.0572
L02_seed2028,compiled_model_output_numpy,237,4.4075
L02_seed2028,preprocess_validation_and_transform,237,0.0556
L02_seed2028,compiled_model_output_numpy,238,4.4085
L02_seed2028,preprocess_validation_and_transform,238,0.0567
L02_seed2028,compiled_model_output_numpy,239,4.3303
L02_seed2028,preprocess_validation_and_transform,239,0.0545
L02_seed2028,compiled_model_output_numpy,240,4.2513
L02_seed2028,preprocess_validation_and_transform,240,0.0549
L02_seed2028,compiled_model_output_numpy,241,4.3124
L02_seed2028,preprocess_validation_and_transform,241,0.0561
L02_seed2028,compiled_model_output_numpy,242,4.2797
L02_seed2028,preprocess_validation_and_transform,242,0.0527
L02_seed2028,compiled_model_output_numpy,243,4.2904
L02_seed2028,preprocess_validation_and_transform,243,0.0557
L02_seed2028,compiled_model_output_numpy,244,4.2514
L02_seed2028,preprocess_validation_and_transform,244,0.0921
L02_seed2028,compiled_model_output_numpy,245,4.4889
L02_seed2028,preprocess_validation_and_transform,245,0.0638
L02_seed2028,compiled_model_output_numpy,246,4.2575
L02_seed2028,preprocess_validation_and_transform,246,0.0615
L02_seed2028,compiled_model_output_numpy,247,4.3339
L02_seed2028,preprocess_validation_and_transform,247,0.0607
L02_seed2028,compiled_model_output_numpy,248,4.0899
L02_seed2028,preprocess_validation_and_transform,248,0.0569
L02_seed2028,compiled_model_output_numpy,249,5.6238
L02_seed2028,preprocess_validation_and_transform,249,0.051
L02_seed2028,compiled_model_output_numpy,250,3.9124
L02_seed2028,preprocess_validation_and_transform,250,0.0434
L02_seed2028,compiled_model_output_numpy,251,3.9037
L02_seed2028,preprocess_validation_and_transform,251,0.0436
L02_seed2028,compiled_model_output_numpy,252,3.9904
L02_seed2028,preprocess_validation_and_transform,252,0.0546
L02_seed2028,compiled_model_output_numpy,253,4.2384
L02_seed2028,preprocess_validation_and_transform,253,0.0572
L02_seed2028,compiled_model_output_numpy,254,5.4202
L02_seed2028,preprocess_validation_and_transform,254,0.0538
L02_seed2028,compiled_model_output_numpy,255,4.1066
L02_seed2028,preprocess_validation_and_transform,255,0.0561
L02_seed2028,compiled_model_output_numpy,256,5.2632
L02_seed2028,preprocess_validation_and_transform,256,0.0557
L02_seed2028,compiled_model_output_numpy,257,4.2054
L02_seed2028,preprocess_validation_and_transform,257,0.0559
L02_seed2028,compiled_model_output_numpy,258,5.0799
L02_seed2028,preprocess_validation_and_transform,258,0.057
L02_seed2028,compiled_model_output_numpy,259,6.1956
L02_seed2028,preprocess_validation_and_transform,259,0.0499
L02_seed2028,compiled_model_output_numpy,260,4.1494
L02_seed2028,preprocess_validation_and_transform,260,0.056
L02_seed2028,compiled_model_output_numpy,261,4.1521
L02_seed2028,preprocess_validation_and_transform,261,0.0531
L02_seed2028,compiled_model_output_numpy,262,4.593
L02_seed2028,preprocess_validation_and_transform,262,0.0592
L02_seed2028,compiled_model_output_numpy,263,4.197
L02_seed2028,preprocess_validation_and_transform,263,0.0529
L02_seed2028,compiled_model_output_numpy,264,4.2331
L02_seed2028,preprocess_validation_and_transform,264,0.0558
L02_seed2028,compiled_model_output_numpy,265,4.4623
L02_seed2028,preprocess_validation_and_transform,265,0.0585
L02_seed2028,compiled_model_output_numpy,266,4.7114
L02_seed2028,preprocess_validation_and_transform,266,0.0594
L02_seed2028,compiled_model_output_numpy,267,5.4541
L02_seed2028,preprocess_validation_and_transform,267,0.0576
L02_seed2028,compiled_model_output_numpy,268,4.0293
L02_seed2028,preprocess_validation_and_transform,268,0.0597
L02_seed2028,compiled_model_output_numpy,269,4.1821
L02_seed2028,preprocess_validation_and_transform,269,0.0566
L02_seed2028,compiled_model_output_numpy,270,4.3519
L02_seed2028,preprocess_validation_and_transform,270,0.0534
L02_seed2028,compiled_model_output_numpy,271,4.1398
L02_seed2028,preprocess_validation_and_transform,271,0.0566
L02_seed2028,compiled_model_output_numpy,272,6.345
L02_seed2028,preprocess_validation_and_transform,272,0.0563
L02_seed2028,compiled_model_output_numpy,273,4.337
L02_seed2028,preprocess_validation_and_transform,273,0.0547
L02_seed2028,compiled_model_output_numpy,274,4.1365
L02_seed2028,preprocess_validation_and_transform,274,0.0567
L02_seed2028,compiled_model_output_numpy,275,4.1596
L02_seed2028,preprocess_validation_and_transform,275,0.0518
L02_seed2028,compiled_model_output_numpy,276,4.1225
L02_seed2028,preprocess_validation_and_transform,276,0.0859
L02_seed2028,compiled_model_output_numpy,277,4.2816
L02_seed2028,preprocess_validation_and_transform,277,0.0678
L02_seed2028,compiled_model_output_numpy,278,4.363
L02_seed2028,preprocess_validation_and_transform,278,0.0608
L02_seed2028,compiled_model_output_numpy,279,4.5434
L02_seed2028,preprocess_validation_and_transform,279,0.056
L02_seed2028,compiled_model_output_numpy,280,4.4205
L02_seed2028,preprocess_validation_and_transform,280,0.0525
L02_seed2028,compiled_model_output_numpy,281,4.3097
L02_seed2028,preprocess_validation_and_transform,281,0.0563
L02_seed2028,compiled_model_output_numpy,282,4.4789
L02_seed2028,preprocess_validation_and_transform,282,0.0538
L02_seed2028,compiled_model_output_numpy,283,5.4899
L02_seed2028,preprocess_validation_and_transform,283,0.0582
L02_seed2028,compiled_model_output_numpy,284,4.299
L02_seed2028,preprocess_validation_and_transform,284,0.0532
L02_seed2028,compiled_model_output_numpy,285,3.9981
L02_seed2028,preprocess_validation_and_transform,285,0.0485
L02_seed2028,compiled_model_output_numpy,286,5.9549
L02_seed2028,preprocess_validation_and_transform,286,0.0545
L02_seed2028,compiled_model_output_numpy,287,5.6564
L02_seed2028,preprocess_validation_and_transform,287,0.0591
L02_seed2028,compiled_model_output_numpy,288,5.5551
L02_seed2028,preprocess_validation_and_transform,288,0.0573
L02_seed2028,compiled_model_output_numpy,289,4.6088
L02_seed2028,preprocess_validation_and_transform,289,0.0584
L02_seed2028,compiled_model_output_numpy,290,4.9625
L02_seed2028,preprocess_validation_and_transform,290,0.0541
L02_seed2028,compiled_model_output_numpy,291,4.542
L02_seed2028,preprocess_validation_and_transform,291,0.0881
L02_seed2028,compiled_model_output_numpy,292,4.3766
L02_seed2028,preprocess_validation_and_transform,292,0.0652
L02_seed2028,compiled_model_output_numpy,293,4.3286
L02_seed2028,preprocess_validation_and_transform,293,0.0566
L02_seed2028,compiled_model_output_numpy,294,4.1411
L02_seed2028,preprocess_validation_and_transform,294,0.0565
L02_seed2028,compiled_model_output_numpy,295,4.4583
L02_seed2028,preprocess_validation_and_transform,295,0.0577
L02_seed2028,compiled_model_output_numpy,296,4.3987
L02_seed2028,preprocess_validation_and_transform,296,0.0551
L02_seed2028,compiled_model_output_numpy,297,4.0888
L02_seed2028,preprocess_validation_and_transform,297,0.0729
L02_seed2028,compiled_model_output_numpy,298,5.0261
L02_seed2028,preprocess_validation_and_transform,298,0.0541
L02_seed2028,compiled_model_output_numpy,299,4.3435
L02_seed2028,preprocess_validation_and_transform,299,0.0532
L02_seed2028,compiled_model_output_numpy,300,4.3001
L02_seed2028,preprocess_validation_and_transform,300,0.0532
L02_seed2028,compiled_model_output_numpy,301,4.0631
L02_seed2028,preprocess_validation_and_transform,301,0.0402
L02_seed2028,compiled_model_output_numpy,302,4.2136
L02_seed2028,preprocess_validation_and_transform,302,0.0583
L02_seed2028,compiled_model_output_numpy,303,4.2366
L02_seed2028,preprocess_validation_and_transform,303,0.0538
L02_seed2028,compiled_model_output_numpy,304,4.3523
L02_seed2028,preprocess_validation_and_transform,304,0.0541
L02_seed2028,compiled_model_output_numpy,305,5.7058
L02_seed2028,preprocess_validation_and_transform,305,0.1447
L02_seed2028,compiled_model_output_numpy,306,6.4143
L02_seed2028,preprocess_validation_and_transform,306,0.0592
L02_seed2028,compiled_model_output_numpy,307,6.1001
L02_seed2028,preprocess_validation_and_transform,307,0.0564
L02_seed2028,compiled_model_output_numpy,308,4.4263
L02_seed2028,preprocess_validation_and_transform,308,0.0553
L02_seed2028,compiled_model_output_numpy,309,4.2944
L02_seed2028,preprocess_validation_and_transform,309,0.0547
L02_seed2028,compiled_model_output_numpy,310,4.2597
L02_seed2028,preprocess_validation_and_transform,310,0.0548
L02_seed2028,compiled_model_output_numpy,311,4.0615
L02_seed2028,preprocess_validation_and_transform,311,0.0552
L02_seed2028,compiled_model_output_numpy,312,4.3835
L02_seed2028,preprocess_validation_and_transform,312,0.053
L02_seed2028,compiled_model_output_numpy,313,3.8859
L02_seed2028,preprocess_validation_and_transform,313,0.0476
L02_seed2028,compiled_model_output_numpy,314,4.1009
L02_seed2028,preprocess_validation_and_transform,314,0.0594
L02_seed2028,compiled_model_output_numpy,315,3.9957
L02_seed2028,preprocess_validation_and_transform,315,0.0596
L02_seed2028,compiled_model_output_numpy,316,4.3057
L02_seed2028,preprocess_validation_and_transform,316,0.0552
L02_seed2028,compiled_model_output_numpy,317,4.0497
L02_seed2028,preprocess_validation_and_transform,317,0.0517
L02_seed2028,compiled_model_output_numpy,318,4.3578
L02_seed2028,preprocess_validation_and_transform,318,0.0577
L02_seed2028,compiled_model_output_numpy,319,4.5245
L02_seed2028,preprocess_validation_and_transform,319,0.0529
L02_seed2028,compiled_model_output_numpy,320,4.3494
L02_seed2028,preprocess_validation_and_transform,320,0.0508
L02_seed2028,compiled_model_output_numpy,321,4.0362
L02_seed2028,preprocess_validation_and_transform,321,0.0478
L02_seed2028,compiled_model_output_numpy,322,4.2066
L02_seed2028,preprocess_validation_and_transform,322,0.0511
L02_seed2028,compiled_model_output_numpy,323,3.9996
L02_seed2028,preprocess_validation_and_transform,323,0.0547
L02_seed2028,compiled_model_output_numpy,324,3.8739
L02_seed2028,preprocess_validation_and_transform,324,0.0418
L02_seed2028,compiled_model_output_numpy,325,5.3034
L02_seed2028,preprocess_validation_and_transform,325,0.0537
L02_seed2028,compiled_model_output_numpy,326,4.6611
L02_seed2028,preprocess_validation_and_transform,326,0.0618
L02_seed2028,compiled_model_output_numpy,327,5.7141
L02_seed2028,preprocess_validation_and_transform,327,0.0556
L02_seed2028,compiled_model_output_numpy,328,4.2773
L02_seed2028,preprocess_validation_and_transform,328,0.0499
L02_seed2028,compiled_model_output_numpy,329,4.7623
L02_seed2028,preprocess_validation_and_transform,329,0.0834
L02_seed2028,compiled_model_output_numpy,330,4.4251
L02_seed2028,preprocess_validation_and_transform,330,0.0612
L02_seed2028,compiled_model_output_numpy,331,4.2508
L02_seed2028,preprocess_validation_and_transform,331,0.0597
L02_seed2028,compiled_model_output_numpy,332,4.2738
L02_seed2028,preprocess_validation_and_transform,332,0.0529
L02_seed2028,compiled_model_output_numpy,333,4.0255
L02_seed2028,preprocess_validation_and_transform,333,0.0595
L02_seed2028,compiled_model_output_numpy,334,7.3396
L02_seed2028,preprocess_validation_and_transform,334,0.0592
L02_seed2028,compiled_model_output_numpy,335,4.1193
L02_seed2028,preprocess_validation_and_transform,335,0.0469
L02_seed2028,compiled_model_output_numpy,336,4.0578
L02_seed2028,preprocess_validation_and_transform,336,0.0543
L02_seed2028,compiled_model_output_numpy,337,3.9946
L02_seed2028,preprocess_validation_and_transform,337,0.0478
L02_seed2028,compiled_model_output_numpy,338,3.9294
L02_seed2028,preprocess_validation_and_transform,338,0.0586
L02_seed2028,compiled_model_output_numpy,339,4.1467
L02_seed2028,preprocess_validation_and_transform,339,0.0542
L02_seed2028,compiled_model_output_numpy,340,4.16
L02_seed2028,preprocess_validation_and_transform,340,0.0564
L02_seed2028,compiled_model_output_numpy,341,4.1604
L02_seed2028,preprocess_validation_and_transform,341,0.0514
L02_seed2028,compiled_model_output_numpy,342,4.3781
L02_seed2028,preprocess_validation_and_transform,342,0.0544
L02_seed2028,compiled_model_output_numpy,343,5.1593
L02_seed2028,preprocess_validation_and_transform,343,0.0565
L02_seed2028,compiled_model_output_numpy,344,4.4215
L02_seed2028,preprocess_validation_and_transform,344,0.0552
L02_seed2028,compiled_model_output_numpy,345,4.696
L02_seed2028,preprocess_validation_and_transform,345,0.0576
L02_seed2028,compiled_model_output_numpy,346,4.2082
L02_seed2028,preprocess_validation_and_transform,346,0.0538
L02_seed2028,compiled_model_output_numpy,347,4.4065
L02_seed2028,preprocess_validation_and_transform,347,0.0839
L02_seed2028,compiled_model_output_numpy,348,4.6663
L02_seed2028,preprocess_validation_and_transform,348,0.0614
L02_seed2028,compiled_model_output_numpy,349,4.5789
L02_seed2028,preprocess_validation_and_transform,349,0.0573
L02_seed2028,compiled_model_output_numpy,350,5.4023
L02_seed2028,preprocess_validation_and_transform,350,0.0551
L02_seed2028,compiled_model_output_numpy,351,5.5425
L02_seed2028,preprocess_validation_and_transform,351,0.0564
L02_seed2028,compiled_model_output_numpy,352,4.5486
L02_seed2028,preprocess_validation_and_transform,352,0.0589
L02_seed2028,compiled_model_output_numpy,353,4.1649
L02_seed2028,preprocess_validation_and_transform,353,0.0568
L02_seed2028,compiled_model_output_numpy,354,4.1764
L02_seed2028,preprocess_validation_and_transform,354,0.0517
L02_seed2028,compiled_model_output_numpy,355,5.1921
L02_seed2028,preprocess_validation_and_transform,355,0.0567
L02_seed2028,compiled_model_output_numpy,356,4.4254
L02_seed2028,preprocess_validation_and_transform,356,0.0551
L02_seed2028,compiled_model_output_numpy,357,4.1458
L02_seed2028,preprocess_validation_and_transform,357,0.0556
L02_seed2028,compiled_model_output_numpy,358,4.3149
L02_seed2028,preprocess_validation_and_transform,358,0.0558
L02_seed2028,compiled_model_output_numpy,359,4.1035
L02_seed2028,preprocess_validation_and_transform,359,0.0469
L02_seed2028,compiled_model_output_numpy,360,4.3945
L02_seed2028,preprocess_validation_and_transform,360,0.0584
L02_seed2028,compiled_model_output_numpy,361,4.5112
L02_seed2028,preprocess_validation_and_transform,361,0.0544
L02_seed2028,compiled_model_output_numpy,362,4.0269
L02_seed2028,preprocess_validation_and_transform,362,0.0551
L02_seed2028,compiled_model_output_numpy,363,4.5509
L02_seed2028,preprocess_validation_and_transform,363,0.0557
L02_seed2028,compiled_model_output_numpy,364,4.2193
L02_seed2028,preprocess_validation_and_transform,364,0.0583
L02_seed2028,compiled_model_output_numpy,365,4.4972
L02_seed2028,preprocess_validation_and_transform,365,0.0562
L02_seed2028,compiled_model_output_numpy,366,4.5373
L02_seed2028,preprocess_validation_and_transform,366,0.0531
L02_seed2028,compiled_model_output_numpy,367,4.4983
L02_seed2028,preprocess_validation_and_transform,367,0.0844
L02_seed2028,compiled_model_output_numpy,368,4.247
L02_seed2028,preprocess_validation_and_transform,368,0.0635
L02_seed2028,compiled_model_output_numpy,369,4.376
L02_seed2028,preprocess_validation_and_transform,369,0.0574
L02_seed2028,compiled_model_output_numpy,370,4.5721
L02_seed2028,preprocess_validation_and_transform,370,0.0586
L02_seed2028,compiled_model_output_numpy,371,4.3554
L02_seed2028,preprocess_validation_and_transform,371,0.0539
L02_seed2028,compiled_model_output_numpy,372,4.152
L02_seed2028,preprocess_validation_and_transform,372,0.0544
L02_seed2028,compiled_model_output_numpy,373,4.6893
L02_seed2028,preprocess_validation_and_transform,373,0.0576
L02_seed2028,compiled_model_output_numpy,374,4.6492
L02_seed2028,preprocess_validation_and_transform,374,0.0603
L02_seed2028,compiled_model_output_numpy,375,5.2798
L02_seed2028,preprocess_validation_and_transform,375,0.0614
L02_seed2028,compiled_model_output_numpy,376,4.2665
L02_seed2028,preprocess_validation_and_transform,376,0.0547
L02_seed2028,compiled_model_output_numpy,377,4.4595
L02_seed2028,preprocess_validation_and_transform,377,0.0595
L02_seed2028,compiled_model_output_numpy,378,4.3207
L02_seed2028,preprocess_validation_and_transform,378,0.0408
L02_seed2028,compiled_model_output_numpy,379,4.3433
L02_seed2028,preprocess_validation_and_transform,379,0.0565
L02_seed2028,compiled_model_output_numpy,380,4.2327
L02_seed2028,preprocess_validation_and_transform,380,0.0532
L02_seed2028,compiled_model_output_numpy,381,4.2263
L02_seed2028,preprocess_validation_and_transform,381,0.0555
L02_seed2028,compiled_model_output_numpy,382,4.0287
L02_seed2028,preprocess_validation_and_transform,382,0.055
L02_seed2028,compiled_model_output_numpy,383,4.6146
L02_seed2028,preprocess_validation_and_transform,383,0.0633
L02_seed2028,compiled_model_output_numpy,384,4.3006
L02_seed2028,preprocess_validation_and_transform,384,0.0562
L02_seed2028,compiled_model_output_numpy,385,4.0707
L02_seed2028,preprocess_validation_and_transform,385,0.0546
L02_seed2028,compiled_model_output_numpy,386,4.1275
L02_seed2028,preprocess_validation_and_transform,386,0.0555
L02_seed2028,compiled_model_output_numpy,387,5.1135
L02_seed2028,preprocess_validation_and_transform,387,0.0596
L02_seed2028,compiled_model_output_numpy,388,4.2624
L02_seed2028,preprocess_validation_and_transform,388,0.0579
L02_seed2028,compiled_model_output_numpy,389,4.4004
L02_seed2028,preprocess_validation_and_transform,389,0.0575
L02_seed2028,compiled_model_output_numpy,390,6.5214
L02_seed2028,preprocess_validation_and_transform,390,0.0568
L02_seed2028,compiled_model_output_numpy,391,4.2677
L02_seed2028,preprocess_validation_and_transform,391,0.0488
L02_seed2028,compiled_model_output_numpy,392,4.6464
L02_seed2028,preprocess_validation_and_transform,392,0.0529
L02_seed2028,compiled_model_output_numpy,393,4.3818
L02_seed2028,preprocess_validation_and_transform,393,0.0493
L02_seed2028,compiled_model_output_numpy,394,5.5996
L02_seed2028,preprocess_validation_and_transform,394,0.0581
L02_seed2028,compiled_model_output_numpy,395,4.2908
L02_seed2028,preprocess_validation_and_transform,395,0.0507
L02_seed2028,compiled_model_output_numpy,396,5.2191
L02_seed2028,preprocess_validation_and_transform,396,0.0572
L02_seed2028,compiled_model_output_numpy,397,4.6545
L02_seed2028,preprocess_validation_and_transform,397,0.0598
L02_seed2028,compiled_model_output_numpy,398,5.4533
L02_seed2028,preprocess_validation_and_transform,398,0.0556
L02_seed2028,compiled_model_output_numpy,399,4.158
L02_seed2028,preprocess_validation_and_transform,399,0.049
L02_seed2028,compiled_model_output_numpy,400,4.1676
L02_seed2028,preprocess_validation_and_transform,400,0.0598
L02_seed2028,compiled_model_output_numpy,401,4.2909
L02_seed2028,preprocess_validation_and_transform,401,0.0595
L02_seed2028,compiled_model_output_numpy,402,4.2647
L02_seed2028,preprocess_validation_and_transform,402,0.0561
L02_seed2028,compiled_model_output_numpy,403,3.9553
L02_seed2028,preprocess_validation_and_transform,403,0.0537
L02_seed2028,compiled_model_output_numpy,404,4.247
L02_seed2028,preprocess_validation_and_transform,404,0.0582
L02_seed2028,compiled_model_output_numpy,405,4.0776
L02_seed2028,preprocess_validation_and_transform,405,0.0552
L02_seed2028,compiled_model_output_numpy,406,4.2503
L02_seed2028,preprocess_validation_and_transform,406,0.0791
L02_seed2028,compiled_model_output_numpy,407,4.1228
L02_seed2028,preprocess_validation_and_transform,407,0.0534
L02_seed2028,compiled_model_output_numpy,408,4.2146
L02_seed2028,preprocess_validation_and_transform,408,0.0581
L02_seed2028,compiled_model_output_numpy,409,4.1542
L02_seed2028,preprocess_validation_and_transform,409,0.0528
L02_seed2028,compiled_model_output_numpy,410,4.0579
L02_seed2028,preprocess_validation_and_transform,410,0.0523
L02_seed2028,compiled_model_output_numpy,411,5.4989
L02_seed2028,preprocess_validation_and_transform,411,0.0583
L02_seed2028,compiled_model_output_numpy,412,4.3469
L02_seed2028,preprocess_validation_and_transform,412,0.0586
L02_seed2028,compiled_model_output_numpy,413,5.2055
L02_seed2028,preprocess_validation_and_transform,413,0.0557
L02_seed2028,compiled_model_output_numpy,414,4.2453
L02_seed2028,preprocess_validation_and_transform,414,0.0527
L02_seed2028,compiled_model_output_numpy,415,4.2776
L02_seed2028,preprocess_validation_and_transform,415,0.0525
L02_seed2028,compiled_model_output_numpy,416,4.0679
L02_seed2028,preprocess_validation_and_transform,416,0.0579
L02_seed2028,compiled_model_output_numpy,417,4.0046
L02_seed2028,preprocess_validation_and_transform,417,0.0532
L02_seed2028,compiled_model_output_numpy,418,7.9524
L02_seed2028,preprocess_validation_and_transform,418,0.0569
L02_seed2028,compiled_model_output_numpy,419,4.4483
L02_seed2028,preprocess_validation_and_transform,419,0.0578
L02_seed2028,compiled_model_output_numpy,420,4.1947
L02_seed2028,preprocess_validation_and_transform,420,0.0557
L02_seed2028,compiled_model_output_numpy,421,4.3428
L02_seed2028,preprocess_validation_and_transform,421,0.0559
L02_seed2028,compiled_model_output_numpy,422,4.3347
L02_seed2028,preprocess_validation_and_transform,422,0.0568
L02_seed2028,compiled_model_output_numpy,423,4.2549
L02_seed2028,preprocess_validation_and_transform,423,0.0539
L02_seed2028,compiled_model_output_numpy,424,4.5833
L02_seed2028,preprocess_validation_and_transform,424,0.0576
L02_seed2028,compiled_model_output_numpy,425,4.1608
L02_seed2028,preprocess_validation_and_transform,425,0.0581
L02_seed2028,compiled_model_output_numpy,426,4.9479
L02_seed2028,preprocess_validation_and_transform,426,0.0877
L02_seed2028,compiled_model_output_numpy,427,4.5177
L02_seed2028,preprocess_validation_and_transform,427,0.0634
L02_seed2028,compiled_model_output_numpy,428,4.8217
L02_seed2028,preprocess_validation_and_transform,428,0.0593
L02_seed2028,compiled_model_output_numpy,429,5.6488
L02_seed2028,preprocess_validation_and_transform,429,0.0583
L02_seed2028,compiled_model_output_numpy,430,4.0742
L02_seed2028,preprocess_validation_and_transform,430,0.0568
L02_seed2028,compiled_model_output_numpy,431,4.1728
L02_seed2028,preprocess_validation_and_transform,431,0.0588
L02_seed2028,compiled_model_output_numpy,432,4.3692
L02_seed2028,preprocess_validation_and_transform,432,0.0575
L02_seed2028,compiled_model_output_numpy,433,4.2124
L02_seed2028,preprocess_validation_and_transform,433,0.1589
L02_seed2028,compiled_model_output_numpy,434,5.6678
L02_seed2028,preprocess_validation_and_transform,434,0.0547
L02_seed2028,compiled_model_output_numpy,435,4.3916
L02_seed2028,preprocess_validation_and_transform,435,0.0571
L02_seed2028,compiled_model_output_numpy,436,4.0048
L02_seed2028,preprocess_validation_and_transform,436,0.0573
L02_seed2028,compiled_model_output_numpy,437,5.0307
L02_seed2028,preprocess_validation_and_transform,437,0.0575
L02_seed2028,compiled_model_output_numpy,438,4.1134
L02_seed2028,preprocess_validation_and_transform,438,0.059
L02_seed2028,compiled_model_output_numpy,439,4.3443
L02_seed2028,preprocess_validation_and_transform,439,0.0536
L02_seed2028,compiled_model_output_numpy,440,4.2269
L02_seed2028,preprocess_validation_and_transform,440,0.0896
L02_seed2028,compiled_model_output_numpy,441,4.4471
L02_seed2028,preprocess_validation_and_transform,441,0.0872
L02_seed2028,compiled_model_output_numpy,442,4.5256
L02_seed2028,preprocess_validation_and_transform,442,0.0601
L02_seed2028,compiled_model_output_numpy,443,6.0275
L02_seed2028,preprocess_validation_and_transform,443,0.0627
L02_seed2028,compiled_model_output_numpy,444,4.3545
L02_seed2028,preprocess_validation_and_transform,444,0.0622
L02_seed2028,compiled_model_output_numpy,445,6.5083
L02_seed2028,preprocess_validation_and_transform,445,0.0619
L02_seed2028,compiled_model_output_numpy,446,4.0535
L02_seed2028,preprocess_validation_and_transform,446,0.0528
L02_seed2028,compiled_model_output_numpy,447,6.3333
L02_seed2028,preprocess_validation_and_transform,447,0.0528
L02_seed2028,compiled_model_output_numpy,448,4.2164
L02_seed2028,preprocess_validation_and_transform,448,0.0498
L02_seed2028,compiled_model_output_numpy,449,4.0871
L02_seed2028,preprocess_validation_and_transform,449,0.0536
L02_seed2028,compiled_model_output_numpy,450,4.1462
L02_seed2028,preprocess_validation_and_transform,450,0.0564
L02_seed2028,compiled_model_output_numpy,451,4.289
L02_seed2028,preprocess_validation_and_transform,451,0.0501
L02_seed2028,compiled_model_output_numpy,452,4.0512
L02_seed2028,preprocess_validation_and_transform,452,0.0478
L02_seed2028,compiled_model_output_numpy,453,4.1464
L02_seed2028,preprocess_validation_and_transform,453,0.052
L02_seed2028,compiled_model_output_numpy,454,4.6553
L02_seed2028,preprocess_validation_and_transform,454,0.0538
L02_seed2028,compiled_model_output_numpy,455,4.2759
L02_seed2028,preprocess_validation_and_transform,455,0.0556
L02_seed2028,compiled_model_output_numpy,456,5.7459
L02_seed2028,preprocess_validation_and_transform,456,0.0617
L02_seed2028,compiled_model_output_numpy,457,4.2758
L02_seed2028,preprocess_validation_and_transform,457,0.055
L02_seed2028,compiled_model_output_numpy,458,5.2007
L02_seed2028,preprocess_validation_and_transform,458,0.0544
L02_seed2028,compiled_model_output_numpy,459,4.431
L02_seed2028,preprocess_validation_and_transform,459,0.105
L02_seed2028,compiled_model_output_numpy,460,6.0517
L02_seed2028,preprocess_validation_and_transform,460,0.0638
L02_seed2028,compiled_model_output_numpy,461,4.1068
L02_seed2028,preprocess_validation_and_transform,461,0.0537
L02_seed2028,compiled_model_output_numpy,462,4.1061
L02_seed2028,preprocess_validation_and_transform,462,0.0561
L02_seed2028,compiled_model_output_numpy,463,4.0276
L02_seed2028,preprocess_validation_and_transform,463,0.0448
L02_seed2028,compiled_model_output_numpy,464,3.9703
L02_seed2028,preprocess_validation_and_transform,464,0.0555
L02_seed2028,compiled_model_output_numpy,465,5.2225
L02_seed2028,preprocess_validation_and_transform,465,0.0574
L02_seed2028,compiled_model_output_numpy,466,4.1262
L02_seed2028,preprocess_validation_and_transform,466,0.0781
L02_seed2028,compiled_model_output_numpy,467,7.4218
L02_seed2028,preprocess_validation_and_transform,467,0.054
L02_seed2028,compiled_model_output_numpy,468,4.3109
L02_seed2028,preprocess_validation_and_transform,468,0.0572
L02_seed2028,compiled_model_output_numpy,469,4.2361
L02_seed2028,preprocess_validation_and_transform,469,0.0555
L02_seed2028,compiled_model_output_numpy,470,4.3926
L02_seed2028,preprocess_validation_and_transform,470,0.0524
L02_seed2028,compiled_model_output_numpy,471,4.0672
L02_seed2028,preprocess_validation_and_transform,471,0.0517
L02_seed2028,compiled_model_output_numpy,472,4.426
L02_seed2028,preprocess_validation_and_transform,472,0.0594
L02_seed2028,compiled_model_output_numpy,473,4.0935
L02_seed2028,preprocess_validation_and_transform,473,0.0411
L02_seed2028,compiled_model_output_numpy,474,4.3383
L02_seed2028,preprocess_validation_and_transform,474,0.0603
L02_seed2028,compiled_model_output_numpy,475,4.4397
L02_seed2028,preprocess_validation_and_transform,475,0.0548
L02_seed2028,compiled_model_output_numpy,476,4.6923
L02_seed2028,preprocess_validation_and_transform,476,0.0586
L02_seed2028,compiled_model_output_numpy,477,4.1732
L02_seed2028,preprocess_validation_and_transform,477,0.0541
L02_seed2028,compiled_model_output_numpy,478,4.6891
L02_seed2028,preprocess_validation_and_transform,478,0.0545
L02_seed2028,compiled_model_output_numpy,479,4.1341
L02_seed2028,preprocess_validation_and_transform,479,0.0582
L02_seed2028,compiled_model_output_numpy,480,4.2661
L02_seed2028,preprocess_validation_and_transform,480,0.0543
L02_seed2028,compiled_model_output_numpy,481,4.1961
L02_seed2028,preprocess_validation_and_transform,481,0.0594
L02_seed2028,compiled_model_output_numpy,482,6.1459
L02_seed2028,preprocess_validation_and_transform,482,0.1202
L02_seed2028,compiled_model_output_numpy,483,4.8842
L02_seed2028,preprocess_validation_and_transform,483,0.0829
L02_seed2028,compiled_model_output_numpy,484,4.0907
L02_seed2028,preprocess_validation_and_transform,484,0.0411
L02_seed2028,compiled_model_output_numpy,485,4.3338
L02_seed2028,preprocess_validation_and_transform,485,0.0528
L02_seed2028,compiled_model_output_numpy,486,4.1158
L02_seed2028,preprocess_validation_and_transform,486,0.0477
L02_seed2028,compiled_model_output_numpy,487,5.9012
L02_seed2028,preprocess_validation_and_transform,487,0.056
L02_seed2028,compiled_model_output_numpy,488,7.5059
L02_seed2028,preprocess_validation_and_transform,488,0.0915
L02_seed2028,compiled_model_output_numpy,489,4.429
L02_seed2028,preprocess_validation_and_transform,489,0.0661
L02_seed2028,compiled_model_output_numpy,490,4.657
L02_seed2028,preprocess_validation_and_transform,490,0.0572
L02_seed2028,compiled_model_output_numpy,491,4.2822
L02_seed2028,preprocess_validation_and_transform,491,0.0603
L02_seed2028,compiled_model_output_numpy,492,4.646
L02_seed2028,preprocess_validation_and_transform,492,0.054
L02_seed2028,compiled_model_output_numpy,493,6.6939
L02_seed2028,preprocess_validation_and_transform,493,0.0647
L02_seed2028,compiled_model_output_numpy,494,6.3355
L02_seed2028,preprocess_validation_and_transform,494,0.0612
L02_seed2028,compiled_model_output_numpy,495,5.1206
L02_seed2028,preprocess_validation_and_transform,495,0.0887
L02_seed2028,compiled_model_output_numpy,496,5.4531
L02_seed2028,preprocess_validation_and_transform,496,0.068
L02_seed2028,compiled_model_output_numpy,497,6.8414
L02_seed2028,preprocess_validation_and_transform,497,0.0923
L02_seed2028,compiled_model_output_numpy,498,7.8689
L02_seed2028,preprocess_validation_and_transform,498,0.0734
L02_seed2028,compiled_model_output_numpy,499,7.9869
L02_seed2028,preprocess_validation_and_transform,499,0.0822
L03_seed2026,compiled_model_output_numpy,0,4.7283
L03_seed2026,preprocess_validation_and_transform,0,0.0567
L03_seed2026,compiled_model_output_numpy,1,4.4816
L03_seed2026,preprocess_validation_and_transform,1,0.0552
L03_seed2026,compiled_model_output_numpy,2,4.5505
L03_seed2026,preprocess_validation_and_transform,2,0.0546
L03_seed2026,compiled_model_output_numpy,3,5.606
L03_seed2026,preprocess_validation_and_transform,3,0.0565
L03_seed2026,compiled_model_output_numpy,4,4.5241
L03_seed2026,preprocess_validation_and_transform,4,0.0735
L03_seed2026,compiled_model_output_numpy,5,4.5065
L03_seed2026,preprocess_validation_and_transform,5,0.138
L03_seed2026,compiled_model_output_numpy,6,4.3081
L03_seed2026,preprocess_validation_and_transform,6,0.089
L03_seed2026,compiled_model_output_numpy,7,5.5326
L03_seed2026,preprocess_validation_and_transform,7,0.0608
L03_seed2026,compiled_model_output_numpy,8,4.9149
L03_seed2026,preprocess_validation_and_transform,8,0.0573
L03_seed2026,compiled_model_output_numpy,9,4.8419
L03_seed2026,preprocess_validation_and_transform,9,0.0578
L03_seed2026,compiled_model_output_numpy,10,5.4256
L03_seed2026,preprocess_validation_and_transform,10,0.0617
L03_seed2026,compiled_model_output_numpy,11,5.1505
L03_seed2026,preprocess_validation_and_transform,11,0.0622
L03_seed2026,compiled_model_output_numpy,12,4.3832
L03_seed2026,preprocess_validation_and_transform,12,0.0529
L03_seed2026,compiled_model_output_numpy,13,4.2701
L03_seed2026,preprocess_validation_and_transform,13,0.0542
L03_seed2026,compiled_model_output_numpy,14,4.4364
L03_seed2026,preprocess_validation_and_transform,14,0.0595
L03_seed2026,compiled_model_output_numpy,15,4.6759
L03_seed2026,preprocess_validation_and_transform,15,0.0545
L03_seed2026,compiled_model_output_numpy,16,4.5307
L03_seed2026,preprocess_validation_and_transform,16,0.0564
L03_seed2026,compiled_model_output_numpy,17,4.401
L03_seed2026,preprocess_validation_and_transform,17,0.0568
L03_seed2026,compiled_model_output_numpy,18,5.2101
L03_seed2026,preprocess_validation_and_transform,18,0.1607
L03_seed2026,compiled_model_output_numpy,19,4.8591
L03_seed2026,preprocess_validation_and_transform,19,0.0602
L03_seed2026,compiled_model_output_numpy,20,4.9893
L03_seed2026,preprocess_validation_and_transform,20,0.2874
L03_seed2026,compiled_model_output_numpy,21,4.7213
L03_seed2026,preprocess_validation_and_transform,21,0.0602
L03_seed2026,compiled_model_output_numpy,22,4.6745
L03_seed2026,preprocess_validation_and_transform,22,0.061
L03_seed2026,compiled_model_output_numpy,23,4.2817
L03_seed2026,preprocess_validation_and_transform,23,0.0556
L03_seed2026,compiled_model_output_numpy,24,7.0743
L03_seed2026,preprocess_validation_and_transform,24,0.0666
L03_seed2026,compiled_model_output_numpy,25,4.4628
L03_seed2026,preprocess_validation_and_transform,25,0.0675
L03_seed2026,compiled_model_output_numpy,26,4.4548
L03_seed2026,preprocess_validation_and_transform,26,0.0577
L03_seed2026,compiled_model_output_numpy,27,4.8111
L03_seed2026,preprocess_validation_and_transform,27,0.0582
L03_seed2026,compiled_model_output_numpy,28,4.6259
L03_seed2026,preprocess_validation_and_transform,28,0.177
L03_seed2026,compiled_model_output_numpy,29,4.3726
L03_seed2026,preprocess_validation_and_transform,29,0.0559
L03_seed2026,compiled_model_output_numpy,30,4.6662
L03_seed2026,preprocess_validation_and_transform,30,0.0605
L03_seed2026,compiled_model_output_numpy,31,5.0434
L03_seed2026,preprocess_validation_and_transform,31,0.0626
L03_seed2026,compiled_model_output_numpy,32,4.8425
L03_seed2026,preprocess_validation_and_transform,32,0.054
L03_seed2026,compiled_model_output_numpy,33,4.5852
L03_seed2026,preprocess_validation_and_transform,33,0.0587
L03_seed2026,compiled_model_output_numpy,34,5.0125
L03_seed2026,preprocess_validation_and_transform,34,0.0892
L03_seed2026,compiled_model_output_numpy,35,4.7293
L03_seed2026,preprocess_validation_and_transform,35,0.0662
L03_seed2026,compiled_model_output_numpy,36,4.5228
L03_seed2026,preprocess_validation_and_transform,36,0.0547
L03_seed2026,compiled_model_output_numpy,37,4.8136
L03_seed2026,preprocess_validation_and_transform,37,0.058
L03_seed2026,compiled_model_output_numpy,38,8.6543
L03_seed2026,preprocess_validation_and_transform,38,0.0667
L03_seed2026,compiled_model_output_numpy,39,4.5125
L03_seed2026,preprocess_validation_and_transform,39,0.0525
L03_seed2026,compiled_model_output_numpy,40,4.5309
L03_seed2026,preprocess_validation_and_transform,40,0.05
L03_seed2026,compiled_model_output_numpy,41,4.6653
L03_seed2026,preprocess_validation_and_transform,41,0.055
L03_seed2026,compiled_model_output_numpy,42,4.4054
L03_seed2026,preprocess_validation_and_transform,42,0.0569
L03_seed2026,compiled_model_output_numpy,43,5.2412
L03_seed2026,preprocess_validation_and_transform,43,0.0611
L03_seed2026,compiled_model_output_numpy,44,4.7715
L03_seed2026,preprocess_validation_and_transform,44,0.0869
L03_seed2026,compiled_model_output_numpy,45,4.7956
L03_seed2026,preprocess_validation_and_transform,45,0.0658
L03_seed2026,compiled_model_output_numpy,46,4.597
L03_seed2026,preprocess_validation_and_transform,46,0.0576
L03_seed2026,compiled_model_output_numpy,47,4.2827
L03_seed2026,preprocess_validation_and_transform,47,0.0597
L03_seed2026,compiled_model_output_numpy,48,4.8116
L03_seed2026,preprocess_validation_and_transform,48,0.058
L03_seed2026,compiled_model_output_numpy,49,4.5645
L03_seed2026,preprocess_validation_and_transform,49,0.1535
L03_seed2026,compiled_model_output_numpy,50,6.5682
L03_seed2026,preprocess_validation_and_transform,50,0.0651
L03_seed2026,compiled_model_output_numpy,51,4.8339
L03_seed2026,preprocess_validation_and_transform,51,0.0538
L03_seed2026,compiled_model_output_numpy,52,4.488
L03_seed2026,preprocess_validation_and_transform,52,0.059
L03_seed2026,compiled_model_output_numpy,53,4.4232
L03_seed2026,preprocess_validation_and_transform,53,0.0606
L03_seed2026,compiled_model_output_numpy,54,5.6619
L03_seed2026,preprocess_validation_and_transform,54,0.059
L03_seed2026,compiled_model_output_numpy,55,4.5656
L03_seed2026,preprocess_validation_and_transform,55,0.0615
L03_seed2026,compiled_model_output_numpy,56,4.8121
L03_seed2026,preprocess_validation_and_transform,56,0.0587
L03_seed2026,compiled_model_output_numpy,57,7.5583
L03_seed2026,preprocess_validation_and_transform,57,0.0579
L03_seed2026,compiled_model_output_numpy,58,4.8707
L03_seed2026,preprocess_validation_and_transform,58,0.0892
L03_seed2026,compiled_model_output_numpy,59,4.9453
L03_seed2026,preprocess_validation_and_transform,59,0.1003
L03_seed2026,compiled_model_output_numpy,60,4.9117
L03_seed2026,preprocess_validation_and_transform,60,0.0663
L03_seed2026,compiled_model_output_numpy,61,5.1189
L03_seed2026,preprocess_validation_and_transform,61,0.0808
L03_seed2026,compiled_model_output_numpy,62,5.3306
L03_seed2026,preprocess_validation_and_transform,62,0.058
L03_seed2026,compiled_model_output_numpy,63,4.4567
L03_seed2026,preprocess_validation_and_transform,63,0.0762
L03_seed2026,compiled_model_output_numpy,64,4.3226
L03_seed2026,preprocess_validation_and_transform,64,0.0501
L03_seed2026,compiled_model_output_numpy,65,4.431
L03_seed2026,preprocess_validation_and_transform,65,0.0572
L03_seed2026,compiled_model_output_numpy,66,4.547
L03_seed2026,preprocess_validation_and_transform,66,0.0543
L03_seed2026,compiled_model_output_numpy,67,4.3874
L03_seed2026,preprocess_validation_and_transform,67,0.0439
L03_seed2026,compiled_model_output_numpy,68,5.0337
L03_seed2026,preprocess_validation_and_transform,68,0.056
L03_seed2026,compiled_model_output_numpy,69,4.3262
L03_seed2026,preprocess_validation_and_transform,69,0.0546
L03_seed2026,compiled_model_output_numpy,70,4.5627
L03_seed2026,preprocess_validation_and_transform,70,0.062
L03_seed2026,compiled_model_output_numpy,71,4.877
L03_seed2026,preprocess_validation_and_transform,71,0.0537
L03_seed2026,compiled_model_output_numpy,72,4.6679
L03_seed2026,preprocess_validation_and_transform,72,0.0544
L03_seed2026,compiled_model_output_numpy,73,6.7694
L03_seed2026,preprocess_validation_and_transform,73,0.0573
L03_seed2026,compiled_model_output_numpy,74,5.086
L03_seed2026,preprocess_validation_and_transform,74,0.0881
L03_seed2026,compiled_model_output_numpy,75,4.7183
L03_seed2026,preprocess_validation_and_transform,75,0.0656
L03_seed2026,compiled_model_output_numpy,76,4.8449
L03_seed2026,preprocess_validation_and_transform,76,0.0572
L03_seed2026,compiled_model_output_numpy,77,4.4517
L03_seed2026,preprocess_validation_and_transform,77,0.0574
L03_seed2026,compiled_model_output_numpy,78,4.527
L03_seed2026,preprocess_validation_and_transform,78,0.0531
L03_seed2026,compiled_model_output_numpy,79,4.5821
L03_seed2026,preprocess_validation_and_transform,79,0.0546
L03_seed2026,compiled_model_output_numpy,80,6.3767
L03_seed2026,preprocess_validation_and_transform,80,0.0579
L03_seed2026,compiled_model_output_numpy,81,4.8123
L03_seed2026,preprocess_validation_and_transform,81,0.0538
L03_seed2026,compiled_model_output_numpy,82,4.6089
L03_seed2026,preprocess_validation_and_transform,82,0.0537
L03_seed2026,compiled_model_output_numpy,83,5.2429
L03_seed2026,preprocess_validation_and_transform,83,0.0531
L03_seed2026,compiled_model_output_numpy,84,4.3193
L03_seed2026,preprocess_validation_and_transform,84,0.0582
L03_seed2026,compiled_model_output_numpy,85,5.958
L03_seed2026,preprocess_validation_and_transform,85,0.0549
L03_seed2026,compiled_model_output_numpy,86,4.6348
L03_seed2026,preprocess_validation_and_transform,86,0.0568
L03_seed2026,compiled_model_output_numpy,87,4.5463
L03_seed2026,preprocess_validation_and_transform,87,0.0539
L03_seed2026,compiled_model_output_numpy,88,4.7931
L03_seed2026,preprocess_validation_and_transform,88,0.0543
L03_seed2026,compiled_model_output_numpy,89,4.5331
L03_seed2026,preprocess_validation_and_transform,89,0.0521
L03_seed2026,compiled_model_output_numpy,90,5.3014
L03_seed2026,preprocess_validation_and_transform,90,0.0577
L03_seed2026,compiled_model_output_numpy,91,4.9866
L03_seed2026,preprocess_validation_and_transform,91,0.0559
L03_seed2026,compiled_model_output_numpy,92,5.1194
L03_seed2026,preprocess_validation_and_transform,92,0.0605
L03_seed2026,compiled_model_output_numpy,93,4.8384
L03_seed2026,preprocess_validation_and_transform,93,0.0592
L03_seed2026,compiled_model_output_numpy,94,5.3897
L03_seed2026,preprocess_validation_and_transform,94,0.0566
L03_seed2026,compiled_model_output_numpy,95,4.8022
L03_seed2026,preprocess_validation_and_transform,95,0.0556
L03_seed2026,compiled_model_output_numpy,96,4.4911
L03_seed2026,preprocess_validation_and_transform,96,0.0532
L03_seed2026,compiled_model_output_numpy,97,4.742
L03_seed2026,preprocess_validation_and_transform,97,0.0569
L03_seed2026,compiled_model_output_numpy,98,6.8985
L03_seed2026,preprocess_validation_and_transform,98,0.0614
L03_seed2026,compiled_model_output_numpy,99,4.3887
L03_seed2026,preprocess_validation_and_transform,99,0.0555
L03_seed2026,compiled_model_output_numpy,100,4.7992
L03_seed2026,preprocess_validation_and_transform,100,0.0584
L03_seed2026,compiled_model_output_numpy,101,4.6591
L03_seed2026,preprocess_validation_and_transform,101,0.0881
L03_seed2026,compiled_model_output_numpy,102,5.0451
L03_seed2026,preprocess_validation_and_transform,102,0.0626
L03_seed2026,compiled_model_output_numpy,103,6.2485
L03_seed2026,preprocess_validation_and_transform,103,0.0617
L03_seed2026,compiled_model_output_numpy,104,4.4342
L03_seed2026,preprocess_validation_and_transform,104,0.0561
L03_seed2026,compiled_model_output_numpy,105,4.4097
L03_seed2026,preprocess_validation_and_transform,105,0.0581
L03_seed2026,compiled_model_output_numpy,106,5.1488
L03_seed2026,preprocess_validation_and_transform,106,0.0899
L03_seed2026,compiled_model_output_numpy,107,4.7343
L03_seed2026,preprocess_validation_and_transform,107,0.0697
L03_seed2026,compiled_model_output_numpy,108,4.4826
L03_seed2026,preprocess_validation_and_transform,108,0.1334
L03_seed2026,compiled_model_output_numpy,109,4.5457
L03_seed2026,preprocess_validation_and_transform,109,0.0629
L03_seed2026,compiled_model_output_numpy,110,5.3653
L03_seed2026,preprocess_validation_and_transform,110,0.0565
L03_seed2026,compiled_model_output_numpy,111,4.5713
L03_seed2026,preprocess_validation_and_transform,111,0.0593
L03_seed2026,compiled_model_output_numpy,112,4.7027
L03_seed2026,preprocess_validation_and_transform,112,0.0986
L03_seed2026,compiled_model_output_numpy,113,5.2655
L03_seed2026,preprocess_validation_and_transform,113,0.0739
L03_seed2026,compiled_model_output_numpy,114,4.9455
L03_seed2026,preprocess_validation_and_transform,114,0.0572
L03_seed2026,compiled_model_output_numpy,115,4.6346
L03_seed2026,preprocess_validation_and_transform,115,0.0623
L03_seed2026,compiled_model_output_numpy,116,4.586
L03_seed2026,preprocess_validation_and_transform,116,0.0525
L03_seed2026,compiled_model_output_numpy,117,4.7981
L03_seed2026,preprocess_validation_and_transform,117,0.055
L03_seed2026,compiled_model_output_numpy,118,4.4623
L03_seed2026,preprocess_validation_and_transform,118,0.0569
L03_seed2026,compiled_model_output_numpy,119,4.6837
L03_seed2026,preprocess_validation_and_transform,119,0.0866
L03_seed2026,compiled_model_output_numpy,120,5.2992
L03_seed2026,preprocess_validation_and_transform,120,0.0607
L03_seed2026,compiled_model_output_numpy,121,4.6775
L03_seed2026,preprocess_validation_and_transform,121,0.0545
L03_seed2026,compiled_model_output_numpy,122,4.6761
L03_seed2026,preprocess_validation_and_transform,122,0.0538
L03_seed2026,compiled_model_output_numpy,123,4.7578
L03_seed2026,preprocess_validation_and_transform,123,0.0558
L03_seed2026,compiled_model_output_numpy,124,4.8039
L03_seed2026,preprocess_validation_and_transform,124,0.0816
L03_seed2026,compiled_model_output_numpy,125,6.4869
L03_seed2026,preprocess_validation_and_transform,125,0.0541
L03_seed2026,compiled_model_output_numpy,126,4.4171
L03_seed2026,preprocess_validation_and_transform,126,0.0513
L03_seed2026,compiled_model_output_numpy,127,4.6761
L03_seed2026,preprocess_validation_and_transform,127,0.056
L03_seed2026,compiled_model_output_numpy,128,4.4562
L03_seed2026,preprocess_validation_and_transform,128,0.0514
L03_seed2026,compiled_model_output_numpy,129,4.8773
L03_seed2026,preprocess_validation_and_transform,129,0.0556
L03_seed2026,compiled_model_output_numpy,130,4.909
L03_seed2026,preprocess_validation_and_transform,130,0.0529
L03_seed2026,compiled_model_output_numpy,131,6.1099
L03_seed2026,preprocess_validation_and_transform,131,0.0543
L03_seed2026,compiled_model_output_numpy,132,4.7659
L03_seed2026,preprocess_validation_and_transform,132,0.0575
L03_seed2026,compiled_model_output_numpy,133,5.5628
L03_seed2026,preprocess_validation_and_transform,133,0.0943
L03_seed2026,compiled_model_output_numpy,134,4.7408
L03_seed2026,preprocess_validation_and_transform,134,0.0678
L03_seed2026,compiled_model_output_numpy,135,5.0499
L03_seed2026,preprocess_validation_and_transform,135,0.0586
L03_seed2026,compiled_model_output_numpy,136,4.8595
L03_seed2026,preprocess_validation_and_transform,136,0.0599
L03_seed2026,compiled_model_output_numpy,137,4.3776
L03_seed2026,preprocess_validation_and_transform,137,0.0925
L03_seed2026,compiled_model_output_numpy,138,4.3395
L03_seed2026,preprocess_validation_and_transform,138,0.1054
L03_seed2026,compiled_model_output_numpy,139,5.4477
L03_seed2026,preprocess_validation_and_transform,139,0.0584
L03_seed2026,compiled_model_output_numpy,140,4.4391
L03_seed2026,preprocess_validation_and_transform,140,0.0609
L03_seed2026,compiled_model_output_numpy,141,4.7067
L03_seed2026,preprocess_validation_and_transform,141,0.0599
L03_seed2026,compiled_model_output_numpy,142,4.6189
L03_seed2026,preprocess_validation_and_transform,142,0.0545
L03_seed2026,compiled_model_output_numpy,143,4.4073
L03_seed2026,preprocess_validation_and_transform,143,0.0571
L03_seed2026,compiled_model_output_numpy,144,6.5828
L03_seed2026,preprocess_validation_and_transform,144,0.061
L03_seed2026,compiled_model_output_numpy,145,5.4021
L03_seed2026,preprocess_validation_and_transform,145,0.0569
L03_seed2026,compiled_model_output_numpy,146,4.7334
L03_seed2026,preprocess_validation_and_transform,146,0.0548
L03_seed2026,compiled_model_output_numpy,147,4.6987
L03_seed2026,preprocess_validation_and_transform,147,0.0538
L03_seed2026,compiled_model_output_numpy,148,4.8754
L03_seed2026,preprocess_validation_and_transform,148,0.0889
L03_seed2026,compiled_model_output_numpy,149,6.2908
L03_seed2026,preprocess_validation_and_transform,149,0.0646
L03_seed2026,compiled_model_output_numpy,150,6.2893
L03_seed2026,preprocess_validation_and_transform,150,0.0644
L03_seed2026,compiled_model_output_numpy,151,5.9559
L03_seed2026,preprocess_validation_and_transform,151,0.0581
L03_seed2026,compiled_model_output_numpy,152,4.5287
L03_seed2026,preprocess_validation_and_transform,152,0.057
L03_seed2026,compiled_model_output_numpy,153,4.4866
L03_seed2026,preprocess_validation_and_transform,153,0.0535
L03_seed2026,compiled_model_output_numpy,154,4.3794
L03_seed2026,preprocess_validation_and_transform,154,0.0552
L03_seed2026,compiled_model_output_numpy,155,8.4283
L03_seed2026,preprocess_validation_and_transform,155,0.0904
L03_seed2026,compiled_model_output_numpy,156,7.2103
L03_seed2026,preprocess_validation_and_transform,156,0.0896
L03_seed2026,compiled_model_output_numpy,157,6.4656
L03_seed2026,preprocess_validation_and_transform,157,0.0629
L03_seed2026,compiled_model_output_numpy,158,4.7067
L03_seed2026,preprocess_validation_and_transform,158,0.0595
L03_seed2026,compiled_model_output_numpy,159,4.5446
L03_seed2026,preprocess_validation_and_transform,159,0.3176
L03_seed2026,compiled_model_output_numpy,160,7.3047
L03_seed2026,preprocess_validation_and_transform,160,0.0584
L03_seed2026,compiled_model_output_numpy,161,7.8618
L03_seed2026,preprocess_validation_and_transform,161,0.0998
L03_seed2026,compiled_model_output_numpy,162,7.1857
L03_seed2026,preprocess_validation_and_transform,162,0.0844
L03_seed2026,compiled_model_output_numpy,163,4.9392
L03_seed2026,preprocess_validation_and_transform,163,0.0587
L03_seed2026,compiled_model_output_numpy,164,6.8324
L03_seed2026,preprocess_validation_and_transform,164,0.1014
L03_seed2026,compiled_model_output_numpy,165,8.6491
L03_seed2026,preprocess_validation_and_transform,165,0.1127
L03_seed2026,compiled_model_output_numpy,166,7.2786
L03_seed2026,preprocess_validation_and_transform,166,0.1171
L03_seed2026,compiled_model_output_numpy,167,7.1431
L03_seed2026,preprocess_validation_and_transform,167,0.1135
L03_seed2026,compiled_model_output_numpy,168,6.2318
L03_seed2026,preprocess_validation_and_transform,168,0.0795
L03_seed2026,compiled_model_output_numpy,169,5.7903
L03_seed2026,preprocess_validation_and_transform,169,0.0569
L03_seed2026,compiled_model_output_numpy,170,4.5549
L03_seed2026,preprocess_validation_and_transform,170,0.057
L03_seed2026,compiled_model_output_numpy,171,4.4099
L03_seed2026,preprocess_validation_and_transform,171,0.0589
L03_seed2026,compiled_model_output_numpy,172,4.3032
L03_seed2026,preprocess_validation_and_transform,172,0.0597
L03_seed2026,compiled_model_output_numpy,173,6.5809
L03_seed2026,preprocess_validation_and_transform,173,0.058
L03_seed2026,compiled_model_output_numpy,174,4.4833
L03_seed2026,preprocess_validation_and_transform,174,0.0561
L03_seed2026,compiled_model_output_numpy,175,4.3628
L03_seed2026,preprocess_validation_and_transform,175,0.0535
L03_seed2026,compiled_model_output_numpy,176,4.5681
L03_seed2026,preprocess_validation_and_transform,176,0.0528
L03_seed2026,compiled_model_output_numpy,177,4.3815
L03_seed2026,preprocess_validation_and_transform,177,0.0598
L03_seed2026,compiled_model_output_numpy,178,4.3323
L03_seed2026,preprocess_validation_and_transform,178,0.0547
L03_seed2026,compiled_model_output_numpy,179,4.4255
L03_seed2026,preprocess_validation_and_transform,179,0.0544
L03_seed2026,compiled_model_output_numpy,180,5.3753
L03_seed2026,preprocess_validation_and_transform,180,0.0555
L03_seed2026,compiled_model_output_numpy,181,4.5611
L03_seed2026,preprocess_validation_and_transform,181,0.0502
L03_seed2026,compiled_model_output_numpy,182,5.8131
L03_seed2026,preprocess_validation_and_transform,182,0.0569
L03_seed2026,compiled_model_output_numpy,183,4.8263
L03_seed2026,preprocess_validation_and_transform,183,0.0589
L03_seed2026,compiled_model_output_numpy,184,4.43
L03_seed2026,preprocess_validation_and_transform,184,0.0533
L03_seed2026,compiled_model_output_numpy,185,6.1275
L03_seed2026,preprocess_validation_and_transform,185,0.0591
L03_seed2026,compiled_model_output_numpy,186,4.4645
L03_seed2026,preprocess_validation_and_transform,186,0.0581
L03_seed2026,compiled_model_output_numpy,187,4.7197
L03_seed2026,preprocess_validation_and_transform,187,0.0551
L03_seed2026,compiled_model_output_numpy,188,4.6238
L03_seed2026,preprocess_validation_and_transform,188,0.0546
L03_seed2026,compiled_model_output_numpy,189,4.3521
L03_seed2026,preprocess_validation_and_transform,189,0.0577
L03_seed2026,compiled_model_output_numpy,190,5.4974
L03_seed2026,preprocess_validation_and_transform,190,0.0924
L03_seed2026,compiled_model_output_numpy,191,4.4484
L03_seed2026,preprocess_validation_and_transform,191,0.0572
L03_seed2026,compiled_model_output_numpy,192,7.1225
L03_seed2026,preprocess_validation_and_transform,192,0.0535
L03_seed2026,compiled_model_output_numpy,193,4.3764
L03_seed2026,preprocess_validation_and_transform,193,0.0538
L03_seed2026,compiled_model_output_numpy,194,4.461
L03_seed2026,preprocess_validation_and_transform,194,0.0551
L03_seed2026,compiled_model_output_numpy,195,5.8114
L03_seed2026,preprocess_validation_and_transform,195,0.0554
L03_seed2026,compiled_model_output_numpy,196,5.7594
L03_seed2026,preprocess_validation_and_transform,196,0.0575
L03_seed2026,compiled_model_output_numpy,197,4.9733
L03_seed2026,preprocess_validation_and_transform,197,0.1079
L03_seed2026,compiled_model_output_numpy,198,5.0145
L03_seed2026,preprocess_validation_and_transform,198,0.0548
L03_seed2026,compiled_model_output_numpy,199,4.5275
L03_seed2026,preprocess_validation_and_transform,199,0.0506
L03_seed2026,compiled_model_output_numpy,200,4.3394
L03_seed2026,preprocess_validation_and_transform,200,0.0577
L03_seed2026,compiled_model_output_numpy,201,4.4759
L03_seed2026,preprocess_validation_and_transform,201,0.0429
L03_seed2026,compiled_model_output_numpy,202,4.6639
L03_seed2026,preprocess_validation_and_transform,202,0.0501
L03_seed2026,compiled_model_output_numpy,203,5.9658
L03_seed2026,preprocess_validation_and_transform,203,0.1421
L03_seed2026,compiled_model_output_numpy,204,5.2154
L03_seed2026,preprocess_validation_and_transform,204,0.0523
L03_seed2026,compiled_model_output_numpy,205,4.5217
L03_seed2026,preprocess_validation_and_transform,205,0.0516
L03_seed2026,compiled_model_output_numpy,206,4.6088
L03_seed2026,preprocess_validation_and_transform,206,0.0524
L03_seed2026,compiled_model_output_numpy,207,5.3503
L03_seed2026,preprocess_validation_and_transform,207,0.0594
L03_seed2026,compiled_model_output_numpy,208,4.4851
L03_seed2026,preprocess_validation_and_transform,208,0.059
L03_seed2026,compiled_model_output_numpy,209,4.5078
L03_seed2026,preprocess_validation_and_transform,209,0.0559
L03_seed2026,compiled_model_output_numpy,210,4.9326
L03_seed2026,preprocess_validation_and_transform,210,0.2253
L03_seed2026,compiled_model_output_numpy,211,4.861
L03_seed2026,preprocess_validation_and_transform,211,0.0581
L03_seed2026,compiled_model_output_numpy,212,4.6847
L03_seed2026,preprocess_validation_and_transform,212,0.0563
L03_seed2026,compiled_model_output_numpy,213,5.1954
L03_seed2026,preprocess_validation_and_transform,213,0.0603
L03_seed2026,compiled_model_output_numpy,214,4.518
L03_seed2026,preprocess_validation_and_transform,214,0.0581
L03_seed2026,compiled_model_output_numpy,215,4.9135
L03_seed2026,preprocess_validation_and_transform,215,0.0546
L03_seed2026,compiled_model_output_numpy,216,7.2508
L03_seed2026,preprocess_validation_and_transform,216,0.0582
L03_seed2026,compiled_model_output_numpy,217,4.3064
L03_seed2026,preprocess_validation_and_transform,217,0.0454
L03_seed2026,compiled_model_output_numpy,218,4.5467
L03_seed2026,preprocess_validation_and_transform,218,0.0584
L03_seed2026,compiled_model_output_numpy,219,4.3326
L03_seed2026,preprocess_validation_and_transform,219,0.0545
L03_seed2026,compiled_model_output_numpy,220,7.5235
L03_seed2026,preprocess_validation_and_transform,220,0.0574
L03_seed2026,compiled_model_output_numpy,221,4.5617
L03_seed2026,preprocess_validation_and_transform,221,0.0511
L03_seed2026,compiled_model_output_numpy,222,4.4093
L03_seed2026,preprocess_validation_and_transform,222,0.0511
L03_seed2026,compiled_model_output_numpy,223,4.3527
L03_seed2026,preprocess_validation_and_transform,223,0.0669
L03_seed2026,compiled_model_output_numpy,224,6.5765
L03_seed2026,preprocess_validation_and_transform,224,0.0549
L03_seed2026,compiled_model_output_numpy,225,4.5954
L03_seed2026,preprocess_validation_and_transform,225,0.0595
L03_seed2026,compiled_model_output_numpy,226,5.5759
L03_seed2026,preprocess_validation_and_transform,226,0.0616
L03_seed2026,compiled_model_output_numpy,227,5.0348
L03_seed2026,preprocess_validation_and_transform,227,0.0584
L03_seed2026,compiled_model_output_numpy,228,6.4611
L03_seed2026,preprocess_validation_and_transform,228,0.0568
L03_seed2026,compiled_model_output_numpy,229,4.6204
L03_seed2026,preprocess_validation_and_transform,229,0.0561
L03_seed2026,compiled_model_output_numpy,230,4.3792
L03_seed2026,preprocess_validation_and_transform,230,0.0564
L03_seed2026,compiled_model_output_numpy,231,4.5748
L03_seed2026,preprocess_validation_and_transform,231,0.0535
L03_seed2026,compiled_model_output_numpy,232,4.9499
L03_seed2026,preprocess_validation_and_transform,232,0.0755
L03_seed2026,compiled_model_output_numpy,233,5.5934
L03_seed2026,preprocess_validation_and_transform,233,0.0594
L03_seed2026,compiled_model_output_numpy,234,4.3638
L03_seed2026,preprocess_validation_and_transform,234,0.0471
L03_seed2026,compiled_model_output_numpy,235,5.1817
L03_seed2026,preprocess_validation_and_transform,235,0.0579
L03_seed2026,compiled_model_output_numpy,236,4.3959
L03_seed2026,preprocess_validation_and_transform,236,0.0608
L03_seed2026,compiled_model_output_numpy,237,4.4009
L03_seed2026,preprocess_validation_and_transform,237,0.056
L03_seed2026,compiled_model_output_numpy,238,4.3387
L03_seed2026,preprocess_validation_and_transform,238,0.0573
L03_seed2026,compiled_model_output_numpy,239,4.7342
L03_seed2026,preprocess_validation_and_transform,239,0.0565
L03_seed2026,compiled_model_output_numpy,240,4.6602
L03_seed2026,preprocess_validation_and_transform,240,0.0569
L03_seed2026,compiled_model_output_numpy,241,4.9153
L03_seed2026,preprocess_validation_and_transform,241,0.0577
L03_seed2026,compiled_model_output_numpy,242,4.4946
L03_seed2026,preprocess_validation_and_transform,242,0.0581
L03_seed2026,compiled_model_output_numpy,243,4.7805
L03_seed2026,preprocess_validation_and_transform,243,0.0594
L03_seed2026,compiled_model_output_numpy,244,4.6876
L03_seed2026,preprocess_validation_and_transform,244,0.0793
L03_seed2026,compiled_model_output_numpy,245,4.3329
L03_seed2026,preprocess_validation_and_transform,245,0.0569
L03_seed2026,compiled_model_output_numpy,246,4.8654
L03_seed2026,preprocess_validation_and_transform,246,0.0558
L03_seed2026,compiled_model_output_numpy,247,4.401
L03_seed2026,preprocess_validation_and_transform,247,0.0588
L03_seed2026,compiled_model_output_numpy,248,4.298
L03_seed2026,preprocess_validation_and_transform,248,0.0565
L03_seed2026,compiled_model_output_numpy,249,6.3918
L03_seed2026,preprocess_validation_and_transform,249,0.0567
L03_seed2026,compiled_model_output_numpy,250,4.7442
L03_seed2026,preprocess_validation_and_transform,250,0.0575
L03_seed2026,compiled_model_output_numpy,251,4.3671
L03_seed2026,preprocess_validation_and_transform,251,0.0559
L03_seed2026,compiled_model_output_numpy,252,4.4591
L03_seed2026,preprocess_validation_and_transform,252,0.0576
L03_seed2026,compiled_model_output_numpy,253,5.006
L03_seed2026,preprocess_validation_and_transform,253,0.0564
L03_seed2026,compiled_model_output_numpy,254,7.2215
L03_seed2026,preprocess_validation_and_transform,254,0.0625
L03_seed2026,compiled_model_output_numpy,255,4.4523
L03_seed2026,preprocess_validation_and_transform,255,0.0804
L03_seed2026,compiled_model_output_numpy,256,5.4776
L03_seed2026,preprocess_validation_and_transform,256,0.091
L03_seed2026,compiled_model_output_numpy,257,7.1101
L03_seed2026,preprocess_validation_and_transform,257,0.0715
L03_seed2026,compiled_model_output_numpy,258,4.5808
L03_seed2026,preprocess_validation_and_transform,258,0.0638
L03_seed2026,compiled_model_output_numpy,259,5.0892
L03_seed2026,preprocess_validation_and_transform,259,0.061
L03_seed2026,compiled_model_output_numpy,260,4.4897
L03_seed2026,preprocess_validation_and_transform,260,0.0572
L03_seed2026,compiled_model_output_numpy,261,4.5468
L03_seed2026,preprocess_validation_and_transform,261,0.0594
L03_seed2026,compiled_model_output_numpy,262,4.5743
L03_seed2026,preprocess_validation_and_transform,262,0.0563
L03_seed2026,compiled_model_output_numpy,263,4.7048
L03_seed2026,preprocess_validation_and_transform,263,0.0548
L03_seed2026,compiled_model_output_numpy,264,4.6793
L03_seed2026,preprocess_validation_and_transform,264,0.0571
L03_seed2026,compiled_model_output_numpy,265,4.729
L03_seed2026,preprocess_validation_and_transform,265,0.0569
L03_seed2026,compiled_model_output_numpy,266,6.1955
L03_seed2026,preprocess_validation_and_transform,266,0.1128
L03_seed2026,compiled_model_output_numpy,267,5.0396
L03_seed2026,preprocess_validation_and_transform,267,0.0551
L03_seed2026,compiled_model_output_numpy,268,4.8795
L03_seed2026,preprocess_validation_and_transform,268,0.0555
L03_seed2026,compiled_model_output_numpy,269,4.5106
L03_seed2026,preprocess_validation_and_transform,269,0.0547
L03_seed2026,compiled_model_output_numpy,270,4.4897
L03_seed2026,preprocess_validation_and_transform,270,0.0559
L03_seed2026,compiled_model_output_numpy,271,7.1512
L03_seed2026,preprocess_validation_and_transform,271,0.0674
L03_seed2026,compiled_model_output_numpy,272,4.4808
L03_seed2026,preprocess_validation_and_transform,272,0.0586
L03_seed2026,compiled_model_output_numpy,273,4.5427
L03_seed2026,preprocess_validation_and_transform,273,0.063
L03_seed2026,compiled_model_output_numpy,274,5.5396
L03_seed2026,preprocess_validation_and_transform,274,0.0665
L03_seed2026,compiled_model_output_numpy,275,7.2236
L03_seed2026,preprocess_validation_and_transform,275,0.095
L03_seed2026,compiled_model_output_numpy,276,6.7865
L03_seed2026,preprocess_validation_and_transform,276,0.1012
L03_seed2026,compiled_model_output_numpy,277,5.6758
L03_seed2026,preprocess_validation_and_transform,277,0.1014
L03_seed2026,compiled_model_output_numpy,278,6.3758
L03_seed2026,preprocess_validation_and_transform,278,0.258
L03_seed2026,compiled_model_output_numpy,279,6.4775
L03_seed2026,preprocess_validation_and_transform,279,0.0758
L03_seed2026,compiled_model_output_numpy,280,6.8489
L03_seed2026,preprocess_validation_and_transform,280,0.0661
L03_seed2026,compiled_model_output_numpy,281,4.9827
L03_seed2026,preprocess_validation_and_transform,281,0.0653
L03_seed2026,compiled_model_output_numpy,282,4.6109
L03_seed2026,preprocess_validation_and_transform,282,0.0841
L03_seed2026,compiled_model_output_numpy,283,4.3493
L03_seed2026,preprocess_validation_and_transform,283,0.1247
L03_seed2026,compiled_model_output_numpy,284,4.596
L03_seed2026,preprocess_validation_and_transform,284,0.0579
L03_seed2026,compiled_model_output_numpy,285,4.4246
L03_seed2026,preprocess_validation_and_transform,285,0.0543
L03_seed2026,compiled_model_output_numpy,286,6.3835
L03_seed2026,preprocess_validation_and_transform,286,0.0605
L03_seed2026,compiled_model_output_numpy,287,4.4518
L03_seed2026,preprocess_validation_and_transform,287,0.0631
L03_seed2026,compiled_model_output_numpy,288,4.5288
L03_seed2026,preprocess_validation_and_transform,288,0.0573
L03_seed2026,compiled_model_output_numpy,289,4.6076
L03_seed2026,preprocess_validation_and_transform,289,0.057
L03_seed2026,compiled_model_output_numpy,290,4.8374
L03_seed2026,preprocess_validation_and_transform,290,0.0595
L03_seed2026,compiled_model_output_numpy,291,4.6661
L03_seed2026,preprocess_validation_and_transform,291,0.0567
L03_seed2026,compiled_model_output_numpy,292,4.6764
L03_seed2026,preprocess_validation_and_transform,292,0.0615
L03_seed2026,compiled_model_output_numpy,293,4.421
L03_seed2026,preprocess_validation_and_transform,293,0.0568
L03_seed2026,compiled_model_output_numpy,294,4.4567
L03_seed2026,preprocess_validation_and_transform,294,0.0565
L03_seed2026,compiled_model_output_numpy,295,5.521
L03_seed2026,preprocess_validation_and_transform,295,0.0627
L03_seed2026,compiled_model_output_numpy,296,5.1206
L03_seed2026,preprocess_validation_and_transform,296,0.0628
L03_seed2026,compiled_model_output_numpy,297,4.466
L03_seed2026,preprocess_validation_and_transform,297,0.0622
L03_seed2026,compiled_model_output_numpy,298,4.4694
L03_seed2026,preprocess_validation_and_transform,298,0.0595
L03_seed2026,compiled_model_output_numpy,299,4.6128
L03_seed2026,preprocess_validation_and_transform,299,0.0603
L03_seed2026,compiled_model_output_numpy,300,4.8373
L03_seed2026,preprocess_validation_and_transform,300,0.0567
L03_seed2026,compiled_model_output_numpy,301,4.6006
L03_seed2026,preprocess_validation_and_transform,301,0.0611
L03_seed2026,compiled_model_output_numpy,302,4.8842
L03_seed2026,preprocess_validation_and_transform,302,0.0588
L03_seed2026,compiled_model_output_numpy,303,4.7839
L03_seed2026,preprocess_validation_and_transform,303,0.0568
L03_seed2026,compiled_model_output_numpy,304,4.5791
L03_seed2026,preprocess_validation_and_transform,304,0.0534
L03_seed2026,compiled_model_output_numpy,305,4.5864
L03_seed2026,preprocess_validation_and_transform,305,0.0573
L03_seed2026,compiled_model_output_numpy,306,4.687
L03_seed2026,preprocess_validation_and_transform,306,0.0578
L03_seed2026,compiled_model_output_numpy,307,4.5476
L03_seed2026,preprocess_validation_and_transform,307,0.0557
L03_seed2026,compiled_model_output_numpy,308,4.6257
L03_seed2026,preprocess_validation_and_transform,308,0.0584
L03_seed2026,compiled_model_output_numpy,309,4.9624
L03_seed2026,preprocess_validation_and_transform,309,0.0881
L03_seed2026,compiled_model_output_numpy,310,4.7126
L03_seed2026,preprocess_validation_and_transform,310,0.0655
L03_seed2026,compiled_model_output_numpy,311,4.8592
L03_seed2026,preprocess_validation_and_transform,311,0.0581
L03_seed2026,compiled_model_output_numpy,312,6.1249
L03_seed2026,preprocess_validation_and_transform,312,0.0677
L03_seed2026,compiled_model_output_numpy,313,5.0834
L03_seed2026,preprocess_validation_and_transform,313,0.0637
L03_seed2026,compiled_model_output_numpy,314,4.4411
L03_seed2026,preprocess_validation_and_transform,314,0.0582
L03_seed2026,compiled_model_output_numpy,315,5.9646
L03_seed2026,preprocess_validation_and_transform,315,0.0584
L03_seed2026,compiled_model_output_numpy,316,4.8236
L03_seed2026,preprocess_validation_and_transform,316,0.0579
L03_seed2026,compiled_model_output_numpy,317,4.5444
L03_seed2026,preprocess_validation_and_transform,317,0.0628
L03_seed2026,compiled_model_output_numpy,318,5.5576
L03_seed2026,preprocess_validation_and_transform,318,0.0627
L03_seed2026,compiled_model_output_numpy,319,6.4364
L03_seed2026,preprocess_validation_and_transform,319,0.06
L03_seed2026,compiled_model_output_numpy,320,5.1378
L03_seed2026,preprocess_validation_and_transform,320,0.0561
L03_seed2026,compiled_model_output_numpy,321,4.5604
L03_seed2026,preprocess_validation_and_transform,321,0.0542
L03_seed2026,compiled_model_output_numpy,322,4.8385
L03_seed2026,preprocess_validation_and_transform,322,0.0593
L03_seed2026,compiled_model_output_numpy,323,5.0937
L03_seed2026,preprocess_validation_and_transform,323,0.0539
L03_seed2026,compiled_model_output_numpy,324,4.7814
L03_seed2026,preprocess_validation_and_transform,324,0.1573
L03_seed2026,compiled_model_output_numpy,325,8.4907
L03_seed2026,preprocess_validation_and_transform,325,0.0669
L03_seed2026,compiled_model_output_numpy,326,5.1805
L03_seed2026,preprocess_validation_and_transform,326,0.0567
L03_seed2026,compiled_model_output_numpy,327,4.8622
L03_seed2026,preprocess_validation_and_transform,327,0.0599
L03_seed2026,compiled_model_output_numpy,328,5.7592
L03_seed2026,preprocess_validation_and_transform,328,0.0669
L03_seed2026,compiled_model_output_numpy,329,4.5654
L03_seed2026,preprocess_validation_and_transform,329,0.0516
L03_seed2026,compiled_model_output_numpy,330,4.3974
L03_seed2026,preprocess_validation_and_transform,330,0.0564
L03_seed2026,compiled_model_output_numpy,331,4.5923
L03_seed2026,preprocess_validation_and_transform,331,0.23
L03_seed2026,compiled_model_output_numpy,332,5.0165
L03_seed2026,preprocess_validation_and_transform,332,0.0583
L03_seed2026,compiled_model_output_numpy,333,4.7257
L03_seed2026,preprocess_validation_and_transform,333,0.0571
L03_seed2026,compiled_model_output_numpy,334,4.7058
L03_seed2026,preprocess_validation_and_transform,334,0.0574
L03_seed2026,compiled_model_output_numpy,335,4.4892
L03_seed2026,preprocess_validation_and_transform,335,0.061
L03_seed2026,compiled_model_output_numpy,336,4.4143
L03_seed2026,preprocess_validation_and_transform,336,0.0538
L03_seed2026,compiled_model_output_numpy,337,5.3639
L03_seed2026,preprocess_validation_and_transform,337,0.088
L03_seed2026,compiled_model_output_numpy,338,4.9208
L03_seed2026,preprocess_validation_and_transform,338,0.0673
L03_seed2026,compiled_model_output_numpy,339,4.6951
L03_seed2026,preprocess_validation_and_transform,339,0.0597
L03_seed2026,compiled_model_output_numpy,340,6.8749
L03_seed2026,preprocess_validation_and_transform,340,0.0591
L03_seed2026,compiled_model_output_numpy,341,4.8354
L03_seed2026,preprocess_validation_and_transform,341,0.0576
L03_seed2026,compiled_model_output_numpy,342,4.6895
L03_seed2026,preprocess_validation_and_transform,342,0.0552
L03_seed2026,compiled_model_output_numpy,343,4.4628
L03_seed2026,preprocess_validation_and_transform,343,0.0595
L03_seed2026,compiled_model_output_numpy,344,4.983
L03_seed2026,preprocess_validation_and_transform,344,0.0619
L03_seed2026,compiled_model_output_numpy,345,4.3008
L03_seed2026,preprocess_validation_and_transform,345,0.0575
L03_seed2026,compiled_model_output_numpy,346,6.7491
L03_seed2026,preprocess_validation_and_transform,346,0.0635
L03_seed2026,compiled_model_output_numpy,347,6.5101
L03_seed2026,preprocess_validation_and_transform,347,0.0797
L03_seed2026,compiled_model_output_numpy,348,7.2763
L03_seed2026,preprocess_validation_and_transform,348,0.0654
L03_seed2026,compiled_model_output_numpy,349,4.4659
L03_seed2026,preprocess_validation_and_transform,349,0.0608
L03_seed2026,compiled_model_output_numpy,350,4.4456
L03_seed2026,preprocess_validation_and_transform,350,0.0631
L03_seed2026,compiled_model_output_numpy,351,4.6398
L03_seed2026,preprocess_validation_and_transform,351,0.1362
L03_seed2026,compiled_model_output_numpy,352,5.4124
L03_seed2026,preprocess_validation_and_transform,352,0.0965
L03_seed2026,compiled_model_output_numpy,353,5.2705
L03_seed2026,preprocess_validation_and_transform,353,0.0601
L03_seed2026,compiled_model_output_numpy,354,4.6101
L03_seed2026,preprocess_validation_and_transform,354,0.0612
L03_seed2026,compiled_model_output_numpy,355,4.3676
L03_seed2026,preprocess_validation_and_transform,355,0.0541
L03_seed2026,compiled_model_output_numpy,356,6.9425
L03_seed2026,preprocess_validation_and_transform,356,0.0632
L03_seed2026,compiled_model_output_numpy,357,6.9842
L03_seed2026,preprocess_validation_and_transform,357,0.0979
L03_seed2026,compiled_model_output_numpy,358,8.3598
L03_seed2026,preprocess_validation_and_transform,358,0.076
L03_seed2026,compiled_model_output_numpy,359,5.1109
L03_seed2026,preprocess_validation_and_transform,359,0.0964
L03_seed2026,compiled_model_output_numpy,360,6.8934
L03_seed2026,preprocess_validation_and_transform,360,0.0694
L03_seed2026,compiled_model_output_numpy,361,7.1937
L03_seed2026,preprocess_validation_and_transform,361,0.061
L03_seed2026,compiled_model_output_numpy,362,4.676
L03_seed2026,preprocess_validation_and_transform,362,0.0539
L03_seed2026,compiled_model_output_numpy,363,4.5486
L03_seed2026,preprocess_validation_and_transform,363,0.0594
L03_seed2026,compiled_model_output_numpy,364,7.0952
L03_seed2026,preprocess_validation_and_transform,364,0.1061
L03_seed2026,compiled_model_output_numpy,365,8.9488
L03_seed2026,preprocess_validation_and_transform,365,0.0986
L03_seed2026,compiled_model_output_numpy,366,8.6455
L03_seed2026,preprocess_validation_and_transform,366,0.0861
L03_seed2026,compiled_model_output_numpy,367,7.4181
L03_seed2026,preprocess_validation_and_transform,367,0.1038
L03_seed2026,compiled_model_output_numpy,368,9.0776
L03_seed2026,preprocess_validation_and_transform,368,0.113
L03_seed2026,compiled_model_output_numpy,369,8.2555
L03_seed2026,preprocess_validation_and_transform,369,0.0742
L03_seed2026,compiled_model_output_numpy,370,4.8577
L03_seed2026,preprocess_validation_and_transform,370,0.0628
L03_seed2026,compiled_model_output_numpy,371,4.9991
L03_seed2026,preprocess_validation_and_transform,371,0.0637
L03_seed2026,compiled_model_output_numpy,372,4.4099
L03_seed2026,preprocess_validation_and_transform,372,0.0585
L03_seed2026,compiled_model_output_numpy,373,5.75
L03_seed2026,preprocess_validation_and_transform,373,0.0965
L03_seed2026,compiled_model_output_numpy,374,6.9242
L03_seed2026,preprocess_validation_and_transform,374,0.0725
L03_seed2026,compiled_model_output_numpy,375,6.3221
L03_seed2026,preprocess_validation_and_transform,375,0.0623
L03_seed2026,compiled_model_output_numpy,376,5.273
L03_seed2026,preprocess_validation_and_transform,376,0.0942
L03_seed2026,compiled_model_output_numpy,377,8.3877
L03_seed2026,preprocess_validation_and_transform,377,0.1029
L03_seed2026,compiled_model_output_numpy,378,5.6953
L03_seed2026,preprocess_validation_and_transform,378,0.0763
L03_seed2026,compiled_model_output_numpy,379,6.5027
L03_seed2026,preprocess_validation_and_transform,379,0.0621
L03_seed2026,compiled_model_output_numpy,380,4.8238
L03_seed2026,preprocess_validation_and_transform,380,0.0592
L03_seed2026,compiled_model_output_numpy,381,4.8464
L03_seed2026,preprocess_validation_and_transform,381,0.0574
L03_seed2026,compiled_model_output_numpy,382,4.5356
L03_seed2026,preprocess_validation_and_transform,382,0.0587
L03_seed2026,compiled_model_output_numpy,383,6.7546
L03_seed2026,preprocess_validation_and_transform,383,0.0936
L03_seed2026,compiled_model_output_numpy,384,6.1714
L03_seed2026,preprocess_validation_and_transform,384,0.1018
L03_seed2026,compiled_model_output_numpy,385,5.3936
L03_seed2026,preprocess_validation_and_transform,385,0.0825
L03_seed2026,compiled_model_output_numpy,386,7.2598
L03_seed2026,preprocess_validation_and_transform,386,0.0989
L03_seed2026,compiled_model_output_numpy,387,7.7801
L03_seed2026,preprocess_validation_and_transform,387,0.1039
L03_seed2026,compiled_model_output_numpy,388,5.7133
L03_seed2026,preprocess_validation_and_transform,388,0.1053
L03_seed2026,compiled_model_output_numpy,389,6.3479
L03_seed2026,preprocess_validation_and_transform,389,0.3449
L03_seed2026,compiled_model_output_numpy,390,5.1348
L03_seed2026,preprocess_validation_and_transform,390,0.0556
L03_seed2026,compiled_model_output_numpy,391,5.0963
L03_seed2026,preprocess_validation_and_transform,391,0.0566
L03_seed2026,compiled_model_output_numpy,392,4.3118
L03_seed2026,preprocess_validation_and_transform,392,0.0569
L03_seed2026,compiled_model_output_numpy,393,4.6457
L03_seed2026,preprocess_validation_and_transform,393,0.0595
L03_seed2026,compiled_model_output_numpy,394,6.9302
L03_seed2026,preprocess_validation_and_transform,394,0.0621
L03_seed2026,compiled_model_output_numpy,395,4.5226
L03_seed2026,preprocess_validation_and_transform,395,0.062
L03_seed2026,compiled_model_output_numpy,396,4.6749
L03_seed2026,preprocess_validation_and_transform,396,0.0523
L03_seed2026,compiled_model_output_numpy,397,4.7757
L03_seed2026,preprocess_validation_and_transform,397,0.0574
L03_seed2026,compiled_model_output_numpy,398,4.5111
L03_seed2026,preprocess_validation_and_transform,398,0.0566
L03_seed2026,compiled_model_output_numpy,399,4.7171
L03_seed2026,preprocess_validation_and_transform,399,0.057
L03_seed2026,compiled_model_output_numpy,400,4.5448
L03_seed2026,preprocess_validation_and_transform,400,0.0551
L03_seed2026,compiled_model_output_numpy,401,4.3721
L03_seed2026,preprocess_validation_and_transform,401,0.0571
L03_seed2026,compiled_model_output_numpy,402,4.4198
L03_seed2026,preprocess_validation_and_transform,402,0.0601
L03_seed2026,compiled_model_output_numpy,403,4.6471
L03_seed2026,preprocess_validation_and_transform,403,0.0561
L03_seed2026,compiled_model_output_numpy,404,4.5647
L03_seed2026,preprocess_validation_and_transform,404,0.0695
L03_seed2026,compiled_model_output_numpy,405,7.2356
L03_seed2026,preprocess_validation_and_transform,405,0.0629
L03_seed2026,compiled_model_output_numpy,406,5.7062
L03_seed2026,preprocess_validation_and_transform,406,0.0613
L03_seed2026,compiled_model_output_numpy,407,5.0325
L03_seed2026,preprocess_validation_and_transform,407,0.0538
L03_seed2026,compiled_model_output_numpy,408,6.4648
L03_seed2026,preprocess_validation_and_transform,408,0.0925
L03_seed2026,compiled_model_output_numpy,409,6.3461
L03_seed2026,preprocess_validation_and_transform,409,0.0718
L03_seed2026,compiled_model_output_numpy,410,6.2282
L03_seed2026,preprocess_validation_and_transform,410,0.0929
L03_seed2026,compiled_model_output_numpy,411,4.651
L03_seed2026,preprocess_validation_and_transform,411,0.0656
L03_seed2026,compiled_model_output_numpy,412,4.3453
L03_seed2026,preprocess_validation_and_transform,412,0.0601
L03_seed2026,compiled_model_output_numpy,413,7.0423
L03_seed2026,preprocess_validation_and_transform,413,0.0735
L03_seed2026,compiled_model_output_numpy,414,4.8698
L03_seed2026,preprocess_validation_and_transform,414,0.1002
L03_seed2026,compiled_model_output_numpy,415,4.9485
L03_seed2026,preprocess_validation_and_transform,415,0.2247
L03_seed2026,compiled_model_output_numpy,416,8.3139
L03_seed2026,preprocess_validation_and_transform,416,0.0669
L03_seed2026,compiled_model_output_numpy,417,6.638
L03_seed2026,preprocess_validation_and_transform,417,0.0605
L03_seed2026,compiled_model_output_numpy,418,4.6197
L03_seed2026,preprocess_validation_and_transform,418,0.0592
L03_seed2026,compiled_model_output_numpy,419,6.7091
L03_seed2026,preprocess_validation_and_transform,419,0.0616
L03_seed2026,compiled_model_output_numpy,420,4.7697
L03_seed2026,preprocess_validation_and_transform,420,0.0559
L03_seed2026,compiled_model_output_numpy,421,4.5387
L03_seed2026,preprocess_validation_and_transform,421,0.0561
L03_seed2026,compiled_model_output_numpy,422,4.45
L03_seed2026,preprocess_validation_and_transform,422,0.048
L03_seed2026,compiled_model_output_numpy,423,4.3725
L03_seed2026,preprocess_validation_and_transform,423,0.0611
L03_seed2026,compiled_model_output_numpy,424,5.0157
L03_seed2026,preprocess_validation_and_transform,424,0.0997
L03_seed2026,compiled_model_output_numpy,425,4.6495
L03_seed2026,preprocess_validation_and_transform,425,0.0552
L03_seed2026,compiled_model_output_numpy,426,4.4527
L03_seed2026,preprocess_validation_and_transform,426,0.061
L03_seed2026,compiled_model_output_numpy,427,4.6357
L03_seed2026,preprocess_validation_and_transform,427,0.0584
L03_seed2026,compiled_model_output_numpy,428,4.6885
L03_seed2026,preprocess_validation_and_transform,428,0.0567
L03_seed2026,compiled_model_output_numpy,429,5.4228
L03_seed2026,preprocess_validation_and_transform,429,0.0567
L03_seed2026,compiled_model_output_numpy,430,4.8861
L03_seed2026,preprocess_validation_and_transform,430,0.0643
L03_seed2026,compiled_model_output_numpy,431,5.0852
L03_seed2026,preprocess_validation_and_transform,431,0.0578
L03_seed2026,compiled_model_output_numpy,432,4.5222
L03_seed2026,preprocess_validation_and_transform,432,0.0537
L03_seed2026,compiled_model_output_numpy,433,4.7286
L03_seed2026,preprocess_validation_and_transform,433,0.0557
L03_seed2026,compiled_model_output_numpy,434,5.0431
L03_seed2026,preprocess_validation_and_transform,434,0.0567
L03_seed2026,compiled_model_output_numpy,435,4.2892
L03_seed2026,preprocess_validation_and_transform,435,0.0576
L03_seed2026,compiled_model_output_numpy,436,4.7151
L03_seed2026,preprocess_validation_and_transform,436,0.0529
L03_seed2026,compiled_model_output_numpy,437,4.785
L03_seed2026,preprocess_validation_and_transform,437,0.0539
L03_seed2026,compiled_model_output_numpy,438,4.673
L03_seed2026,preprocess_validation_and_transform,438,0.0574
L03_seed2026,compiled_model_output_numpy,439,4.6821
L03_seed2026,preprocess_validation_and_transform,439,0.0596
L03_seed2026,compiled_model_output_numpy,440,4.6934
L03_seed2026,preprocess_validation_and_transform,440,0.0585
L03_seed2026,compiled_model_output_numpy,441,4.9687
L03_seed2026,preprocess_validation_and_transform,441,0.0609
L03_seed2026,compiled_model_output_numpy,442,4.3262
L03_seed2026,preprocess_validation_and_transform,442,0.0512
L03_seed2026,compiled_model_output_numpy,443,4.878
L03_seed2026,preprocess_validation_and_transform,443,0.055
L03_seed2026,compiled_model_output_numpy,444,4.923
L03_seed2026,preprocess_validation_and_transform,444,0.0563
L03_seed2026,compiled_model_output_numpy,445,4.4621
L03_seed2026,preprocess_validation_and_transform,445,0.0615
L03_seed2026,compiled_model_output_numpy,446,4.6565
L03_seed2026,preprocess_validation_and_transform,446,0.3013
L03_seed2026,compiled_model_output_numpy,447,4.9455
L03_seed2026,preprocess_validation_and_transform,447,0.0904
L03_seed2026,compiled_model_output_numpy,448,6.9864
L03_seed2026,preprocess_validation_and_transform,448,0.0685
L03_seed2026,compiled_model_output_numpy,449,5.1948
L03_seed2026,preprocess_validation_and_transform,449,0.0625
L03_seed2026,compiled_model_output_numpy,450,4.9779
L03_seed2026,preprocess_validation_and_transform,450,0.0617
L03_seed2026,compiled_model_output_numpy,451,4.6765
L03_seed2026,preprocess_validation_and_transform,451,0.0536
L03_seed2026,compiled_model_output_numpy,452,4.4288
L03_seed2026,preprocess_validation_and_transform,452,0.0569
L03_seed2026,compiled_model_output_numpy,453,4.8512
L03_seed2026,preprocess_validation_and_transform,453,0.0906
L03_seed2026,compiled_model_output_numpy,454,4.9431
L03_seed2026,preprocess_validation_and_transform,454,0.0661
L03_seed2026,compiled_model_output_numpy,455,4.4044
L03_seed2026,preprocess_validation_and_transform,455,0.0585
L03_seed2026,compiled_model_output_numpy,456,4.4625
L03_seed2026,preprocess_validation_and_transform,456,0.058
L03_seed2026,compiled_model_output_numpy,457,4.4707
L03_seed2026,preprocess_validation_and_transform,457,0.07
L03_seed2026,compiled_model_output_numpy,458,5.2826
L03_seed2026,preprocess_validation_and_transform,458,0.0602
L03_seed2026,compiled_model_output_numpy,459,4.4906
L03_seed2026,preprocess_validation_and_transform,459,0.0597
L03_seed2026,compiled_model_output_numpy,460,4.8062
L03_seed2026,preprocess_validation_and_transform,460,0.0847
L03_seed2026,compiled_model_output_numpy,461,4.8208
L03_seed2026,preprocess_validation_and_transform,461,0.0634
L03_seed2026,compiled_model_output_numpy,462,4.5779
L03_seed2026,preprocess_validation_and_transform,462,0.0581
L03_seed2026,compiled_model_output_numpy,463,4.8087
L03_seed2026,preprocess_validation_and_transform,463,0.0544
L03_seed2026,compiled_model_output_numpy,464,4.9579
L03_seed2026,preprocess_validation_and_transform,464,0.0887
L03_seed2026,compiled_model_output_numpy,465,5.653
L03_seed2026,preprocess_validation_and_transform,465,0.0684
L03_seed2026,compiled_model_output_numpy,466,6.3691
L03_seed2026,preprocess_validation_and_transform,466,0.0646
L03_seed2026,compiled_model_output_numpy,467,4.5837
L03_seed2026,preprocess_validation_and_transform,467,0.0604
L03_seed2026,compiled_model_output_numpy,468,4.5115
L03_seed2026,preprocess_validation_and_transform,468,0.0602
L03_seed2026,compiled_model_output_numpy,469,4.827
L03_seed2026,preprocess_validation_and_transform,469,0.0585
L03_seed2026,compiled_model_output_numpy,470,4.5413
L03_seed2026,preprocess_validation_and_transform,470,0.0542
L03_seed2026,compiled_model_output_numpy,471,4.5336
L03_seed2026,preprocess_validation_and_transform,471,0.0577
L03_seed2026,compiled_model_output_numpy,472,5.5084
L03_seed2026,preprocess_validation_and_transform,472,0.0941
L03_seed2026,compiled_model_output_numpy,473,4.7184
L03_seed2026,preprocess_validation_and_transform,473,0.1418
L03_seed2026,compiled_model_output_numpy,474,4.7045
L03_seed2026,preprocess_validation_and_transform,474,0.0594
L03_seed2026,compiled_model_output_numpy,475,4.9101
L03_seed2026,preprocess_validation_and_transform,475,0.0604
L03_seed2026,compiled_model_output_numpy,476,4.9808
L03_seed2026,preprocess_validation_and_transform,476,0.0882
L03_seed2026,compiled_model_output_numpy,477,4.8051
L03_seed2026,preprocess_validation_and_transform,477,0.0652
L03_seed2026,compiled_model_output_numpy,478,4.9392
L03_seed2026,preprocess_validation_and_transform,478,0.0643
L03_seed2026,compiled_model_output_numpy,479,5.4592
L03_seed2026,preprocess_validation_and_transform,479,0.0654
L03_seed2026,compiled_model_output_numpy,480,4.6002
L03_seed2026,preprocess_validation_and_transform,480,0.0604
L03_seed2026,compiled_model_output_numpy,481,5.2172
L03_seed2026,preprocess_validation_and_transform,481,0.0624
L03_seed2026,compiled_model_output_numpy,482,4.6665
L03_seed2026,preprocess_validation_and_transform,482,0.0596
L03_seed2026,compiled_model_output_numpy,483,4.8364
L03_seed2026,preprocess_validation_and_transform,483,0.0514
L03_seed2026,compiled_model_output_numpy,484,4.7369
L03_seed2026,preprocess_validation_and_transform,484,0.0618
L03_seed2026,compiled_model_output_numpy,485,8.4533
L03_seed2026,preprocess_validation_and_transform,485,0.0673
L03_seed2026,compiled_model_output_numpy,486,5.029
L03_seed2026,preprocess_validation_and_transform,486,0.0585
L03_seed2026,compiled_model_output_numpy,487,6.0017
L03_seed2026,preprocess_validation_and_transform,487,0.0638
L03_seed2026,compiled_model_output_numpy,488,4.5212
L03_seed2026,preprocess_validation_and_transform,488,0.0611
L03_seed2026,compiled_model_output_numpy,489,6.2188
L03_seed2026,preprocess_validation_and_transform,489,0.0577
L03_seed2026,compiled_model_output_numpy,490,6.3307
L03_seed2026,preprocess_validation_and_transform,490,0.0684
L03_seed2026,compiled_model_output_numpy,491,4.5285
L03_seed2026,preprocess_validation_and_transform,491,0.0729
L03_seed2026,compiled_model_output_numpy,492,7.5918
L03_seed2026,preprocess_validation_and_transform,492,0.064
L03_seed2026,compiled_model_output_numpy,493,7.6063
L03_seed2026,preprocess_validation_and_transform,493,0.0644
L03_seed2026,compiled_model_output_numpy,494,8.4796
L03_seed2026,preprocess_validation_and_transform,494,0.0688
L03_seed2026,compiled_model_output_numpy,495,7.2181
L03_seed2026,preprocess_validation_and_transform,495,0.103
L03_seed2026,compiled_model_output_numpy,496,6.9905
L03_seed2026,preprocess_validation_and_transform,496,0.1144
L03_seed2026,compiled_model_output_numpy,497,7.3992
L03_seed2026,preprocess_validation_and_transform,497,0.0816
L03_seed2026,compiled_model_output_numpy,498,4.5419
L03_seed2026,preprocess_validation_and_transform,498,0.0609
L03_seed2026,compiled_model_output_numpy,499,4.7264
L03_seed2026,preprocess_validation_and_transform,499,0.0592
L03_seed2027,compiled_model_output_numpy,0,5.8084
L03_seed2027,preprocess_validation_and_transform,0,0.0602
L03_seed2027,compiled_model_output_numpy,1,4.5952
L03_seed2027,preprocess_validation_and_transform,1,0.0571
L03_seed2027,compiled_model_output_numpy,2,4.596
L03_seed2027,preprocess_validation_and_transform,2,0.146
L03_seed2027,compiled_model_output_numpy,3,5.8029
L03_seed2027,preprocess_validation_and_transform,3,0.0593
L03_seed2027,compiled_model_output_numpy,4,6.0021
L03_seed2027,preprocess_validation_and_transform,4,0.0977
L03_seed2027,compiled_model_output_numpy,5,6.2272
L03_seed2027,preprocess_validation_and_transform,5,0.071
L03_seed2027,compiled_model_output_numpy,6,6.4225
L03_seed2027,preprocess_validation_and_transform,6,0.0982
L03_seed2027,compiled_model_output_numpy,7,5.9688
L03_seed2027,preprocess_validation_and_transform,7,0.1059
L03_seed2027,compiled_model_output_numpy,8,6.1187
L03_seed2027,preprocess_validation_and_transform,8,0.0791
L03_seed2027,compiled_model_output_numpy,9,7.4193
L03_seed2027,preprocess_validation_and_transform,9,0.0653
L03_seed2027,compiled_model_output_numpy,10,6.404
L03_seed2027,preprocess_validation_and_transform,10,0.0909
L03_seed2027,compiled_model_output_numpy,11,7.0283
L03_seed2027,preprocess_validation_and_transform,11,0.0742
L03_seed2027,compiled_model_output_numpy,12,7.007
L03_seed2027,preprocess_validation_and_transform,12,0.0557
L03_seed2027,compiled_model_output_numpy,13,4.9319
L03_seed2027,preprocess_validation_and_transform,13,0.0607
L03_seed2027,compiled_model_output_numpy,14,4.9183
L03_seed2027,preprocess_validation_and_transform,14,0.0558
L03_seed2027,compiled_model_output_numpy,15,4.6205
L03_seed2027,preprocess_validation_and_transform,15,0.0587
L03_seed2027,compiled_model_output_numpy,16,4.4954
L03_seed2027,preprocess_validation_and_transform,16,0.0522
L03_seed2027,compiled_model_output_numpy,17,4.3998
L03_seed2027,preprocess_validation_and_transform,17,0.06
L03_seed2027,compiled_model_output_numpy,18,4.4477
L03_seed2027,preprocess_validation_and_transform,18,0.0641
L03_seed2027,compiled_model_output_numpy,19,4.9036
L03_seed2027,preprocess_validation_and_transform,19,0.0759
L03_seed2027,compiled_model_output_numpy,20,4.482
L03_seed2027,preprocess_validation_and_transform,20,0.057
L03_seed2027,compiled_model_output_numpy,21,4.6723
L03_seed2027,preprocess_validation_and_transform,21,0.0556
L03_seed2027,compiled_model_output_numpy,22,6.5404
L03_seed2027,preprocess_validation_and_transform,22,0.0614
L03_seed2027,compiled_model_output_numpy,23,4.3688
L03_seed2027,preprocess_validation_and_transform,23,0.0615
L03_seed2027,compiled_model_output_numpy,24,5.1413
L03_seed2027,preprocess_validation_and_transform,24,0.0582
L03_seed2027,compiled_model_output_numpy,25,4.839
L03_seed2027,preprocess_validation_and_transform,25,0.0579
L03_seed2027,compiled_model_output_numpy,26,5.9883
L03_seed2027,preprocess_validation_and_transform,26,0.0603
L03_seed2027,compiled_model_output_numpy,27,6.6756
L03_seed2027,preprocess_validation_and_transform,27,0.0593
L03_seed2027,compiled_model_output_numpy,28,4.576
L03_seed2027,preprocess_validation_and_transform,28,0.0871
L03_seed2027,compiled_model_output_numpy,29,5.016
L03_seed2027,preprocess_validation_and_transform,29,0.0703
L03_seed2027,compiled_model_output_numpy,30,4.4649
L03_seed2027,preprocess_validation_and_transform,30,0.0645
L03_seed2027,compiled_model_output_numpy,31,7.9362
L03_seed2027,preprocess_validation_and_transform,31,0.0605
L03_seed2027,compiled_model_output_numpy,32,4.5381
L03_seed2027,preprocess_validation_and_transform,32,0.0527
L03_seed2027,compiled_model_output_numpy,33,4.5136
L03_seed2027,preprocess_validation_and_transform,33,0.0577
L03_seed2027,compiled_model_output_numpy,34,4.721
L03_seed2027,preprocess_validation_and_transform,34,0.0618
L03_seed2027,compiled_model_output_numpy,35,4.4809
L03_seed2027,preprocess_validation_and_transform,35,0.0596
L03_seed2027,compiled_model_output_numpy,36,4.6835
L03_seed2027,preprocess_validation_and_transform,36,0.0565
L03_seed2027,compiled_model_output_numpy,37,4.3331
L03_seed2027,preprocess_validation_and_transform,37,0.0578
L03_seed2027,compiled_model_output_numpy,38,4.4856
L03_seed2027,preprocess_validation_and_transform,38,0.0553
L03_seed2027,compiled_model_output_numpy,39,4.3395
L03_seed2027,preprocess_validation_and_transform,39,0.0528
L03_seed2027,compiled_model_output_numpy,40,4.3439
L03_seed2027,preprocess_validation_and_transform,40,0.0605
L03_seed2027,compiled_model_output_numpy,41,5.3517
L03_seed2027,preprocess_validation_and_transform,41,0.0614
L03_seed2027,compiled_model_output_numpy,42,4.3644
L03_seed2027,preprocess_validation_and_transform,42,0.0608
L03_seed2027,compiled_model_output_numpy,43,4.439
L03_seed2027,preprocess_validation_and_transform,43,0.0559
L03_seed2027,compiled_model_output_numpy,44,4.5059
L03_seed2027,preprocess_validation_and_transform,44,0.1573
L03_seed2027,compiled_model_output_numpy,45,4.4927
L03_seed2027,preprocess_validation_and_transform,45,0.0575
L03_seed2027,compiled_model_output_numpy,46,4.6025
L03_seed2027,preprocess_validation_and_transform,46,0.0813
L03_seed2027,compiled_model_output_numpy,47,4.4016
L03_seed2027,preprocess_validation_and_transform,47,0.0581
L03_seed2027,compiled_model_output_numpy,48,4.9244
L03_seed2027,preprocess_validation_and_transform,48,0.0595
L03_seed2027,compiled_model_output_numpy,49,4.7248
L03_seed2027,preprocess_validation_and_transform,49,0.0573
L03_seed2027,compiled_model_output_numpy,50,5.3176
L03_seed2027,preprocess_validation_and_transform,50,0.0625
L03_seed2027,compiled_model_output_numpy,51,5.0628
L03_seed2027,preprocess_validation_and_transform,51,0.0591
L03_seed2027,compiled_model_output_numpy,52,7.93
L03_seed2027,preprocess_validation_and_transform,52,0.0669
L03_seed2027,compiled_model_output_numpy,53,6.9922
L03_seed2027,preprocess_validation_and_transform,53,0.097
L03_seed2027,compiled_model_output_numpy,54,5.2931
L03_seed2027,preprocess_validation_and_transform,54,0.1012
L03_seed2027,compiled_model_output_numpy,55,6.2835
L03_seed2027,preprocess_validation_and_transform,55,0.0707
L03_seed2027,compiled_model_output_numpy,56,7.53
L03_seed2027,preprocess_validation_and_transform,56,0.0945
L03_seed2027,compiled_model_output_numpy,57,7.2458
L03_seed2027,preprocess_validation_and_transform,57,0.1158
L03_seed2027,compiled_model_output_numpy,58,8.7194
L03_seed2027,preprocess_validation_and_transform,58,0.0623
L03_seed2027,compiled_model_output_numpy,59,4.3704
L03_seed2027,preprocess_validation_and_transform,59,0.0565
L03_seed2027,compiled_model_output_numpy,60,4.5234
L03_seed2027,preprocess_validation_and_transform,60,0.059
L03_seed2027,compiled_model_output_numpy,61,4.3689
L03_seed2027,preprocess_validation_and_transform,61,0.0425
L03_seed2027,compiled_model_output_numpy,62,4.5243
L03_seed2027,preprocess_validation_and_transform,62,0.0547
L03_seed2027,compiled_model_output_numpy,63,4.6604
L03_seed2027,preprocess_validation_and_transform,63,0.0506
L03_seed2027,compiled_model_output_numpy,64,4.2826
L03_seed2027,preprocess_validation_and_transform,64,0.0564
L03_seed2027,compiled_model_output_numpy,65,4.475
L03_seed2027,preprocess_validation_and_transform,65,0.0559
L03_seed2027,compiled_model_output_numpy,66,4.6623
L03_seed2027,preprocess_validation_and_transform,66,0.0577
L03_seed2027,compiled_model_output_numpy,67,4.3163
L03_seed2027,preprocess_validation_and_transform,67,0.0526
L03_seed2027,compiled_model_output_numpy,68,4.4198
L03_seed2027,preprocess_validation_and_transform,68,0.0576
L03_seed2027,compiled_model_output_numpy,69,6.1815
L03_seed2027,preprocess_validation_and_transform,69,0.0659
L03_seed2027,compiled_model_output_numpy,70,4.7499
L03_seed2027,preprocess_validation_and_transform,70,0.0565
L03_seed2027,compiled_model_output_numpy,71,4.7312
L03_seed2027,preprocess_validation_and_transform,71,0.0549
L03_seed2027,compiled_model_output_numpy,72,4.3221
L03_seed2027,preprocess_validation_and_transform,72,0.0748
L03_seed2027,compiled_model_output_numpy,73,4.1972
L03_seed2027,preprocess_validation_and_transform,73,0.052
L03_seed2027,compiled_model_output_numpy,74,6.2038
L03_seed2027,preprocess_validation_and_transform,74,0.0676
L03_seed2027,compiled_model_output_numpy,75,6.822
L03_seed2027,preprocess_validation_and_transform,75,0.0602
L03_seed2027,compiled_model_output_numpy,76,4.3598
L03_seed2027,preprocess_validation_and_transform,76,0.0572
L03_seed2027,compiled_model_output_numpy,77,4.4849
L03_seed2027,preprocess_validation_and_transform,77,0.0584
L03_seed2027,compiled_model_output_numpy,78,4.6689
L03_seed2027,preprocess_validation_and_transform,78,0.0603
L03_seed2027,compiled_model_output_numpy,79,4.4514
L03_seed2027,preprocess_validation_and_transform,79,0.0549
L03_seed2027,compiled_model_output_numpy,80,5.4114
L03_seed2027,preprocess_validation_and_transform,80,0.0573
L03_seed2027,compiled_model_output_numpy,81,6.3689
L03_seed2027,preprocess_validation_and_transform,81,0.0539
L03_seed2027,compiled_model_output_numpy,82,4.2645
L03_seed2027,preprocess_validation_and_transform,82,0.0748
L03_seed2027,compiled_model_output_numpy,83,5.834
L03_seed2027,preprocess_validation_and_transform,83,0.0532
L03_seed2027,compiled_model_output_numpy,84,4.3955
L03_seed2027,preprocess_validation_and_transform,84,0.0492
L03_seed2027,compiled_model_output_numpy,85,4.5634
L03_seed2027,preprocess_validation_and_transform,85,0.0584
L03_seed2027,compiled_model_output_numpy,86,4.2177
L03_seed2027,preprocess_validation_and_transform,86,0.0547
L03_seed2027,compiled_model_output_numpy,87,4.3967
L03_seed2027,preprocess_validation_and_transform,87,0.0589
L03_seed2027,compiled_model_output_numpy,88,6.3366
L03_seed2027,preprocess_validation_and_transform,88,0.0591
L03_seed2027,compiled_model_output_numpy,89,5.2887
L03_seed2027,preprocess_validation_and_transform,89,0.0617
L03_seed2027,compiled_model_output_numpy,90,4.741
L03_seed2027,preprocess_validation_and_transform,90,0.0572
L03_seed2027,compiled_model_output_numpy,91,4.6376
L03_seed2027,preprocess_validation_and_transform,91,0.056
L03_seed2027,compiled_model_output_numpy,92,7.573
L03_seed2027,preprocess_validation_and_transform,92,0.0577
L03_seed2027,compiled_model_output_numpy,93,4.3112
L03_seed2027,preprocess_validation_and_transform,93,0.0549
L03_seed2027,compiled_model_output_numpy,94,6.7553
L03_seed2027,preprocess_validation_and_transform,94,0.0615
L03_seed2027,compiled_model_output_numpy,95,4.4258
L03_seed2027,preprocess_validation_and_transform,95,0.0593
L03_seed2027,compiled_model_output_numpy,96,4.3786
L03_seed2027,preprocess_validation_and_transform,96,0.0538
L03_seed2027,compiled_model_output_numpy,97,4.2453
L03_seed2027,preprocess_validation_and_transform,97,0.0538
L03_seed2027,compiled_model_output_numpy,98,4.2604
L03_seed2027,preprocess_validation_and_transform,98,0.0529
L03_seed2027,compiled_model_output_numpy,99,4.407
L03_seed2027,preprocess_validation_and_transform,99,0.0531
L03_seed2027,compiled_model_output_numpy,100,4.435
L03_seed2027,preprocess_validation_and_transform,100,0.0564
L03_seed2027,compiled_model_output_numpy,101,4.578
L03_seed2027,preprocess_validation_and_transform,101,0.0869
L03_seed2027,compiled_model_output_numpy,102,4.3853
L03_seed2027,preprocess_validation_and_transform,102,0.0534
L03_seed2027,compiled_model_output_numpy,103,4.3286
L03_seed2027,preprocess_validation_and_transform,103,0.0542
L03_seed2027,compiled_model_output_numpy,104,4.2172
L03_seed2027,preprocess_validation_and_transform,104,0.0601
L03_seed2027,compiled_model_output_numpy,105,6.0505
L03_seed2027,preprocess_validation_and_transform,105,0.0603
L03_seed2027,compiled_model_output_numpy,106,4.6395
L03_seed2027,preprocess_validation_and_transform,106,0.0564
L03_seed2027,compiled_model_output_numpy,107,5.4282
L03_seed2027,preprocess_validation_and_transform,107,0.0606
L03_seed2027,compiled_model_output_numpy,108,4.6078
L03_seed2027,preprocess_validation_and_transform,108,0.0573
L03_seed2027,compiled_model_output_numpy,109,4.6126
L03_seed2027,preprocess_validation_and_transform,109,0.0569
L03_seed2027,compiled_model_output_numpy,110,5.0424
L03_seed2027,preprocess_validation_and_transform,110,0.0524
L03_seed2027,compiled_model_output_numpy,111,4.4533
L03_seed2027,preprocess_validation_and_transform,111,0.0581
L03_seed2027,compiled_model_output_numpy,112,4.5447
L03_seed2027,preprocess_validation_and_transform,112,0.0537
L03_seed2027,compiled_model_output_numpy,113,4.6242
L03_seed2027,preprocess_validation_and_transform,113,0.0581
L03_seed2027,compiled_model_output_numpy,114,4.6547
L03_seed2027,preprocess_validation_and_transform,114,0.0535
L03_seed2027,compiled_model_output_numpy,115,5.328
L03_seed2027,preprocess_validation_and_transform,115,0.0639
L03_seed2027,compiled_model_output_numpy,116,5.5535
L03_seed2027,preprocess_validation_and_transform,116,0.06
L03_seed2027,compiled_model_output_numpy,117,4.8689
L03_seed2027,preprocess_validation_and_transform,117,0.0618
L03_seed2027,compiled_model_output_numpy,118,4.6027
L03_seed2027,preprocess_validation_and_transform,118,0.0605
L03_seed2027,compiled_model_output_numpy,119,5.625
L03_seed2027,preprocess_validation_and_transform,119,0.064
L03_seed2027,compiled_model_output_numpy,120,4.6266
L03_seed2027,preprocess_validation_and_transform,120,0.063
L03_seed2027,compiled_model_output_numpy,121,4.4665
L03_seed2027,preprocess_validation_and_transform,121,0.0569
L03_seed2027,compiled_model_output_numpy,122,4.6151
L03_seed2027,preprocess_validation_and_transform,122,0.0561
L03_seed2027,compiled_model_output_numpy,123,4.5097
L03_seed2027,preprocess_validation_and_transform,123,0.0562
L03_seed2027,compiled_model_output_numpy,124,4.6273
L03_seed2027,preprocess_validation_and_transform,124,0.0593
L03_seed2027,compiled_model_output_numpy,125,4.4206
L03_seed2027,preprocess_validation_and_transform,125,0.0577
L03_seed2027,compiled_model_output_numpy,126,9.0367
L03_seed2027,preprocess_validation_and_transform,126,0.0649
L03_seed2027,compiled_model_output_numpy,127,4.5592
L03_seed2027,preprocess_validation_and_transform,127,0.0476
L03_seed2027,compiled_model_output_numpy,128,4.5795
L03_seed2027,preprocess_validation_and_transform,128,0.0599
L03_seed2027,compiled_model_output_numpy,129,4.427
L03_seed2027,preprocess_validation_and_transform,129,0.0569
L03_seed2027,compiled_model_output_numpy,130,4.3958
L03_seed2027,preprocess_validation_and_transform,130,0.054
L03_seed2027,compiled_model_output_numpy,131,4.827
L03_seed2027,preprocess_validation_and_transform,131,0.0611
L03_seed2027,compiled_model_output_numpy,132,4.4968
L03_seed2027,preprocess_validation_and_transform,132,0.0486
L03_seed2027,compiled_model_output_numpy,133,4.4668
L03_seed2027,preprocess_validation_and_transform,133,0.0566
L03_seed2027,compiled_model_output_numpy,134,6.3906
L03_seed2027,preprocess_validation_and_transform,134,0.0621
L03_seed2027,compiled_model_output_numpy,135,5.143
L03_seed2027,preprocess_validation_and_transform,135,0.1169
L03_seed2027,compiled_model_output_numpy,136,4.5949
L03_seed2027,preprocess_validation_and_transform,136,0.0579
L03_seed2027,compiled_model_output_numpy,137,4.5168
L03_seed2027,preprocess_validation_and_transform,137,0.055
L03_seed2027,compiled_model_output_numpy,138,4.473
L03_seed2027,preprocess_validation_and_transform,138,0.0554
L03_seed2027,compiled_model_output_numpy,139,4.6061
L03_seed2027,preprocess_validation_and_transform,139,0.0626
L03_seed2027,compiled_model_output_numpy,140,4.6454
L03_seed2027,preprocess_validation_and_transform,140,0.0863
L03_seed2027,compiled_model_output_numpy,141,5.0815
L03_seed2027,preprocess_validation_and_transform,141,0.0617
L03_seed2027,compiled_model_output_numpy,142,4.6991
L03_seed2027,preprocess_validation_and_transform,142,0.059
L03_seed2027,compiled_model_output_numpy,143,4.4082
L03_seed2027,preprocess_validation_and_transform,143,0.0541
L03_seed2027,compiled_model_output_numpy,144,4.7486
L03_seed2027,preprocess_validation_and_transform,144,0.0593
L03_seed2027,compiled_model_output_numpy,145,4.5842
L03_seed2027,preprocess_validation_and_transform,145,0.0559
L03_seed2027,compiled_model_output_numpy,146,4.5427
L03_seed2027,preprocess_validation_and_transform,146,0.0576
L03_seed2027,compiled_model_output_numpy,147,4.3401
L03_seed2027,preprocess_validation_and_transform,147,0.058
L03_seed2027,compiled_model_output_numpy,148,4.8558
L03_seed2027,preprocess_validation_and_transform,148,0.0551
L03_seed2027,compiled_model_output_numpy,149,4.4372
L03_seed2027,preprocess_validation_and_transform,149,0.0524
L03_seed2027,compiled_model_output_numpy,150,4.376
L03_seed2027,preprocess_validation_and_transform,150,0.0536
L03_seed2027,compiled_model_output_numpy,151,4.867
L03_seed2027,preprocess_validation_and_transform,151,0.0552
L03_seed2027,compiled_model_output_numpy,152,4.8137
L03_seed2027,preprocess_validation_and_transform,152,0.0612
L03_seed2027,compiled_model_output_numpy,153,4.6841
L03_seed2027,preprocess_validation_and_transform,153,0.0572
L03_seed2027,compiled_model_output_numpy,154,6.291
L03_seed2027,preprocess_validation_and_transform,154,0.0623
L03_seed2027,compiled_model_output_numpy,155,4.7631
L03_seed2027,preprocess_validation_and_transform,155,0.0579
L03_seed2027,compiled_model_output_numpy,156,4.7358
L03_seed2027,preprocess_validation_and_transform,156,0.0595
L03_seed2027,compiled_model_output_numpy,157,4.3286
L03_seed2027,preprocess_validation_and_transform,157,0.0588
L03_seed2027,compiled_model_output_numpy,158,4.6537
L03_seed2027,preprocess_validation_and_transform,158,0.0581
L03_seed2027,compiled_model_output_numpy,159,4.6433
L03_seed2027,preprocess_validation_and_transform,159,0.0548
L03_seed2027,compiled_model_output_numpy,160,4.4591
L03_seed2027,preprocess_validation_and_transform,160,0.0374
L03_seed2027,compiled_model_output_numpy,161,4.2778
L03_seed2027,preprocess_validation_and_transform,161,0.0538
L03_seed2027,compiled_model_output_numpy,162,4.3474
L03_seed2027,preprocess_validation_and_transform,162,0.0585
L03_seed2027,compiled_model_output_numpy,163,4.2605
L03_seed2027,preprocess_validation_and_transform,163,0.045
L03_seed2027,compiled_model_output_numpy,164,4.3684
L03_seed2027,preprocess_validation_and_transform,164,0.0577
L03_seed2027,compiled_model_output_numpy,165,4.6488
L03_seed2027,preprocess_validation_and_transform,165,0.0649
L03_seed2027,compiled_model_output_numpy,166,5.5719
L03_seed2027,preprocess_validation_and_transform,166,0.0604
L03_seed2027,compiled_model_output_numpy,167,4.4709
L03_seed2027,preprocess_validation_and_transform,167,0.0607
L03_seed2027,compiled_model_output_numpy,168,4.3592
L03_seed2027,preprocess_validation_and_transform,168,0.0554
L03_seed2027,compiled_model_output_numpy,169,5.1773
L03_seed2027,preprocess_validation_and_transform,169,0.0645
L03_seed2027,compiled_model_output_numpy,170,4.3825
L03_seed2027,preprocess_validation_and_transform,170,0.056
L03_seed2027,compiled_model_output_numpy,171,4.3022
L03_seed2027,preprocess_validation_and_transform,171,0.0517
L03_seed2027,compiled_model_output_numpy,172,4.4911
L03_seed2027,preprocess_validation_and_transform,172,0.0589
L03_seed2027,compiled_model_output_numpy,173,6.6138
L03_seed2027,preprocess_validation_and_transform,173,0.0551
L03_seed2027,compiled_model_output_numpy,174,4.3962
L03_seed2027,preprocess_validation_and_transform,174,0.0366
L03_seed2027,compiled_model_output_numpy,175,4.2128
L03_seed2027,preprocess_validation_and_transform,175,0.0576
L03_seed2027,compiled_model_output_numpy,176,4.5444
L03_seed2027,preprocess_validation_and_transform,176,0.0551
L03_seed2027,compiled_model_output_numpy,177,4.4764
L03_seed2027,preprocess_validation_and_transform,177,0.0591
L03_seed2027,compiled_model_output_numpy,178,4.3843
L03_seed2027,preprocess_validation_and_transform,178,0.0458
L03_seed2027,compiled_model_output_numpy,179,4.4929
L03_seed2027,preprocess_validation_and_transform,179,0.0546
L03_seed2027,compiled_model_output_numpy,180,4.2058
L03_seed2027,preprocess_validation_and_transform,180,0.0405
L03_seed2027,compiled_model_output_numpy,181,4.4078
L03_seed2027,preprocess_validation_and_transform,181,0.0509
L03_seed2027,compiled_model_output_numpy,182,4.4398
L03_seed2027,preprocess_validation_and_transform,182,0.0568
L03_seed2027,compiled_model_output_numpy,183,4.3192
L03_seed2027,preprocess_validation_and_transform,183,0.0765
L03_seed2027,compiled_model_output_numpy,184,4.5333
L03_seed2027,preprocess_validation_and_transform,184,0.055
L03_seed2027,compiled_model_output_numpy,185,4.6039
L03_seed2027,preprocess_validation_and_transform,185,0.0591
L03_seed2027,compiled_model_output_numpy,186,4.7461
L03_seed2027,preprocess_validation_and_transform,186,0.054
L03_seed2027,compiled_model_output_numpy,187,5.6994
L03_seed2027,preprocess_validation_and_transform,187,0.059
L03_seed2027,compiled_model_output_numpy,188,4.3948
L03_seed2027,preprocess_validation_and_transform,188,0.0564
L03_seed2027,compiled_model_output_numpy,189,4.4775
L03_seed2027,preprocess_validation_and_transform,189,0.0507
L03_seed2027,compiled_model_output_numpy,190,4.967
L03_seed2027,preprocess_validation_and_transform,190,0.0587
L03_seed2027,compiled_model_output_numpy,191,4.4717
L03_seed2027,preprocess_validation_and_transform,191,0.0609
L03_seed2027,compiled_model_output_numpy,192,4.449
L03_seed2027,preprocess_validation_and_transform,192,0.0596
L03_seed2027,compiled_model_output_numpy,193,4.5138
L03_seed2027,preprocess_validation_and_transform,193,0.0906
L03_seed2027,compiled_model_output_numpy,194,5.1018
L03_seed2027,preprocess_validation_and_transform,194,0.0659
L03_seed2027,compiled_model_output_numpy,195,4.6135
L03_seed2027,preprocess_validation_and_transform,195,0.0529
L03_seed2027,compiled_model_output_numpy,196,4.3323
L03_seed2027,preprocess_validation_and_transform,196,0.0541
L03_seed2027,compiled_model_output_numpy,197,6.0255
L03_seed2027,preprocess_validation_and_transform,197,0.1034
L03_seed2027,compiled_model_output_numpy,198,6.4146
L03_seed2027,preprocess_validation_and_transform,198,0.0634
L03_seed2027,compiled_model_output_numpy,199,5.057
L03_seed2027,preprocess_validation_and_transform,199,0.0597
L03_seed2027,compiled_model_output_numpy,200,6.1782
L03_seed2027,preprocess_validation_and_transform,200,0.0572
L03_seed2027,compiled_model_output_numpy,201,4.6254
L03_seed2027,preprocess_validation_and_transform,201,0.0558
L03_seed2027,compiled_model_output_numpy,202,4.6783
L03_seed2027,preprocess_validation_and_transform,202,0.0547
L03_seed2027,compiled_model_output_numpy,203,4.5672
L03_seed2027,preprocess_validation_and_transform,203,0.053
L03_seed2027,compiled_model_output_numpy,204,4.321
L03_seed2027,preprocess_validation_and_transform,204,0.0409
L03_seed2027,compiled_model_output_numpy,205,4.6411
L03_seed2027,preprocess_validation_and_transform,205,0.0549
L03_seed2027,compiled_model_output_numpy,206,6.6522
L03_seed2027,preprocess_validation_and_transform,206,0.0645
L03_seed2027,compiled_model_output_numpy,207,4.6183
L03_seed2027,preprocess_validation_and_transform,207,0.0573
L03_seed2027,compiled_model_output_numpy,208,4.5557
L03_seed2027,preprocess_validation_and_transform,208,0.0578
L03_seed2027,compiled_model_output_numpy,209,4.5454
L03_seed2027,preprocess_validation_and_transform,209,0.0563
L03_seed2027,compiled_model_output_numpy,210,4.3825
L03_seed2027,preprocess_validation_and_transform,210,0.0604
L03_seed2027,compiled_model_output_numpy,211,4.4001
L03_seed2027,preprocess_validation_and_transform,211,0.0522
L03_seed2027,compiled_model_output_numpy,212,5.9572
L03_seed2027,preprocess_validation_and_transform,212,0.0558
L03_seed2027,compiled_model_output_numpy,213,4.5339
L03_seed2027,preprocess_validation_and_transform,213,0.0586
L03_seed2027,compiled_model_output_numpy,214,5.7379
L03_seed2027,preprocess_validation_and_transform,214,0.0866
L03_seed2027,compiled_model_output_numpy,215,7.75
L03_seed2027,preprocess_validation_and_transform,215,0.0669
L03_seed2027,compiled_model_output_numpy,216,5.2126
L03_seed2027,preprocess_validation_and_transform,216,0.0619
L03_seed2027,compiled_model_output_numpy,217,5.1801
L03_seed2027,preprocess_validation_and_transform,217,0.0604
L03_seed2027,compiled_model_output_numpy,218,4.6315
L03_seed2027,preprocess_validation_and_transform,218,0.0535
L03_seed2027,compiled_model_output_numpy,219,4.5953
L03_seed2027,preprocess_validation_and_transform,219,0.0711
L03_seed2027,compiled_model_output_numpy,220,4.5254
L03_seed2027,preprocess_validation_and_transform,220,0.0761
L03_seed2027,compiled_model_output_numpy,221,5.0843
L03_seed2027,preprocess_validation_and_transform,221,0.0592
L03_seed2027,compiled_model_output_numpy,222,4.6909
L03_seed2027,preprocess_validation_and_transform,222,0.0622
L03_seed2027,compiled_model_output_numpy,223,4.4227
L03_seed2027,preprocess_validation_and_transform,223,0.0567
L03_seed2027,compiled_model_output_numpy,224,4.531
L03_seed2027,preprocess_validation_and_transform,224,0.055
L03_seed2027,compiled_model_output_numpy,225,4.3449
L03_seed2027,preprocess_validation_and_transform,225,0.0529
L03_seed2027,compiled_model_output_numpy,226,4.4343
L03_seed2027,preprocess_validation_and_transform,226,0.0559
L03_seed2027,compiled_model_output_numpy,227,4.7778
L03_seed2027,preprocess_validation_and_transform,227,0.0864
L03_seed2027,compiled_model_output_numpy,228,5.4861
L03_seed2027,preprocess_validation_and_transform,228,0.0655
L03_seed2027,compiled_model_output_numpy,229,7.7448
L03_seed2027,preprocess_validation_and_transform,229,0.1376
L03_seed2027,compiled_model_output_numpy,230,5.0536
L03_seed2027,preprocess_validation_and_transform,230,0.058
L03_seed2027,compiled_model_output_numpy,231,5.1186
L03_seed2027,preprocess_validation_and_transform,231,0.0565
L03_seed2027,compiled_model_output_numpy,232,4.8361
L03_seed2027,preprocess_validation_and_transform,232,0.0576
L03_seed2027,compiled_model_output_numpy,233,4.6322
L03_seed2027,preprocess_validation_and_transform,233,0.0528
L03_seed2027,compiled_model_output_numpy,234,4.4013
L03_seed2027,preprocess_validation_and_transform,234,0.0569
L03_seed2027,compiled_model_output_numpy,235,4.8921
L03_seed2027,preprocess_validation_and_transform,235,0.0563
L03_seed2027,compiled_model_output_numpy,236,4.8232
L03_seed2027,preprocess_validation_and_transform,236,0.0892
L03_seed2027,compiled_model_output_numpy,237,6.8264
L03_seed2027,preprocess_validation_and_transform,237,0.0644
L03_seed2027,compiled_model_output_numpy,238,4.5765
L03_seed2027,preprocess_validation_and_transform,238,0.0585
L03_seed2027,compiled_model_output_numpy,239,4.6839
L03_seed2027,preprocess_validation_and_transform,239,0.0554
L03_seed2027,compiled_model_output_numpy,240,4.7609
L03_seed2027,preprocess_validation_and_transform,240,0.0563
L03_seed2027,compiled_model_output_numpy,241,7.2033
L03_seed2027,preprocess_validation_and_transform,241,0.059
L03_seed2027,compiled_model_output_numpy,242,4.4765
L03_seed2027,preprocess_validation_and_transform,242,0.0596
L03_seed2027,compiled_model_output_numpy,243,4.6555
L03_seed2027,preprocess_validation_and_transform,243,0.0495
L03_seed2027,compiled_model_output_numpy,244,4.3659
L03_seed2027,preprocess_validation_and_transform,244,0.0491
L03_seed2027,compiled_model_output_numpy,245,6.3463
L03_seed2027,preprocess_validation_and_transform,245,0.0593
L03_seed2027,compiled_model_output_numpy,246,4.3795
L03_seed2027,preprocess_validation_and_transform,246,0.0552
L03_seed2027,compiled_model_output_numpy,247,4.6266
L03_seed2027,preprocess_validation_and_transform,247,0.0526
L03_seed2027,compiled_model_output_numpy,248,4.4216
L03_seed2027,preprocess_validation_and_transform,248,0.0527
L03_seed2027,compiled_model_output_numpy,249,5.0848
L03_seed2027,preprocess_validation_and_transform,249,0.0602
L03_seed2027,compiled_model_output_numpy,250,4.5213
L03_seed2027,preprocess_validation_and_transform,250,0.057
L03_seed2027,compiled_model_output_numpy,251,4.9812
L03_seed2027,preprocess_validation_and_transform,251,0.0578
L03_seed2027,compiled_model_output_numpy,252,4.969
L03_seed2027,preprocess_validation_and_transform,252,0.0883
L03_seed2027,compiled_model_output_numpy,253,4.8635
L03_seed2027,preprocess_validation_and_transform,253,0.0684
L03_seed2027,compiled_model_output_numpy,254,4.3692
L03_seed2027,preprocess_validation_and_transform,254,0.058
L03_seed2027,compiled_model_output_numpy,255,4.3644
L03_seed2027,preprocess_validation_and_transform,255,0.0537
L03_seed2027,compiled_model_output_numpy,256,5.9928
L03_seed2027,preprocess_validation_and_transform,256,0.0612
L03_seed2027,compiled_model_output_numpy,257,5.0935
L03_seed2027,preprocess_validation_and_transform,257,0.0518
L03_seed2027,compiled_model_output_numpy,258,4.6474
L03_seed2027,preprocess_validation_and_transform,258,0.0659
L03_seed2027,compiled_model_output_numpy,259,4.9711
L03_seed2027,preprocess_validation_and_transform,259,0.0551
L03_seed2027,compiled_model_output_numpy,260,4.8341
L03_seed2027,preprocess_validation_and_transform,260,0.0535
L03_seed2027,compiled_model_output_numpy,261,4.3766
L03_seed2027,preprocess_validation_and_transform,261,0.0528
L03_seed2027,compiled_model_output_numpy,262,6.6492
L03_seed2027,preprocess_validation_and_transform,262,0.0528
L03_seed2027,compiled_model_output_numpy,263,4.6261
L03_seed2027,preprocess_validation_and_transform,263,0.0569
L03_seed2027,compiled_model_output_numpy,264,4.4332
L03_seed2027,preprocess_validation_and_transform,264,0.0567
L03_seed2027,compiled_model_output_numpy,265,5.5015
L03_seed2027,preprocess_validation_and_transform,265,0.0565
L03_seed2027,compiled_model_output_numpy,266,4.4797
L03_seed2027,preprocess_validation_and_transform,266,0.054
L03_seed2027,compiled_model_output_numpy,267,5.0725
L03_seed2027,preprocess_validation_and_transform,267,0.0523
L03_seed2027,compiled_model_output_numpy,268,5.3643
L03_seed2027,preprocess_validation_and_transform,268,0.0603
L03_seed2027,compiled_model_output_numpy,269,4.8359
L03_seed2027,preprocess_validation_and_transform,269,0.0535
L03_seed2027,compiled_model_output_numpy,270,5.1113
L03_seed2027,preprocess_validation_and_transform,270,0.0549
L03_seed2027,compiled_model_output_numpy,271,7.5554
L03_seed2027,preprocess_validation_and_transform,271,0.0568
L03_seed2027,compiled_model_output_numpy,272,4.7088
L03_seed2027,preprocess_validation_and_transform,272,0.0546
L03_seed2027,compiled_model_output_numpy,273,4.6735
L03_seed2027,preprocess_validation_and_transform,273,0.0591
L03_seed2027,compiled_model_output_numpy,274,4.8745
L03_seed2027,preprocess_validation_and_transform,274,0.0691
L03_seed2027,compiled_model_output_numpy,275,4.8468
L03_seed2027,preprocess_validation_and_transform,275,0.0572
L03_seed2027,compiled_model_output_numpy,276,5.3247
L03_seed2027,preprocess_validation_and_transform,276,0.0616
L03_seed2027,compiled_model_output_numpy,277,5.1101
L03_seed2027,preprocess_validation_and_transform,277,0.0617
L03_seed2027,compiled_model_output_numpy,278,4.7578
L03_seed2027,preprocess_validation_and_transform,278,0.0569
L03_seed2027,compiled_model_output_numpy,279,4.4798
L03_seed2027,preprocess_validation_and_transform,279,0.0545
L03_seed2027,compiled_model_output_numpy,280,6.1814
L03_seed2027,preprocess_validation_and_transform,280,0.056
L03_seed2027,compiled_model_output_numpy,281,4.315
L03_seed2027,preprocess_validation_and_transform,281,0.056
L03_seed2027,compiled_model_output_numpy,282,5.4241
L03_seed2027,preprocess_validation_and_transform,282,0.0578
L03_seed2027,compiled_model_output_numpy,283,4.4186
L03_seed2027,preprocess_validation_and_transform,283,0.0517
L03_seed2027,compiled_model_output_numpy,284,4.8114
L03_seed2027,preprocess_validation_and_transform,284,0.0548
L03_seed2027,compiled_model_output_numpy,285,4.6825
L03_seed2027,preprocess_validation_and_transform,285,0.121
L03_seed2027,compiled_model_output_numpy,286,4.4508
L03_seed2027,preprocess_validation_and_transform,286,0.0589
L03_seed2027,compiled_model_output_numpy,287,5.1426
L03_seed2027,preprocess_validation_and_transform,287,0.0648
L03_seed2027,compiled_model_output_numpy,288,5.0019
L03_seed2027,preprocess_validation_and_transform,288,0.0765
L03_seed2027,compiled_model_output_numpy,289,8.1525
L03_seed2027,preprocess_validation_and_transform,289,0.1209
L03_seed2027,compiled_model_output_numpy,290,6.3459
L03_seed2027,preprocess_validation_and_transform,290,0.0878
L03_seed2027,compiled_model_output_numpy,291,6.8522
L03_seed2027,preprocess_validation_and_transform,291,0.119
L03_seed2027,compiled_model_output_numpy,292,7.4618
L03_seed2027,preprocess_validation_and_transform,292,0.0964
L03_seed2027,compiled_model_output_numpy,293,11.7947
L03_seed2027,preprocess_validation_and_transform,293,0.1436
L03_seed2027,compiled_model_output_numpy,294,6.4008
L03_seed2027,preprocess_validation_and_transform,294,0.0903
L03_seed2027,compiled_model_output_numpy,295,5.6675
L03_seed2027,preprocess_validation_and_transform,295,0.114
L03_seed2027,compiled_model_output_numpy,296,6.2005
L03_seed2027,preprocess_validation_and_transform,296,0.1159
L03_seed2027,compiled_model_output_numpy,297,6.458
L03_seed2027,preprocess_validation_and_transform,297,0.0903
L03_seed2027,compiled_model_output_numpy,298,4.7557
L03_seed2027,preprocess_validation_and_transform,298,0.1284
L03_seed2027,compiled_model_output_numpy,299,5.6273
L03_seed2027,preprocess_validation_and_transform,299,0.0809
L03_seed2027,compiled_model_output_numpy,300,5.5956
L03_seed2027,preprocess_validation_and_transform,300,0.1658
L03_seed2027,compiled_model_output_numpy,301,8.8681
L03_seed2027,preprocess_validation_and_transform,301,0.0821
L03_seed2027,compiled_model_output_numpy,302,6.3778
L03_seed2027,preprocess_validation_and_transform,302,0.1884
L03_seed2027,compiled_model_output_numpy,303,4.9801
L03_seed2027,preprocess_validation_and_transform,303,0.0786
L03_seed2027,compiled_model_output_numpy,304,5.058
L03_seed2027,preprocess_validation_and_transform,304,0.081
L03_seed2027,compiled_model_output_numpy,305,4.9077
L03_seed2027,preprocess_validation_and_transform,305,0.0773
L03_seed2027,compiled_model_output_numpy,306,5.0033
L03_seed2027,preprocess_validation_and_transform,306,0.0755
L03_seed2027,compiled_model_output_numpy,307,4.8797
L03_seed2027,preprocess_validation_and_transform,307,0.0694
L03_seed2027,compiled_model_output_numpy,308,4.9126
L03_seed2027,preprocess_validation_and_transform,308,0.0786
L03_seed2027,compiled_model_output_numpy,309,5.5031
L03_seed2027,preprocess_validation_and_transform,309,0.2974
L03_seed2027,compiled_model_output_numpy,310,6.4171
L03_seed2027,preprocess_validation_and_transform,310,0.0859
L03_seed2027,compiled_model_output_numpy,311,6.6342
L03_seed2027,preprocess_validation_and_transform,311,0.0777
L03_seed2027,compiled_model_output_numpy,312,6.217
L03_seed2027,preprocess_validation_and_transform,312,0.0917
L03_seed2027,compiled_model_output_numpy,313,8.3751
L03_seed2027,preprocess_validation_and_transform,313,0.1182
L03_seed2027,compiled_model_output_numpy,314,7.7238
L03_seed2027,preprocess_validation_and_transform,314,0.1214
L03_seed2027,compiled_model_output_numpy,315,9.0499
L03_seed2027,preprocess_validation_and_transform,315,0.1009
L03_seed2027,compiled_model_output_numpy,316,7.7574
L03_seed2027,preprocess_validation_and_transform,316,0.1184
L03_seed2027,compiled_model_output_numpy,317,9.5228
L03_seed2027,preprocess_validation_and_transform,317,0.0856
L03_seed2027,compiled_model_output_numpy,318,7.0708
L03_seed2027,preprocess_validation_and_transform,318,0.0941
L03_seed2027,compiled_model_output_numpy,319,4.9813
L03_seed2027,preprocess_validation_and_transform,319,0.0751
L03_seed2027,compiled_model_output_numpy,320,9.2206
L03_seed2027,preprocess_validation_and_transform,320,0.0824
L03_seed2027,compiled_model_output_numpy,321,7.4677
L03_seed2027,preprocess_validation_and_transform,321,0.1158
L03_seed2027,compiled_model_output_numpy,322,10.042
L03_seed2027,preprocess_validation_and_transform,322,0.1166
L03_seed2027,compiled_model_output_numpy,323,9.1353
L03_seed2027,preprocess_validation_and_transform,323,0.0952
L03_seed2027,compiled_model_output_numpy,324,8.7521
L03_seed2027,preprocess_validation_and_transform,324,0.116
L03_seed2027,compiled_model_output_numpy,325,8.1173
L03_seed2027,preprocess_validation_and_transform,325,0.0904
L03_seed2027,compiled_model_output_numpy,326,4.701
L03_seed2027,preprocess_validation_and_transform,326,0.0627
L03_seed2027,compiled_model_output_numpy,327,4.9288
L03_seed2027,preprocess_validation_and_transform,327,0.0615
L03_seed2027,compiled_model_output_numpy,328,4.8095
L03_seed2027,preprocess_validation_and_transform,328,0.062
L03_seed2027,compiled_model_output_numpy,329,4.4402
L03_seed2027,preprocess_validation_and_transform,329,0.0592
L03_seed2027,compiled_model_output_numpy,330,4.4107
L03_seed2027,preprocess_validation_and_transform,330,0.0542
L03_seed2027,compiled_model_output_numpy,331,4.4206
L03_seed2027,preprocess_validation_and_transform,331,0.0576
L03_seed2027,compiled_model_output_numpy,332,4.4811
L03_seed2027,preprocess_validation_and_transform,332,0.0379
L03_seed2027,compiled_model_output_numpy,333,4.1045
L03_seed2027,preprocess_validation_and_transform,333,0.0635
L03_seed2027,compiled_model_output_numpy,334,5.4238
L03_seed2027,preprocess_validation_and_transform,334,0.06
L03_seed2027,compiled_model_output_numpy,335,4.5351
L03_seed2027,preprocess_validation_and_transform,335,0.0548
L03_seed2027,compiled_model_output_numpy,336,4.4109
L03_seed2027,preprocess_validation_and_transform,336,0.0568
L03_seed2027,compiled_model_output_numpy,337,4.8661
L03_seed2027,preprocess_validation_and_transform,337,0.1506
L03_seed2027,compiled_model_output_numpy,338,5.5764
L03_seed2027,preprocess_validation_and_transform,338,0.06
L03_seed2027,compiled_model_output_numpy,339,4.4567
L03_seed2027,preprocess_validation_and_transform,339,0.0787
L03_seed2027,compiled_model_output_numpy,340,4.5864
L03_seed2027,preprocess_validation_and_transform,340,0.0589
L03_seed2027,compiled_model_output_numpy,341,4.389
L03_seed2027,preprocess_validation_and_transform,341,0.0503
L03_seed2027,compiled_model_output_numpy,342,4.3954
L03_seed2027,preprocess_validation_and_transform,342,0.058
L03_seed2027,compiled_model_output_numpy,343,4.4338
L03_seed2027,preprocess_validation_and_transform,343,0.053
L03_seed2027,compiled_model_output_numpy,344,4.8758
L03_seed2027,preprocess_validation_and_transform,344,0.0555
L03_seed2027,compiled_model_output_numpy,345,4.6229
L03_seed2027,preprocess_validation_and_transform,345,0.058
L03_seed2027,compiled_model_output_numpy,346,4.8192
L03_seed2027,preprocess_validation_and_transform,346,0.0548
L03_seed2027,compiled_model_output_numpy,347,4.5625
L03_seed2027,preprocess_validation_and_transform,347,0.0551
L03_seed2027,compiled_model_output_numpy,348,4.6319
L03_seed2027,preprocess_validation_and_transform,348,0.0593
L03_seed2027,compiled_model_output_numpy,349,4.3561
L03_seed2027,preprocess_validation_and_transform,349,0.0483
L03_seed2027,compiled_model_output_numpy,350,4.345
L03_seed2027,preprocess_validation_and_transform,350,0.0581
L03_seed2027,compiled_model_output_numpy,351,5.1769
L03_seed2027,preprocess_validation_and_transform,351,0.0576
L03_seed2027,compiled_model_output_numpy,352,4.6064
L03_seed2027,preprocess_validation_and_transform,352,0.0555
L03_seed2027,compiled_model_output_numpy,353,5.5995
L03_seed2027,preprocess_validation_and_transform,353,0.0587
L03_seed2027,compiled_model_output_numpy,354,5.3144
L03_seed2027,preprocess_validation_and_transform,354,0.0604
L03_seed2027,compiled_model_output_numpy,355,6.0642
L03_seed2027,preprocess_validation_and_transform,355,0.0597
L03_seed2027,compiled_model_output_numpy,356,4.6371
L03_seed2027,preprocess_validation_and_transform,356,0.0612
L03_seed2027,compiled_model_output_numpy,357,4.6763
L03_seed2027,preprocess_validation_and_transform,357,0.0629
L03_seed2027,compiled_model_output_numpy,358,4.8802
L03_seed2027,preprocess_validation_and_transform,358,0.0611
L03_seed2027,compiled_model_output_numpy,359,4.7389
L03_seed2027,preprocess_validation_and_transform,359,0.0583
L03_seed2027,compiled_model_output_numpy,360,4.557
L03_seed2027,preprocess_validation_and_transform,360,0.0581
L03_seed2027,compiled_model_output_numpy,361,4.7565
L03_seed2027,preprocess_validation_and_transform,361,0.0549
L03_seed2027,compiled_model_output_numpy,362,4.3209
L03_seed2027,preprocess_validation_and_transform,362,0.0578
L03_seed2027,compiled_model_output_numpy,363,6.7275
L03_seed2027,preprocess_validation_and_transform,363,0.0584
L03_seed2027,compiled_model_output_numpy,364,4.4663
L03_seed2027,preprocess_validation_and_transform,364,0.0589
L03_seed2027,compiled_model_output_numpy,365,4.5513
L03_seed2027,preprocess_validation_and_transform,365,0.3696
L03_seed2027,compiled_model_output_numpy,366,6.5999
L03_seed2027,preprocess_validation_and_transform,366,0.0625
L03_seed2027,compiled_model_output_numpy,367,5.3928
L03_seed2027,preprocess_validation_and_transform,367,0.0569
L03_seed2027,compiled_model_output_numpy,368,5.093
L03_seed2027,preprocess_validation_and_transform,368,0.0541
L03_seed2027,compiled_model_output_numpy,369,4.4933
L03_seed2027,preprocess_validation_and_transform,369,0.0517
L03_seed2027,compiled_model_output_numpy,370,4.6431
L03_seed2027,preprocess_validation_and_transform,370,0.0565
L03_seed2027,compiled_model_output_numpy,371,4.2777
L03_seed2027,preprocess_validation_and_transform,371,0.0559
L03_seed2027,compiled_model_output_numpy,372,4.6375
L03_seed2027,preprocess_validation_and_transform,372,0.0587
L03_seed2027,compiled_model_output_numpy,373,4.5831
L03_seed2027,preprocess_validation_and_transform,373,0.0582
L03_seed2027,compiled_model_output_numpy,374,5.6684
L03_seed2027,preprocess_validation_and_transform,374,0.0618
L03_seed2027,compiled_model_output_numpy,375,4.566
L03_seed2027,preprocess_validation_and_transform,375,0.059
L03_seed2027,compiled_model_output_numpy,376,4.6376
L03_seed2027,preprocess_validation_and_transform,376,0.0589
L03_seed2027,compiled_model_output_numpy,377,4.4855
L03_seed2027,preprocess_validation_and_transform,377,0.0531
L03_seed2027,compiled_model_output_numpy,378,4.5946
L03_seed2027,preprocess_validation_and_transform,378,0.0541
L03_seed2027,compiled_model_output_numpy,379,4.4945
L03_seed2027,preprocess_validation_and_transform,379,0.0574
L03_seed2027,compiled_model_output_numpy,380,4.3464
L03_seed2027,preprocess_validation_and_transform,380,0.057
L03_seed2027,compiled_model_output_numpy,381,4.8242
L03_seed2027,preprocess_validation_and_transform,381,0.0534
L03_seed2027,compiled_model_output_numpy,382,4.6397
L03_seed2027,preprocess_validation_and_transform,382,0.0522
L03_seed2027,compiled_model_output_numpy,383,4.9082
L03_seed2027,preprocess_validation_and_transform,383,0.0616
L03_seed2027,compiled_model_output_numpy,384,4.8923
L03_seed2027,preprocess_validation_and_transform,384,0.0608
L03_seed2027,compiled_model_output_numpy,385,4.7418
L03_seed2027,preprocess_validation_and_transform,385,0.0686
L03_seed2027,compiled_model_output_numpy,386,4.3752
L03_seed2027,preprocess_validation_and_transform,386,0.0581
L03_seed2027,compiled_model_output_numpy,387,4.3742
L03_seed2027,preprocess_validation_and_transform,387,0.0544
L03_seed2027,compiled_model_output_numpy,388,4.584
L03_seed2027,preprocess_validation_and_transform,388,0.0505
L03_seed2027,compiled_model_output_numpy,389,4.4666
L03_seed2027,preprocess_validation_and_transform,389,0.0565
L03_seed2027,compiled_model_output_numpy,390,7.5881
L03_seed2027,preprocess_validation_and_transform,390,0.0537
L03_seed2027,compiled_model_output_numpy,391,4.5076
L03_seed2027,preprocess_validation_and_transform,391,0.0518
L03_seed2027,compiled_model_output_numpy,392,4.3212
L03_seed2027,preprocess_validation_and_transform,392,0.0552
L03_seed2027,compiled_model_output_numpy,393,4.5261
L03_seed2027,preprocess_validation_and_transform,393,0.0513
L03_seed2027,compiled_model_output_numpy,394,4.4593
L03_seed2027,preprocess_validation_and_transform,394,0.0593
L03_seed2027,compiled_model_output_numpy,395,4.5165
L03_seed2027,preprocess_validation_and_transform,395,0.0542
L03_seed2027,compiled_model_output_numpy,396,4.8202
L03_seed2027,preprocess_validation_and_transform,396,0.0532
L03_seed2027,compiled_model_output_numpy,397,4.4247
L03_seed2027,preprocess_validation_and_transform,397,0.0576
L03_seed2027,compiled_model_output_numpy,398,4.6714
L03_seed2027,preprocess_validation_and_transform,398,0.0521
L03_seed2027,compiled_model_output_numpy,399,4.6067
L03_seed2027,preprocess_validation_and_transform,399,0.0704
L03_seed2027,compiled_model_output_numpy,400,5.4507
L03_seed2027,preprocess_validation_and_transform,400,0.0575
L03_seed2027,compiled_model_output_numpy,401,5.8995
L03_seed2027,preprocess_validation_and_transform,401,0.0712
L03_seed2027,compiled_model_output_numpy,402,5.7582
L03_seed2027,preprocess_validation_and_transform,402,0.0576
L03_seed2027,compiled_model_output_numpy,403,4.3552
L03_seed2027,preprocess_validation_and_transform,403,0.0566
L03_seed2027,compiled_model_output_numpy,404,4.6589
L03_seed2027,preprocess_validation_and_transform,404,0.0877
L03_seed2027,compiled_model_output_numpy,405,4.7833
L03_seed2027,preprocess_validation_and_transform,405,0.0602
L03_seed2027,compiled_model_output_numpy,406,4.339
L03_seed2027,preprocess_validation_and_transform,406,0.0915
L03_seed2027,compiled_model_output_numpy,407,4.7315
L03_seed2027,preprocess_validation_and_transform,407,0.056
L03_seed2027,compiled_model_output_numpy,408,4.51
L03_seed2027,preprocess_validation_and_transform,408,0.0557
L03_seed2027,compiled_model_output_numpy,409,5.7061
L03_seed2027,preprocess_validation_and_transform,409,0.0568
L03_seed2027,compiled_model_output_numpy,410,4.6337
L03_seed2027,preprocess_validation_and_transform,410,0.0556
L03_seed2027,compiled_model_output_numpy,411,4.3203
L03_seed2027,preprocess_validation_and_transform,411,0.0555
L03_seed2027,compiled_model_output_numpy,412,4.7087
L03_seed2027,preprocess_validation_and_transform,412,0.0566
L03_seed2027,compiled_model_output_numpy,413,4.6887
L03_seed2027,preprocess_validation_and_transform,413,0.0551
L03_seed2027,compiled_model_output_numpy,414,6.3573
L03_seed2027,preprocess_validation_and_transform,414,0.0693
L03_seed2027,compiled_model_output_numpy,415,4.9608
L03_seed2027,preprocess_validation_and_transform,415,0.0607
L03_seed2027,compiled_model_output_numpy,416,4.6243
L03_seed2027,preprocess_validation_and_transform,416,0.0578
L03_seed2027,compiled_model_output_numpy,417,6.6676
L03_seed2027,preprocess_validation_and_transform,417,0.0906
L03_seed2027,compiled_model_output_numpy,418,6.185
L03_seed2027,preprocess_validation_and_transform,418,0.0981
L03_seed2027,compiled_model_output_numpy,419,6.2903
L03_seed2027,preprocess_validation_and_transform,419,0.0671
L03_seed2027,compiled_model_output_numpy,420,7.402
L03_seed2027,preprocess_validation_and_transform,420,0.0616
L03_seed2027,compiled_model_output_numpy,421,7.1453
L03_seed2027,preprocess_validation_and_transform,421,0.0947
L03_seed2027,compiled_model_output_numpy,422,7.1556
L03_seed2027,preprocess_validation_and_transform,422,0.0679
L03_seed2027,compiled_model_output_numpy,423,6.1563
L03_seed2027,preprocess_validation_and_transform,423,0.0576
L03_seed2027,compiled_model_output_numpy,424,4.9285
L03_seed2027,preprocess_validation_and_transform,424,0.0613
L03_seed2027,compiled_model_output_numpy,425,5.4733
L03_seed2027,preprocess_validation_and_transform,425,0.0557
L03_seed2027,compiled_model_output_numpy,426,4.9772
L03_seed2027,preprocess_validation_and_transform,426,0.0593
L03_seed2027,compiled_model_output_numpy,427,6.0155
L03_seed2027,preprocess_validation_and_transform,427,0.1125
L03_seed2027,compiled_model_output_numpy,428,4.4078
L03_seed2027,preprocess_validation_and_transform,428,0.0563
L03_seed2027,compiled_model_output_numpy,429,4.5857
L03_seed2027,preprocess_validation_and_transform,429,0.0584
L03_seed2027,compiled_model_output_numpy,430,4.2661
L03_seed2027,preprocess_validation_and_transform,430,0.0395
L03_seed2027,compiled_model_output_numpy,431,5.4286
L03_seed2027,preprocess_validation_and_transform,431,0.0599
L03_seed2027,compiled_model_output_numpy,432,4.6186
L03_seed2027,preprocess_validation_and_transform,432,0.0584
L03_seed2027,compiled_model_output_numpy,433,4.4009
L03_seed2027,preprocess_validation_and_transform,433,0.0544
L03_seed2027,compiled_model_output_numpy,434,4.4408
L03_seed2027,preprocess_validation_and_transform,434,0.0581
L03_seed2027,compiled_model_output_numpy,435,4.6047
L03_seed2027,preprocess_validation_and_transform,435,0.0602
L03_seed2027,compiled_model_output_numpy,436,4.4838
L03_seed2027,preprocess_validation_and_transform,436,0.0526
L03_seed2027,compiled_model_output_numpy,437,4.2487
L03_seed2027,preprocess_validation_and_transform,437,0.0496
L03_seed2027,compiled_model_output_numpy,438,4.3176
L03_seed2027,preprocess_validation_and_transform,438,0.0464
L03_seed2027,compiled_model_output_numpy,439,4.3809
L03_seed2027,preprocess_validation_and_transform,439,0.0514
L03_seed2027,compiled_model_output_numpy,440,4.542
L03_seed2027,preprocess_validation_and_transform,440,0.0522
L03_seed2027,compiled_model_output_numpy,441,4.3355
L03_seed2027,preprocess_validation_and_transform,441,0.0561
L03_seed2027,compiled_model_output_numpy,442,6.3914
L03_seed2027,preprocess_validation_and_transform,442,0.0613
L03_seed2027,compiled_model_output_numpy,443,5.3269
L03_seed2027,preprocess_validation_and_transform,443,0.0586
L03_seed2027,compiled_model_output_numpy,444,4.5162
L03_seed2027,preprocess_validation_and_transform,444,0.054
L03_seed2027,compiled_model_output_numpy,445,5.8544
L03_seed2027,preprocess_validation_and_transform,445,0.0599
L03_seed2027,compiled_model_output_numpy,446,4.5545
L03_seed2027,preprocess_validation_and_transform,446,0.056
L03_seed2027,compiled_model_output_numpy,447,6.8122
L03_seed2027,preprocess_validation_and_transform,447,0.0576
L03_seed2027,compiled_model_output_numpy,448,4.6321
L03_seed2027,preprocess_validation_and_transform,448,0.0552
L03_seed2027,compiled_model_output_numpy,449,4.8541
L03_seed2027,preprocess_validation_and_transform,449,0.0577
L03_seed2027,compiled_model_output_numpy,450,4.6332
L03_seed2027,preprocess_validation_and_transform,450,0.0579
L03_seed2027,compiled_model_output_numpy,451,4.4309
L03_seed2027,preprocess_validation_and_transform,451,0.0541
L03_seed2027,compiled_model_output_numpy,452,4.2757
L03_seed2027,preprocess_validation_and_transform,452,0.0573
L03_seed2027,compiled_model_output_numpy,453,4.6118
L03_seed2027,preprocess_validation_and_transform,453,0.0562
L03_seed2027,compiled_model_output_numpy,454,8.092
L03_seed2027,preprocess_validation_and_transform,454,0.0578
L03_seed2027,compiled_model_output_numpy,455,4.5111
L03_seed2027,preprocess_validation_and_transform,455,0.1225
L03_seed2027,compiled_model_output_numpy,456,4.7345
L03_seed2027,preprocess_validation_and_transform,456,0.0545
L03_seed2027,compiled_model_output_numpy,457,5.3008
L03_seed2027,preprocess_validation_and_transform,457,0.0577
L03_seed2027,compiled_model_output_numpy,458,4.4509
L03_seed2027,preprocess_validation_and_transform,458,0.0562
L03_seed2027,compiled_model_output_numpy,459,4.8928
L03_seed2027,preprocess_validation_and_transform,459,0.0862
L03_seed2027,compiled_model_output_numpy,460,4.5599
L03_seed2027,preprocess_validation_and_transform,460,0.0537
L03_seed2027,compiled_model_output_numpy,461,4.6031
L03_seed2027,preprocess_validation_and_transform,461,0.0554
L03_seed2027,compiled_model_output_numpy,462,5.1042
L03_seed2027,preprocess_validation_and_transform,462,0.0573
L03_seed2027,compiled_model_output_numpy,463,4.3798
L03_seed2027,preprocess_validation_and_transform,463,0.0561
L03_seed2027,compiled_model_output_numpy,464,4.4986
L03_seed2027,preprocess_validation_and_transform,464,0.0579
L03_seed2027,compiled_model_output_numpy,465,4.6026
L03_seed2027,preprocess_validation_and_transform,465,0.0561
L03_seed2027,compiled_model_output_numpy,466,4.6438
L03_seed2027,preprocess_validation_and_transform,466,0.0535
L03_seed2027,compiled_model_output_numpy,467,5.5089
L03_seed2027,preprocess_validation_and_transform,467,0.0603
L03_seed2027,compiled_model_output_numpy,468,4.7826
L03_seed2027,preprocess_validation_and_transform,468,0.0578
L03_seed2027,compiled_model_output_numpy,469,4.4372
L03_seed2027,preprocess_validation_and_transform,469,0.0533
L03_seed2027,compiled_model_output_numpy,470,4.4521
L03_seed2027,preprocess_validation_and_transform,470,0.0578
L03_seed2027,compiled_model_output_numpy,471,4.5928
L03_seed2027,preprocess_validation_and_transform,471,0.0521
L03_seed2027,compiled_model_output_numpy,472,4.5046
L03_seed2027,preprocess_validation_and_transform,472,0.0505
L03_seed2027,compiled_model_output_numpy,473,4.3586
L03_seed2027,preprocess_validation_and_transform,473,0.0576
L03_seed2027,compiled_model_output_numpy,474,5.0172
L03_seed2027,preprocess_validation_and_transform,474,0.0571
L03_seed2027,compiled_model_output_numpy,475,4.5311
L03_seed2027,preprocess_validation_and_transform,475,0.053
L03_seed2027,compiled_model_output_numpy,476,6.5769
L03_seed2027,preprocess_validation_and_transform,476,0.062
L03_seed2027,compiled_model_output_numpy,477,4.7437
L03_seed2027,preprocess_validation_and_transform,477,0.0577
L03_seed2027,compiled_model_output_numpy,478,4.9079
L03_seed2027,preprocess_validation_and_transform,478,0.0594
L03_seed2027,compiled_model_output_numpy,479,7.2785
L03_seed2027,preprocess_validation_and_transform,479,0.0622
L03_seed2027,compiled_model_output_numpy,480,4.3651
L03_seed2027,preprocess_validation_and_transform,480,0.0486
L03_seed2027,compiled_model_output_numpy,481,4.4366
L03_seed2027,preprocess_validation_and_transform,481,0.0553
L03_seed2027,compiled_model_output_numpy,482,4.5096
L03_seed2027,preprocess_validation_and_transform,482,0.0575
L03_seed2027,compiled_model_output_numpy,483,4.7126
L03_seed2027,preprocess_validation_and_transform,483,0.0549
L03_seed2027,compiled_model_output_numpy,484,5.3831
L03_seed2027,preprocess_validation_and_transform,484,0.059
L03_seed2027,compiled_model_output_numpy,485,4.8716
L03_seed2027,preprocess_validation_and_transform,485,0.0561
L03_seed2027,compiled_model_output_numpy,486,4.7383
L03_seed2027,preprocess_validation_and_transform,486,0.0544
L03_seed2027,compiled_model_output_numpy,487,5.9415
L03_seed2027,preprocess_validation_and_transform,487,0.0892
L03_seed2027,compiled_model_output_numpy,488,4.6844
L03_seed2027,preprocess_validation_and_transform,488,0.0654
L03_seed2027,compiled_model_output_numpy,489,4.7155
L03_seed2027,preprocess_validation_and_transform,489,0.0603
L03_seed2027,compiled_model_output_numpy,490,5.1368
L03_seed2027,preprocess_validation_and_transform,490,0.0559
L03_seed2027,compiled_model_output_numpy,491,4.8573
L03_seed2027,preprocess_validation_and_transform,491,0.057
L03_seed2027,compiled_model_output_numpy,492,4.8538
L03_seed2027,preprocess_validation_and_transform,492,0.0554
L03_seed2027,compiled_model_output_numpy,493,5.0573
L03_seed2027,preprocess_validation_and_transform,493,0.0864
L03_seed2027,compiled_model_output_numpy,494,5.1059
L03_seed2027,preprocess_validation_and_transform,494,0.0682
L03_seed2027,compiled_model_output_numpy,495,4.4321
L03_seed2027,preprocess_validation_and_transform,495,0.0561
L03_seed2027,compiled_model_output_numpy,496,7.8401
L03_seed2027,preprocess_validation_and_transform,496,0.0632
L03_seed2027,compiled_model_output_numpy,497,4.7497
L03_seed2027,preprocess_validation_and_transform,497,0.0616
L03_seed2027,compiled_model_output_numpy,498,4.8636
L03_seed2027,preprocess_validation_and_transform,498,0.0601
L03_seed2027,compiled_model_output_numpy,499,5.6594
L03_seed2027,preprocess_validation_and_transform,499,0.062
L03_seed2028,compiled_model_output_numpy,0,4.2419
L03_seed2028,preprocess_validation_and_transform,0,0.0501
L03_seed2028,compiled_model_output_numpy,1,4.4373
L03_seed2028,preprocess_validation_and_transform,1,0.0538
L03_seed2028,compiled_model_output_numpy,2,5.1374
L03_seed2028,preprocess_validation_and_transform,2,0.0644
L03_seed2028,compiled_model_output_numpy,3,5.005
L03_seed2028,preprocess_validation_and_transform,3,0.057
L03_seed2028,compiled_model_output_numpy,4,4.5094
L03_seed2028,preprocess_validation_and_transform,4,0.0581
L03_seed2028,compiled_model_output_numpy,5,4.3253
L03_seed2028,preprocess_validation_and_transform,5,0.0562
L03_seed2028,compiled_model_output_numpy,6,4.6723
L03_seed2028,preprocess_validation_and_transform,6,0.0593
L03_seed2028,compiled_model_output_numpy,7,6.8245
L03_seed2028,preprocess_validation_and_transform,7,0.0578
L03_seed2028,compiled_model_output_numpy,8,5.2943
L03_seed2028,preprocess_validation_and_transform,8,0.0688
L03_seed2028,compiled_model_output_numpy,9,4.7805
L03_seed2028,preprocess_validation_and_transform,9,0.0578
L03_seed2028,compiled_model_output_numpy,10,4.9227
L03_seed2028,preprocess_validation_and_transform,10,0.0603
L03_seed2028,compiled_model_output_numpy,11,4.3273
L03_seed2028,preprocess_validation_and_transform,11,0.051
L03_seed2028,compiled_model_output_numpy,12,4.795
L03_seed2028,preprocess_validation_and_transform,12,0.0554
L03_seed2028,compiled_model_output_numpy,13,5.7016
L03_seed2028,preprocess_validation_and_transform,13,0.0622
L03_seed2028,compiled_model_output_numpy,14,4.599
L03_seed2028,preprocess_validation_and_transform,14,0.0603
L03_seed2028,compiled_model_output_numpy,15,6.4116
L03_seed2028,preprocess_validation_and_transform,15,0.0573
L03_seed2028,compiled_model_output_numpy,16,5.0674
L03_seed2028,preprocess_validation_and_transform,16,0.054
L03_seed2028,compiled_model_output_numpy,17,5.1673
L03_seed2028,preprocess_validation_and_transform,17,0.06
L03_seed2028,compiled_model_output_numpy,18,4.4479
L03_seed2028,preprocess_validation_and_transform,18,0.061
L03_seed2028,compiled_model_output_numpy,19,5.0756
L03_seed2028,preprocess_validation_and_transform,19,0.0893
L03_seed2028,compiled_model_output_numpy,20,4.8945
L03_seed2028,preprocess_validation_and_transform,20,0.0687
L03_seed2028,compiled_model_output_numpy,21,5.4664
L03_seed2028,preprocess_validation_and_transform,21,0.1245
L03_seed2028,compiled_model_output_numpy,22,4.9914
L03_seed2028,preprocess_validation_and_transform,22,0.0591
L03_seed2028,compiled_model_output_numpy,23,4.7178
L03_seed2028,preprocess_validation_and_transform,23,0.055
L03_seed2028,compiled_model_output_numpy,24,6.5488
L03_seed2028,preprocess_validation_and_transform,24,0.0622
L03_seed2028,compiled_model_output_numpy,25,6.0374
L03_seed2028,preprocess_validation_and_transform,25,0.0605
L03_seed2028,compiled_model_output_numpy,26,5.7672
L03_seed2028,preprocess_validation_and_transform,26,0.1199
L03_seed2028,compiled_model_output_numpy,27,4.899
L03_seed2028,preprocess_validation_and_transform,27,0.054
L03_seed2028,compiled_model_output_numpy,28,4.458
L03_seed2028,preprocess_validation_and_transform,28,0.0559
L03_seed2028,compiled_model_output_numpy,29,4.3839
L03_seed2028,preprocess_validation_and_transform,29,0.0584
L03_seed2028,compiled_model_output_numpy,30,4.5324
L03_seed2028,preprocess_validation_and_transform,30,0.0559
L03_seed2028,compiled_model_output_numpy,31,5.7245
L03_seed2028,preprocess_validation_and_transform,31,0.0584
L03_seed2028,compiled_model_output_numpy,32,4.367
L03_seed2028,preprocess_validation_and_transform,32,0.0559
L03_seed2028,compiled_model_output_numpy,33,4.383
L03_seed2028,preprocess_validation_and_transform,33,0.0498
L03_seed2028,compiled_model_output_numpy,34,4.416
L03_seed2028,preprocess_validation_and_transform,34,0.0562
L03_seed2028,compiled_model_output_numpy,35,4.3314
L03_seed2028,preprocess_validation_and_transform,35,0.0537
L03_seed2028,compiled_model_output_numpy,36,5.7435
L03_seed2028,preprocess_validation_and_transform,36,0.0583
L03_seed2028,compiled_model_output_numpy,37,4.445
L03_seed2028,preprocess_validation_and_transform,37,0.0877
L03_seed2028,compiled_model_output_numpy,38,6.6002
L03_seed2028,preprocess_validation_and_transform,38,0.0641
L03_seed2028,compiled_model_output_numpy,39,4.654
L03_seed2028,preprocess_validation_and_transform,39,0.0586
L03_seed2028,compiled_model_output_numpy,40,4.5316
L03_seed2028,preprocess_validation_and_transform,40,0.056
L03_seed2028,compiled_model_output_numpy,41,5.4124
L03_seed2028,preprocess_validation_and_transform,41,0.0598
L03_seed2028,compiled_model_output_numpy,42,4.6592
L03_seed2028,preprocess_validation_and_transform,42,0.0623
L03_seed2028,compiled_model_output_numpy,43,5.2889
L03_seed2028,preprocess_validation_and_transform,43,0.0638
L03_seed2028,compiled_model_output_numpy,44,6.627
L03_seed2028,preprocess_validation_and_transform,44,0.0644
L03_seed2028,compiled_model_output_numpy,45,4.529
L03_seed2028,preprocess_validation_and_transform,45,0.0563
L03_seed2028,compiled_model_output_numpy,46,4.7356
L03_seed2028,preprocess_validation_and_transform,46,0.1153
L03_seed2028,compiled_model_output_numpy,47,4.5357
L03_seed2028,preprocess_validation_and_transform,47,0.0573
L03_seed2028,compiled_model_output_numpy,48,4.511
L03_seed2028,preprocess_validation_and_transform,48,0.0581
L03_seed2028,compiled_model_output_numpy,49,5.7798
L03_seed2028,preprocess_validation_and_transform,49,0.0606
L03_seed2028,compiled_model_output_numpy,50,5.0263
L03_seed2028,preprocess_validation_and_transform,50,0.0563
L03_seed2028,compiled_model_output_numpy,51,6.6628
L03_seed2028,preprocess_validation_and_transform,51,0.0631
L03_seed2028,compiled_model_output_numpy,52,5.1168
L03_seed2028,preprocess_validation_and_transform,52,0.0628
L03_seed2028,compiled_model_output_numpy,53,4.8622
L03_seed2028,preprocess_validation_and_transform,53,0.0599
L03_seed2028,compiled_model_output_numpy,54,4.8483
L03_seed2028,preprocess_validation_and_transform,54,0.067
L03_seed2028,compiled_model_output_numpy,55,5.8702
L03_seed2028,preprocess_validation_and_transform,55,0.0593
L03_seed2028,compiled_model_output_numpy,56,4.5839
L03_seed2028,preprocess_validation_and_transform,56,0.0575
L03_seed2028,compiled_model_output_numpy,57,4.3477
L03_seed2028,preprocess_validation_and_transform,57,0.0597
L03_seed2028,compiled_model_output_numpy,58,4.4218
L03_seed2028,preprocess_validation_and_transform,58,0.056
L03_seed2028,compiled_model_output_numpy,59,4.3712
L03_seed2028,preprocess_validation_and_transform,59,0.0592
L03_seed2028,compiled_model_output_numpy,60,4.3072
L03_seed2028,preprocess_validation_and_transform,60,0.037
L03_seed2028,compiled_model_output_numpy,61,6.2631
L03_seed2028,preprocess_validation_and_transform,61,0.0606
L03_seed2028,compiled_model_output_numpy,62,4.5444
L03_seed2028,preprocess_validation_and_transform,62,0.0589
L03_seed2028,compiled_model_output_numpy,63,4.4784
L03_seed2028,preprocess_validation_and_transform,63,0.0561
L03_seed2028,compiled_model_output_numpy,64,4.819
L03_seed2028,preprocess_validation_and_transform,64,0.0577
L03_seed2028,compiled_model_output_numpy,65,6.831
L03_seed2028,preprocess_validation_and_transform,65,0.0604
L03_seed2028,compiled_model_output_numpy,66,4.4559
L03_seed2028,preprocess_validation_and_transform,66,0.0547
L03_seed2028,compiled_model_output_numpy,67,4.7048
L03_seed2028,preprocess_validation_and_transform,67,0.0602
L03_seed2028,compiled_model_output_numpy,68,4.4929
L03_seed2028,preprocess_validation_and_transform,68,0.0613
L03_seed2028,compiled_model_output_numpy,69,8.1573
L03_seed2028,preprocess_validation_and_transform,69,0.0665
L03_seed2028,compiled_model_output_numpy,70,4.4571
L03_seed2028,preprocess_validation_and_transform,70,0.0594
L03_seed2028,compiled_model_output_numpy,71,5.9777
L03_seed2028,preprocess_validation_and_transform,71,0.0641
L03_seed2028,compiled_model_output_numpy,72,4.3645
L03_seed2028,preprocess_validation_and_transform,72,0.0591
L03_seed2028,compiled_model_output_numpy,73,4.3827
L03_seed2028,preprocess_validation_and_transform,73,0.059
L03_seed2028,compiled_model_output_numpy,74,4.6578
L03_seed2028,preprocess_validation_and_transform,74,0.0585
L03_seed2028,compiled_model_output_numpy,75,4.6197
L03_seed2028,preprocess_validation_and_transform,75,0.0547
L03_seed2028,compiled_model_output_numpy,76,4.2606
L03_seed2028,preprocess_validation_and_transform,76,0.2442
L03_seed2028,compiled_model_output_numpy,77,5.4088
L03_seed2028,preprocess_validation_and_transform,77,0.3107
L03_seed2028,compiled_model_output_numpy,78,4.8637
L03_seed2028,preprocess_validation_and_transform,78,0.0654
L03_seed2028,compiled_model_output_numpy,79,4.5791
L03_seed2028,preprocess_validation_and_transform,79,0.0597
L03_seed2028,compiled_model_output_numpy,80,5.1468
L03_seed2028,preprocess_validation_and_transform,80,0.0609
L03_seed2028,compiled_model_output_numpy,81,4.6174
L03_seed2028,preprocess_validation_and_transform,81,0.0592
L03_seed2028,compiled_model_output_numpy,82,6.0513
L03_seed2028,preprocess_validation_and_transform,82,0.0633
L03_seed2028,compiled_model_output_numpy,83,5.7746
L03_seed2028,preprocess_validation_and_transform,83,0.0613
L03_seed2028,compiled_model_output_numpy,84,4.3791
L03_seed2028,preprocess_validation_and_transform,84,0.0596
L03_seed2028,compiled_model_output_numpy,85,4.5406
L03_seed2028,preprocess_validation_and_transform,85,0.061
L03_seed2028,compiled_model_output_numpy,86,6.829
L03_seed2028,preprocess_validation_and_transform,86,0.064
L03_seed2028,compiled_model_output_numpy,87,4.4929
L03_seed2028,preprocess_validation_and_transform,87,0.0568
L03_seed2028,compiled_model_output_numpy,88,4.7361
L03_seed2028,preprocess_validation_and_transform,88,0.0569
L03_seed2028,compiled_model_output_numpy,89,4.3314
L03_seed2028,preprocess_validation_and_transform,89,0.0521
L03_seed2028,compiled_model_output_numpy,90,4.7636
L03_seed2028,preprocess_validation_and_transform,90,0.0569
L03_seed2028,compiled_model_output_numpy,91,4.3264
L03_seed2028,preprocess_validation_and_transform,91,0.0583
L03_seed2028,compiled_model_output_numpy,92,4.6389
L03_seed2028,preprocess_validation_and_transform,92,0.0605
L03_seed2028,compiled_model_output_numpy,93,5.5478
L03_seed2028,preprocess_validation_and_transform,93,0.0685
L03_seed2028,compiled_model_output_numpy,94,8.852
L03_seed2028,preprocess_validation_and_transform,94,0.0646
L03_seed2028,compiled_model_output_numpy,95,4.4244
L03_seed2028,preprocess_validation_and_transform,95,0.0587
L03_seed2028,compiled_model_output_numpy,96,4.5919
L03_seed2028,preprocess_validation_and_transform,96,0.0555
L03_seed2028,compiled_model_output_numpy,97,4.3502
L03_seed2028,preprocess_validation_and_transform,97,0.0593
L03_seed2028,compiled_model_output_numpy,98,4.7076
L03_seed2028,preprocess_validation_and_transform,98,0.0572
L03_seed2028,compiled_model_output_numpy,99,4.9494
L03_seed2028,preprocess_validation_and_transform,99,0.0552
L03_seed2028,compiled_model_output_numpy,100,4.443
L03_seed2028,preprocess_validation_and_transform,100,0.0579
L03_seed2028,compiled_model_output_numpy,101,4.312
L03_seed2028,preprocess_validation_and_transform,101,0.054
L03_seed2028,compiled_model_output_numpy,102,4.5332
L03_seed2028,preprocess_validation_and_transform,102,0.0533
L03_seed2028,compiled_model_output_numpy,103,4.3857
L03_seed2028,preprocess_validation_and_transform,103,0.0547
L03_seed2028,compiled_model_output_numpy,104,4.5549
L03_seed2028,preprocess_validation_and_transform,104,0.0492
L03_seed2028,compiled_model_output_numpy,105,4.7469
L03_seed2028,preprocess_validation_and_transform,105,0.0534
L03_seed2028,compiled_model_output_numpy,106,5.5801
L03_seed2028,preprocess_validation_and_transform,106,0.055
L03_seed2028,compiled_model_output_numpy,107,4.2447
L03_seed2028,preprocess_validation_and_transform,107,0.0567
L03_seed2028,compiled_model_output_numpy,108,4.9043
L03_seed2028,preprocess_validation_and_transform,108,0.0542
L03_seed2028,compiled_model_output_numpy,109,4.8804
L03_seed2028,preprocess_validation_and_transform,109,0.1644
L03_seed2028,compiled_model_output_numpy,110,5.4877
L03_seed2028,preprocess_validation_and_transform,110,0.0547
L03_seed2028,compiled_model_output_numpy,111,5.0502
L03_seed2028,preprocess_validation_and_transform,111,0.0548
L03_seed2028,compiled_model_output_numpy,112,4.7244
L03_seed2028,preprocess_validation_and_transform,112,0.0564
L03_seed2028,compiled_model_output_numpy,113,4.7762
L03_seed2028,preprocess_validation_and_transform,113,0.057
L03_seed2028,compiled_model_output_numpy,114,6.0519
L03_seed2028,preprocess_validation_and_transform,114,0.0573
L03_seed2028,compiled_model_output_numpy,115,5.1962
L03_seed2028,preprocess_validation_and_transform,115,0.054
L03_seed2028,compiled_model_output_numpy,116,4.9936
L03_seed2028,preprocess_validation_and_transform,116,0.0572
L03_seed2028,compiled_model_output_numpy,117,4.8266
L03_seed2028,preprocess_validation_and_transform,117,0.0542
L03_seed2028,compiled_model_output_numpy,118,5.3144
L03_seed2028,preprocess_validation_and_transform,118,0.0558
L03_seed2028,compiled_model_output_numpy,119,4.655
L03_seed2028,preprocess_validation_and_transform,119,0.0601
L03_seed2028,compiled_model_output_numpy,120,4.6108
L03_seed2028,preprocess_validation_and_transform,120,0.0586
L03_seed2028,compiled_model_output_numpy,121,4.7124
L03_seed2028,preprocess_validation_and_transform,121,0.0593
L03_seed2028,compiled_model_output_numpy,122,4.6972
L03_seed2028,preprocess_validation_and_transform,122,0.0552
L03_seed2028,compiled_model_output_numpy,123,4.7501
L03_seed2028,preprocess_validation_and_transform,123,0.0574
L03_seed2028,compiled_model_output_numpy,124,4.4557
L03_seed2028,preprocess_validation_and_transform,124,0.0907
L03_seed2028,compiled_model_output_numpy,125,4.8303
L03_seed2028,preprocess_validation_and_transform,125,0.0597
L03_seed2028,compiled_model_output_numpy,126,4.6838
L03_seed2028,preprocess_validation_and_transform,126,0.0602
L03_seed2028,compiled_model_output_numpy,127,4.3318
L03_seed2028,preprocess_validation_and_transform,127,0.0576
L03_seed2028,compiled_model_output_numpy,128,4.3482
L03_seed2028,preprocess_validation_and_transform,128,0.0547
L03_seed2028,compiled_model_output_numpy,129,4.4291
L03_seed2028,preprocess_validation_and_transform,129,0.0587
L03_seed2028,compiled_model_output_numpy,130,4.2793
L03_seed2028,preprocess_validation_and_transform,130,0.0413
L03_seed2028,compiled_model_output_numpy,131,4.227
L03_seed2028,preprocess_validation_and_transform,131,0.0606
L03_seed2028,compiled_model_output_numpy,132,4.6967
L03_seed2028,preprocess_validation_and_transform,132,0.0538
L03_seed2028,compiled_model_output_numpy,133,4.6605
L03_seed2028,preprocess_validation_and_transform,133,0.0546
L03_seed2028,compiled_model_output_numpy,134,4.6833
L03_seed2028,preprocess_validation_and_transform,134,0.0527
L03_seed2028,compiled_model_output_numpy,135,4.5412
L03_seed2028,preprocess_validation_and_transform,135,0.0559
L03_seed2028,compiled_model_output_numpy,136,5.9998
L03_seed2028,preprocess_validation_and_transform,136,0.0639
L03_seed2028,compiled_model_output_numpy,137,4.4231
L03_seed2028,preprocess_validation_and_transform,137,0.054
L03_seed2028,compiled_model_output_numpy,138,4.4849
L03_seed2028,preprocess_validation_and_transform,138,0.056
L03_seed2028,compiled_model_output_numpy,139,6.4252
L03_seed2028,preprocess_validation_and_transform,139,0.0583
L03_seed2028,compiled_model_output_numpy,140,4.8868
L03_seed2028,preprocess_validation_and_transform,140,0.0539
L03_seed2028,compiled_model_output_numpy,141,4.7257
L03_seed2028,preprocess_validation_and_transform,141,0.058
L03_seed2028,compiled_model_output_numpy,142,5.1321
L03_seed2028,preprocess_validation_and_transform,142,0.0591
L03_seed2028,compiled_model_output_numpy,143,4.281
L03_seed2028,preprocess_validation_and_transform,143,0.0572
L03_seed2028,compiled_model_output_numpy,144,4.6015
L03_seed2028,preprocess_validation_and_transform,144,0.0593
L03_seed2028,compiled_model_output_numpy,145,4.632
L03_seed2028,preprocess_validation_and_transform,145,0.0582
L03_seed2028,compiled_model_output_numpy,146,4.3892
L03_seed2028,preprocess_validation_and_transform,146,0.0558
L03_seed2028,compiled_model_output_numpy,147,4.4505
L03_seed2028,preprocess_validation_and_transform,147,0.1125
L03_seed2028,compiled_model_output_numpy,148,4.8222
L03_seed2028,preprocess_validation_and_transform,148,0.0603
L03_seed2028,compiled_model_output_numpy,149,4.4231
L03_seed2028,preprocess_validation_and_transform,149,0.0542
L03_seed2028,compiled_model_output_numpy,150,4.5284
L03_seed2028,preprocess_validation_and_transform,150,0.0566
L03_seed2028,compiled_model_output_numpy,151,5.2808
L03_seed2028,preprocess_validation_and_transform,151,0.0538
L03_seed2028,compiled_model_output_numpy,152,4.8846
L03_seed2028,preprocess_validation_and_transform,152,0.0601
L03_seed2028,compiled_model_output_numpy,153,5.2472
L03_seed2028,preprocess_validation_and_transform,153,0.0551
L03_seed2028,compiled_model_output_numpy,154,4.5872
L03_seed2028,preprocess_validation_and_transform,154,0.0548
L03_seed2028,compiled_model_output_numpy,155,4.2403
L03_seed2028,preprocess_validation_and_transform,155,0.0572
L03_seed2028,compiled_model_output_numpy,156,4.58
L03_seed2028,preprocess_validation_and_transform,156,0.0568
L03_seed2028,compiled_model_output_numpy,157,4.462
L03_seed2028,preprocess_validation_and_transform,157,0.056
L03_seed2028,compiled_model_output_numpy,158,4.6893
L03_seed2028,preprocess_validation_and_transform,158,0.0566
L03_seed2028,compiled_model_output_numpy,159,8.23
L03_seed2028,preprocess_validation_and_transform,159,0.0576
L03_seed2028,compiled_model_output_numpy,160,4.7991
L03_seed2028,preprocess_validation_and_transform,160,0.0571
L03_seed2028,compiled_model_output_numpy,161,4.826
L03_seed2028,preprocess_validation_and_transform,161,0.0547
L03_seed2028,compiled_model_output_numpy,162,6.2347
L03_seed2028,preprocess_validation_and_transform,162,0.0515
L03_seed2028,compiled_model_output_numpy,163,6.0139
L03_seed2028,preprocess_validation_and_transform,163,0.0556
L03_seed2028,compiled_model_output_numpy,164,4.4339
L03_seed2028,preprocess_validation_and_transform,164,0.0572
L03_seed2028,compiled_model_output_numpy,165,4.4365
L03_seed2028,preprocess_validation_and_transform,165,0.058
L03_seed2028,compiled_model_output_numpy,166,6.3661
L03_seed2028,preprocess_validation_and_transform,166,0.0573
L03_seed2028,compiled_model_output_numpy,167,4.8967
L03_seed2028,preprocess_validation_and_transform,167,0.0878
L03_seed2028,compiled_model_output_numpy,168,4.6744
L03_seed2028,preprocess_validation_and_transform,168,0.0644
L03_seed2028,compiled_model_output_numpy,169,4.4227
L03_seed2028,preprocess_validation_and_transform,169,0.0795
L03_seed2028,compiled_model_output_numpy,170,4.7584
L03_seed2028,preprocess_validation_and_transform,170,0.0582
L03_seed2028,compiled_model_output_numpy,171,6.0727
L03_seed2028,preprocess_validation_and_transform,171,0.0569
L03_seed2028,compiled_model_output_numpy,172,4.5986
L03_seed2028,preprocess_validation_and_transform,172,0.0477
L03_seed2028,compiled_model_output_numpy,173,4.4225
L03_seed2028,preprocess_validation_and_transform,173,0.0539
L03_seed2028,compiled_model_output_numpy,174,4.5416
L03_seed2028,preprocess_validation_and_transform,174,0.0557
L03_seed2028,compiled_model_output_numpy,175,4.3325
L03_seed2028,preprocess_validation_and_transform,175,0.0599
L03_seed2028,compiled_model_output_numpy,176,4.6166
L03_seed2028,preprocess_validation_and_transform,176,0.0513
L03_seed2028,compiled_model_output_numpy,177,4.628
L03_seed2028,preprocess_validation_and_transform,177,0.057
L03_seed2028,compiled_model_output_numpy,178,4.5028
L03_seed2028,preprocess_validation_and_transform,178,0.0547
L03_seed2028,compiled_model_output_numpy,179,5.2657
L03_seed2028,preprocess_validation_and_transform,179,0.0546
L03_seed2028,compiled_model_output_numpy,180,4.3046
L03_seed2028,preprocess_validation_and_transform,180,0.0559
L03_seed2028,compiled_model_output_numpy,181,4.7757
L03_seed2028,preprocess_validation_and_transform,181,0.0717
L03_seed2028,compiled_model_output_numpy,182,4.6904
L03_seed2028,preprocess_validation_and_transform,182,0.0504
L03_seed2028,compiled_model_output_numpy,183,6.6374
L03_seed2028,preprocess_validation_and_transform,183,0.0558
L03_seed2028,compiled_model_output_numpy,184,4.5118
L03_seed2028,preprocess_validation_and_transform,184,0.0583
L03_seed2028,compiled_model_output_numpy,185,4.292
L03_seed2028,preprocess_validation_and_transform,185,0.0566
L03_seed2028,compiled_model_output_numpy,186,4.6727
L03_seed2028,preprocess_validation_and_transform,186,0.0557
L03_seed2028,compiled_model_output_numpy,187,5.7849
L03_seed2028,preprocess_validation_and_transform,187,0.1016
L03_seed2028,compiled_model_output_numpy,188,4.5343
L03_seed2028,preprocess_validation_and_transform,188,0.0578
L03_seed2028,compiled_model_output_numpy,189,4.735
L03_seed2028,preprocess_validation_and_transform,189,0.0573
L03_seed2028,compiled_model_output_numpy,190,4.9294
L03_seed2028,preprocess_validation_and_transform,190,0.0552
L03_seed2028,compiled_model_output_numpy,191,4.3342
L03_seed2028,preprocess_validation_and_transform,191,0.0538
L03_seed2028,compiled_model_output_numpy,192,4.3891
L03_seed2028,preprocess_validation_and_transform,192,0.0605
L03_seed2028,compiled_model_output_numpy,193,4.5093
L03_seed2028,preprocess_validation_and_transform,193,0.056
L03_seed2028,compiled_model_output_numpy,194,4.4397
L03_seed2028,preprocess_validation_and_transform,194,0.0579
L03_seed2028,compiled_model_output_numpy,195,4.2936
L03_seed2028,preprocess_validation_and_transform,195,0.0447
L03_seed2028,compiled_model_output_numpy,196,4.4119
L03_seed2028,preprocess_validation_and_transform,196,0.0556
L03_seed2028,compiled_model_output_numpy,197,4.3114
L03_seed2028,preprocess_validation_and_transform,197,0.0825
L03_seed2028,compiled_model_output_numpy,198,4.6807
L03_seed2028,preprocess_validation_and_transform,198,0.0561
L03_seed2028,compiled_model_output_numpy,199,4.3359
L03_seed2028,preprocess_validation_and_transform,199,0.0561
L03_seed2028,compiled_model_output_numpy,200,4.4156
L03_seed2028,preprocess_validation_and_transform,200,0.0759
L03_seed2028,compiled_model_output_numpy,201,4.5699
L03_seed2028,preprocess_validation_and_transform,201,0.0537
L03_seed2028,compiled_model_output_numpy,202,5.2509
L03_seed2028,preprocess_validation_and_transform,202,0.0517
L03_seed2028,compiled_model_output_numpy,203,4.6929
L03_seed2028,preprocess_validation_and_transform,203,0.0567
L03_seed2028,compiled_model_output_numpy,204,4.7143
L03_seed2028,preprocess_validation_and_transform,204,0.0562
L03_seed2028,compiled_model_output_numpy,205,4.3192
L03_seed2028,preprocess_validation_and_transform,205,0.0579
L03_seed2028,compiled_model_output_numpy,206,4.4863
L03_seed2028,preprocess_validation_and_transform,206,0.0534
L03_seed2028,compiled_model_output_numpy,207,4.6162
L03_seed2028,preprocess_validation_and_transform,207,0.0552
L03_seed2028,compiled_model_output_numpy,208,4.3821
L03_seed2028,preprocess_validation_and_transform,208,0.0587
L03_seed2028,compiled_model_output_numpy,209,4.5456
L03_seed2028,preprocess_validation_and_transform,209,0.0551
L03_seed2028,compiled_model_output_numpy,210,4.6219
L03_seed2028,preprocess_validation_and_transform,210,0.0565
L03_seed2028,compiled_model_output_numpy,211,4.959
L03_seed2028,preprocess_validation_and_transform,211,0.0518
L03_seed2028,compiled_model_output_numpy,212,4.5009
L03_seed2028,preprocess_validation_and_transform,212,0.0576
L03_seed2028,compiled_model_output_numpy,213,4.5024
L03_seed2028,preprocess_validation_and_transform,213,0.0549
L03_seed2028,compiled_model_output_numpy,214,4.258
L03_seed2028,preprocess_validation_and_transform,214,0.0579
L03_seed2028,compiled_model_output_numpy,215,4.3259
L03_seed2028,preprocess_validation_and_transform,215,0.057
L03_seed2028,compiled_model_output_numpy,216,4.7124
L03_seed2028,preprocess_validation_and_transform,216,0.0539
L03_seed2028,compiled_model_output_numpy,217,4.5515
L03_seed2028,preprocess_validation_and_transform,217,0.0432
L03_seed2028,compiled_model_output_numpy,218,4.5541
L03_seed2028,preprocess_validation_and_transform,218,0.0547
L03_seed2028,compiled_model_output_numpy,219,4.6326
L03_seed2028,preprocess_validation_and_transform,219,0.0521
L03_seed2028,compiled_model_output_numpy,220,5.8679
L03_seed2028,preprocess_validation_and_transform,220,0.0779
L03_seed2028,compiled_model_output_numpy,221,4.7336
L03_seed2028,preprocess_validation_and_transform,221,0.0575
L03_seed2028,compiled_model_output_numpy,222,6.2001
L03_seed2028,preprocess_validation_and_transform,222,0.0775
L03_seed2028,compiled_model_output_numpy,223,4.794
L03_seed2028,preprocess_validation_and_transform,223,0.054
L03_seed2028,compiled_model_output_numpy,224,4.6241
L03_seed2028,preprocess_validation_and_transform,224,0.0619
L03_seed2028,compiled_model_output_numpy,225,6.2434
L03_seed2028,preprocess_validation_and_transform,225,0.0587
L03_seed2028,compiled_model_output_numpy,226,4.9039
L03_seed2028,preprocess_validation_and_transform,226,0.069
L03_seed2028,compiled_model_output_numpy,227,4.4516
L03_seed2028,preprocess_validation_and_transform,227,0.0539
L03_seed2028,compiled_model_output_numpy,228,4.5813
L03_seed2028,preprocess_validation_and_transform,228,0.0555
L03_seed2028,compiled_model_output_numpy,229,6.2209
L03_seed2028,preprocess_validation_and_transform,229,0.0544
L03_seed2028,compiled_model_output_numpy,230,4.3856
L03_seed2028,preprocess_validation_and_transform,230,0.0504
L03_seed2028,compiled_model_output_numpy,231,4.3338
L03_seed2028,preprocess_validation_and_transform,231,0.0521
L03_seed2028,compiled_model_output_numpy,232,4.2951
L03_seed2028,preprocess_validation_and_transform,232,0.054
L03_seed2028,compiled_model_output_numpy,233,6.8507
L03_seed2028,preprocess_validation_and_transform,233,0.0556
L03_seed2028,compiled_model_output_numpy,234,4.7478
L03_seed2028,preprocess_validation_and_transform,234,0.0749
L03_seed2028,compiled_model_output_numpy,235,8.0067
L03_seed2028,preprocess_validation_and_transform,235,0.1285
L03_seed2028,compiled_model_output_numpy,236,4.7852
L03_seed2028,preprocess_validation_and_transform,236,0.0577
L03_seed2028,compiled_model_output_numpy,237,5.1046
L03_seed2028,preprocess_validation_and_transform,237,0.0774
L03_seed2028,compiled_model_output_numpy,238,4.3972
L03_seed2028,preprocess_validation_and_transform,238,0.0543
L03_seed2028,compiled_model_output_numpy,239,4.6516
L03_seed2028,preprocess_validation_and_transform,239,0.0529
L03_seed2028,compiled_model_output_numpy,240,4.5405
L03_seed2028,preprocess_validation_and_transform,240,0.2554
L03_seed2028,compiled_model_output_numpy,241,5.9661
L03_seed2028,preprocess_validation_and_transform,241,0.1174
L03_seed2028,compiled_model_output_numpy,242,4.5922
L03_seed2028,preprocess_validation_and_transform,242,0.0586
L03_seed2028,compiled_model_output_numpy,243,4.4961
L03_seed2028,preprocess_validation_and_transform,243,0.0543
L03_seed2028,compiled_model_output_numpy,244,6.5738
L03_seed2028,preprocess_validation_and_transform,244,0.0627
L03_seed2028,compiled_model_output_numpy,245,4.7054
L03_seed2028,preprocess_validation_and_transform,245,0.058
L03_seed2028,compiled_model_output_numpy,246,4.4581
L03_seed2028,preprocess_validation_and_transform,246,0.0579
L03_seed2028,compiled_model_output_numpy,247,5.9226
L03_seed2028,preprocess_validation_and_transform,247,0.06
L03_seed2028,compiled_model_output_numpy,248,4.4275
L03_seed2028,preprocess_validation_and_transform,248,0.0579
L03_seed2028,compiled_model_output_numpy,249,4.5571
L03_seed2028,preprocess_validation_and_transform,249,0.0528
L03_seed2028,compiled_model_output_numpy,250,4.446
L03_seed2028,preprocess_validation_and_transform,250,0.0554
L03_seed2028,compiled_model_output_numpy,251,8.013
L03_seed2028,preprocess_validation_and_transform,251,0.0613
L03_seed2028,compiled_model_output_numpy,252,4.3179
L03_seed2028,preprocess_validation_and_transform,252,0.0583
L03_seed2028,compiled_model_output_numpy,253,4.6802
L03_seed2028,preprocess_validation_and_transform,253,0.0532
L03_seed2028,compiled_model_output_numpy,254,4.542
L03_seed2028,preprocess_validation_and_transform,254,0.06
L03_seed2028,compiled_model_output_numpy,255,4.4954
L03_seed2028,preprocess_validation_and_transform,255,0.0539
L03_seed2028,compiled_model_output_numpy,256,4.5874
L03_seed2028,preprocess_validation_and_transform,256,0.0523
L03_seed2028,compiled_model_output_numpy,257,4.5496
L03_seed2028,preprocess_validation_and_transform,257,0.0525
L03_seed2028,compiled_model_output_numpy,258,4.1855
L03_seed2028,preprocess_validation_and_transform,258,0.0415
L03_seed2028,compiled_model_output_numpy,259,6.3038
L03_seed2028,preprocess_validation_and_transform,259,0.0618
L03_seed2028,compiled_model_output_numpy,260,6.1856
L03_seed2028,preprocess_validation_and_transform,260,0.0602
L03_seed2028,compiled_model_output_numpy,261,4.2821
L03_seed2028,preprocess_validation_and_transform,261,0.0583
L03_seed2028,compiled_model_output_numpy,262,4.6187
L03_seed2028,preprocess_validation_and_transform,262,0.0555
L03_seed2028,compiled_model_output_numpy,263,4.5377
L03_seed2028,preprocess_validation_and_transform,263,0.0543
L03_seed2028,compiled_model_output_numpy,264,4.6246
L03_seed2028,preprocess_validation_and_transform,264,0.0596
L03_seed2028,compiled_model_output_numpy,265,4.646
L03_seed2028,preprocess_validation_and_transform,265,0.0623
L03_seed2028,compiled_model_output_numpy,266,4.3014
L03_seed2028,preprocess_validation_and_transform,266,0.0526
L03_seed2028,compiled_model_output_numpy,267,6.2577
L03_seed2028,preprocess_validation_and_transform,267,0.0919
L03_seed2028,compiled_model_output_numpy,268,5.3638
L03_seed2028,preprocess_validation_and_transform,268,0.0623
L03_seed2028,compiled_model_output_numpy,269,4.4011
L03_seed2028,preprocess_validation_and_transform,269,0.0569
L03_seed2028,compiled_model_output_numpy,270,4.6622
L03_seed2028,preprocess_validation_and_transform,270,0.0601
L03_seed2028,compiled_model_output_numpy,271,4.6051
L03_seed2028,preprocess_validation_and_transform,271,0.0554
L03_seed2028,compiled_model_output_numpy,272,7.7117
L03_seed2028,preprocess_validation_and_transform,272,0.0592
L03_seed2028,compiled_model_output_numpy,273,5.284
L03_seed2028,preprocess_validation_and_transform,273,0.0591
L03_seed2028,compiled_model_output_numpy,274,4.3525
L03_seed2028,preprocess_validation_and_transform,274,0.053
L03_seed2028,compiled_model_output_numpy,275,5.9854
L03_seed2028,preprocess_validation_and_transform,275,0.056
L03_seed2028,compiled_model_output_numpy,276,4.3298
L03_seed2028,preprocess_validation_and_transform,276,0.0776
L03_seed2028,compiled_model_output_numpy,277,4.3056
L03_seed2028,preprocess_validation_and_transform,277,0.038
L03_seed2028,compiled_model_output_numpy,278,7.744
L03_seed2028,preprocess_validation_and_transform,278,0.0568
L03_seed2028,compiled_model_output_numpy,279,5.4188
L03_seed2028,preprocess_validation_and_transform,279,0.0563
L03_seed2028,compiled_model_output_numpy,280,4.7205
L03_seed2028,preprocess_validation_and_transform,280,0.0516
L03_seed2028,compiled_model_output_numpy,281,5.9764
L03_seed2028,preprocess_validation_and_transform,281,0.3035
L03_seed2028,compiled_model_output_numpy,282,5.0102
L03_seed2028,preprocess_validation_and_transform,282,0.053
L03_seed2028,compiled_model_output_numpy,283,4.6669
L03_seed2028,preprocess_validation_and_transform,283,0.0552
L03_seed2028,compiled_model_output_numpy,284,6.6426
L03_seed2028,preprocess_validation_and_transform,284,0.0557
L03_seed2028,compiled_model_output_numpy,285,5.2286
L03_seed2028,preprocess_validation_and_transform,285,0.0564
L03_seed2028,compiled_model_output_numpy,286,5.1827
L03_seed2028,preprocess_validation_and_transform,286,0.064
L03_seed2028,compiled_model_output_numpy,287,4.8695
L03_seed2028,preprocess_validation_and_transform,287,0.0574
L03_seed2028,compiled_model_output_numpy,288,4.3664
L03_seed2028,preprocess_validation_and_transform,288,0.0553
L03_seed2028,compiled_model_output_numpy,289,5.2177
L03_seed2028,preprocess_validation_and_transform,289,0.0572
L03_seed2028,compiled_model_output_numpy,290,4.5956
L03_seed2028,preprocess_validation_and_transform,290,0.0525
L03_seed2028,compiled_model_output_numpy,291,7.3959
L03_seed2028,preprocess_validation_and_transform,291,0.0572
L03_seed2028,compiled_model_output_numpy,292,6.7974
L03_seed2028,preprocess_validation_and_transform,292,0.0594
L03_seed2028,compiled_model_output_numpy,293,4.3804
L03_seed2028,preprocess_validation_and_transform,293,0.0598
L03_seed2028,compiled_model_output_numpy,294,4.2826
L03_seed2028,preprocess_validation_and_transform,294,0.0564
L03_seed2028,compiled_model_output_numpy,295,4.2292
L03_seed2028,preprocess_validation_and_transform,295,0.0598
L03_seed2028,compiled_model_output_numpy,296,4.2997
L03_seed2028,preprocess_validation_and_transform,296,0.0532
L03_seed2028,compiled_model_output_numpy,297,4.9171
L03_seed2028,preprocess_validation_and_transform,297,0.0576
L03_seed2028,compiled_model_output_numpy,298,4.6522
L03_seed2028,preprocess_validation_and_transform,298,0.0569
L03_seed2028,compiled_model_output_numpy,299,5.7681
L03_seed2028,preprocess_validation_and_transform,299,0.0592
L03_seed2028,compiled_model_output_numpy,300,4.5299
L03_seed2028,preprocess_validation_and_transform,300,0.0618
L03_seed2028,compiled_model_output_numpy,301,4.4972
L03_seed2028,preprocess_validation_and_transform,301,0.0426
L03_seed2028,compiled_model_output_numpy,302,8.1373
L03_seed2028,preprocess_validation_and_transform,302,0.0577
L03_seed2028,compiled_model_output_numpy,303,4.3883
L03_seed2028,preprocess_validation_and_transform,303,0.0591
L03_seed2028,compiled_model_output_numpy,304,4.4662
L03_seed2028,preprocess_validation_and_transform,304,0.0557
L03_seed2028,compiled_model_output_numpy,305,5.6412
L03_seed2028,preprocess_validation_and_transform,305,0.0534
L03_seed2028,compiled_model_output_numpy,306,4.9393
L03_seed2028,preprocess_validation_and_transform,306,0.0567
L03_seed2028,compiled_model_output_numpy,307,4.3399
L03_seed2028,preprocess_validation_and_transform,307,0.0562
L03_seed2028,compiled_model_output_numpy,308,5.4458
L03_seed2028,preprocess_validation_and_transform,308,0.0577
L03_seed2028,compiled_model_output_numpy,309,4.5942
L03_seed2028,preprocess_validation_and_transform,309,0.0539
L03_seed2028,compiled_model_output_numpy,310,4.4999
L03_seed2028,preprocess_validation_and_transform,310,0.0581
L03_seed2028,compiled_model_output_numpy,311,4.5018
L03_seed2028,preprocess_validation_and_transform,311,0.3649
L03_seed2028,compiled_model_output_numpy,312,4.7552
L03_seed2028,preprocess_validation_and_transform,312,0.0547
L03_seed2028,compiled_model_output_numpy,313,4.4571
L03_seed2028,preprocess_validation_and_transform,313,0.057
L03_seed2028,compiled_model_output_numpy,314,4.348
L03_seed2028,preprocess_validation_and_transform,314,0.0532
L03_seed2028,compiled_model_output_numpy,315,4.6085
L03_seed2028,preprocess_validation_and_transform,315,0.0574
L03_seed2028,compiled_model_output_numpy,316,6.0454
L03_seed2028,preprocess_validation_and_transform,316,0.0567
L03_seed2028,compiled_model_output_numpy,317,4.8413
L03_seed2028,preprocess_validation_and_transform,317,0.0574
L03_seed2028,compiled_model_output_numpy,318,4.7665
L03_seed2028,preprocess_validation_and_transform,318,0.054
L03_seed2028,compiled_model_output_numpy,319,4.5253
L03_seed2028,preprocess_validation_and_transform,319,0.0755
L03_seed2028,compiled_model_output_numpy,320,4.8252
L03_seed2028,preprocess_validation_and_transform,320,0.0551
L03_seed2028,compiled_model_output_numpy,321,4.4673
L03_seed2028,preprocess_validation_and_transform,321,0.0558
L03_seed2028,compiled_model_output_numpy,322,4.5667
L03_seed2028,preprocess_validation_and_transform,322,0.0512
L03_seed2028,compiled_model_output_numpy,323,4.4732
L03_seed2028,preprocess_validation_and_transform,323,0.1079
L03_seed2028,compiled_model_output_numpy,324,4.3339
L03_seed2028,preprocess_validation_and_transform,324,0.0535
L03_seed2028,compiled_model_output_numpy,325,4.7468
L03_seed2028,preprocess_validation_and_transform,325,0.0583
L03_seed2028,compiled_model_output_numpy,326,4.9788
L03_seed2028,preprocess_validation_and_transform,326,0.0547
L03_seed2028,compiled_model_output_numpy,327,4.4806
L03_seed2028,preprocess_validation_and_transform,327,0.0542
L03_seed2028,compiled_model_output_numpy,328,4.4142
L03_seed2028,preprocess_validation_and_transform,328,0.0555
L03_seed2028,compiled_model_output_numpy,329,5.6335
L03_seed2028,preprocess_validation_and_transform,329,0.0531
L03_seed2028,compiled_model_output_numpy,330,4.2524
L03_seed2028,preprocess_validation_and_transform,330,0.053
L03_seed2028,compiled_model_output_numpy,331,4.5313
L03_seed2028,preprocess_validation_and_transform,331,0.0597
L03_seed2028,compiled_model_output_numpy,332,4.3626
L03_seed2028,preprocess_validation_and_transform,332,0.0578
L03_seed2028,compiled_model_output_numpy,333,4.6755
L03_seed2028,preprocess_validation_and_transform,333,0.057
L03_seed2028,compiled_model_output_numpy,334,4.7098
L03_seed2028,preprocess_validation_and_transform,334,0.2101
L03_seed2028,compiled_model_output_numpy,335,6.9829
L03_seed2028,preprocess_validation_and_transform,335,0.0561
L03_seed2028,compiled_model_output_numpy,336,7.1423
L03_seed2028,preprocess_validation_and_transform,336,0.0875
L03_seed2028,compiled_model_output_numpy,337,8.6272
L03_seed2028,preprocess_validation_and_transform,337,0.109
L03_seed2028,compiled_model_output_numpy,338,8.5805
L03_seed2028,preprocess_validation_and_transform,338,0.0997
L03_seed2028,compiled_model_output_numpy,339,8.4551
L03_seed2028,preprocess_validation_and_transform,339,0.0988
L03_seed2028,compiled_model_output_numpy,340,8.5227
L03_seed2028,preprocess_validation_and_transform,340,0.0664
L03_seed2028,compiled_model_output_numpy,341,6.6375
L03_seed2028,preprocess_validation_and_transform,341,0.0952
L03_seed2028,compiled_model_output_numpy,342,8.6029
L03_seed2028,preprocess_validation_and_transform,342,0.0957
L03_seed2028,compiled_model_output_numpy,343,8.4639
L03_seed2028,preprocess_validation_and_transform,343,0.1201
L03_seed2028,compiled_model_output_numpy,344,5.2212
L03_seed2028,preprocess_validation_and_transform,344,0.0764
L03_seed2028,compiled_model_output_numpy,345,4.4473
L03_seed2028,preprocess_validation_and_transform,345,0.0557
L03_seed2028,compiled_model_output_numpy,346,5.5869
L03_seed2028,preprocess_validation_and_transform,346,0.0952
L03_seed2028,compiled_model_output_numpy,347,4.6134
L03_seed2028,preprocess_validation_and_transform,347,0.0587
L03_seed2028,compiled_model_output_numpy,348,8.3593
L03_seed2028,preprocess_validation_and_transform,348,0.0958
L03_seed2028,compiled_model_output_numpy,349,4.9047
L03_seed2028,preprocess_validation_and_transform,349,0.059
L03_seed2028,compiled_model_output_numpy,350,4.3819
L03_seed2028,preprocess_validation_and_transform,350,0.0576
L03_seed2028,compiled_model_output_numpy,351,4.5583
L03_seed2028,preprocess_validation_and_transform,351,0.0549
L03_seed2028,compiled_model_output_numpy,352,4.5549
L03_seed2028,preprocess_validation_and_transform,352,0.0592
L03_seed2028,compiled_model_output_numpy,353,4.5731
L03_seed2028,preprocess_validation_and_transform,353,0.0518
L03_seed2028,compiled_model_output_numpy,354,4.573
L03_seed2028,preprocess_validation_and_transform,354,0.0546
L03_seed2028,compiled_model_output_numpy,355,4.5201
L03_seed2028,preprocess_validation_and_transform,355,0.0564
L03_seed2028,compiled_model_output_numpy,356,4.8799
L03_seed2028,preprocess_validation_and_transform,356,0.0528
L03_seed2028,compiled_model_output_numpy,357,4.5792
L03_seed2028,preprocess_validation_and_transform,357,0.058
L03_seed2028,compiled_model_output_numpy,358,4.2059
L03_seed2028,preprocess_validation_and_transform,358,0.0508
L03_seed2028,compiled_model_output_numpy,359,4.3472
L03_seed2028,preprocess_validation_and_transform,359,0.0495
L03_seed2028,compiled_model_output_numpy,360,4.5042
L03_seed2028,preprocess_validation_and_transform,360,0.0536
L03_seed2028,compiled_model_output_numpy,361,4.5202
L03_seed2028,preprocess_validation_and_transform,361,0.0587
L03_seed2028,compiled_model_output_numpy,362,4.4937
L03_seed2028,preprocess_validation_and_transform,362,0.0597
L03_seed2028,compiled_model_output_numpy,363,4.2952
L03_seed2028,preprocess_validation_and_transform,363,0.0444
L03_seed2028,compiled_model_output_numpy,364,4.6611
L03_seed2028,preprocess_validation_and_transform,364,0.0555
L03_seed2028,compiled_model_output_numpy,365,6.1585
L03_seed2028,preprocess_validation_and_transform,365,0.0593
L03_seed2028,compiled_model_output_numpy,366,4.4815
L03_seed2028,preprocess_validation_and_transform,366,0.054
L03_seed2028,compiled_model_output_numpy,367,8.0532
L03_seed2028,preprocess_validation_and_transform,367,0.055
L03_seed2028,compiled_model_output_numpy,368,4.8461
L03_seed2028,preprocess_validation_and_transform,368,0.0621
L03_seed2028,compiled_model_output_numpy,369,4.5014
L03_seed2028,preprocess_validation_and_transform,369,0.057
L03_seed2028,compiled_model_output_numpy,370,4.4622
L03_seed2028,preprocess_validation_and_transform,370,0.0697
L03_seed2028,compiled_model_output_numpy,371,4.5699
L03_seed2028,preprocess_validation_and_transform,371,0.0488
L03_seed2028,compiled_model_output_numpy,372,4.382
L03_seed2028,preprocess_validation_and_transform,372,0.0474
L03_seed2028,compiled_model_output_numpy,373,4.3155
L03_seed2028,preprocess_validation_and_transform,373,0.0443
L03_seed2028,compiled_model_output_numpy,374,8.0725
L03_seed2028,preprocess_validation_and_transform,374,0.0706
L03_seed2028,compiled_model_output_numpy,375,4.5665
L03_seed2028,preprocess_validation_and_transform,375,0.0622
L03_seed2028,compiled_model_output_numpy,376,4.3649
L03_seed2028,preprocess_validation_and_transform,376,0.0413
L03_seed2028,compiled_model_output_numpy,377,4.2015
L03_seed2028,preprocess_validation_and_transform,377,0.0542
L03_seed2028,compiled_model_output_numpy,378,5.6165
L03_seed2028,preprocess_validation_and_transform,378,0.0593
L03_seed2028,compiled_model_output_numpy,379,4.3433
L03_seed2028,preprocess_validation_and_transform,379,0.0582
L03_seed2028,compiled_model_output_numpy,380,4.5458
L03_seed2028,preprocess_validation_and_transform,380,0.0543
L03_seed2028,compiled_model_output_numpy,381,4.4485
L03_seed2028,preprocess_validation_and_transform,381,0.0595
L03_seed2028,compiled_model_output_numpy,382,4.7126
L03_seed2028,preprocess_validation_and_transform,382,0.0517
L03_seed2028,compiled_model_output_numpy,383,4.8183
L03_seed2028,preprocess_validation_and_transform,383,0.0585
L03_seed2028,compiled_model_output_numpy,384,8.3481
L03_seed2028,preprocess_validation_and_transform,384,0.0675
L03_seed2028,compiled_model_output_numpy,385,6.184
L03_seed2028,preprocess_validation_and_transform,385,0.0682
L03_seed2028,compiled_model_output_numpy,386,4.5401
L03_seed2028,preprocess_validation_and_transform,386,0.0609
L03_seed2028,compiled_model_output_numpy,387,4.3351
L03_seed2028,preprocess_validation_and_transform,387,0.06
L03_seed2028,compiled_model_output_numpy,388,4.4948
L03_seed2028,preprocess_validation_and_transform,388,0.0528
L03_seed2028,compiled_model_output_numpy,389,6.8038
L03_seed2028,preprocess_validation_and_transform,389,0.0597
L03_seed2028,compiled_model_output_numpy,390,8.2032
L03_seed2028,preprocess_validation_and_transform,390,0.0605
L03_seed2028,compiled_model_output_numpy,391,7.5234
L03_seed2028,preprocess_validation_and_transform,391,0.063
L03_seed2028,compiled_model_output_numpy,392,7.3761
L03_seed2028,preprocess_validation_and_transform,392,0.061
L03_seed2028,compiled_model_output_numpy,393,4.9873
L03_seed2028,preprocess_validation_and_transform,393,0.0607
L03_seed2028,compiled_model_output_numpy,394,4.2751
L03_seed2028,preprocess_validation_and_transform,394,0.0583
L03_seed2028,compiled_model_output_numpy,395,4.3899
L03_seed2028,preprocess_validation_and_transform,395,0.0904
L03_seed2028,compiled_model_output_numpy,396,6.4876
L03_seed2028,preprocess_validation_and_transform,396,0.0563
L03_seed2028,compiled_model_output_numpy,397,8.4654
L03_seed2028,preprocess_validation_and_transform,397,0.0945
L03_seed2028,compiled_model_output_numpy,398,7.9911
L03_seed2028,preprocess_validation_and_transform,398,0.0627
L03_seed2028,compiled_model_output_numpy,399,6.5472
L03_seed2028,preprocess_validation_and_transform,399,0.0588
L03_seed2028,compiled_model_output_numpy,400,6.8286
L03_seed2028,preprocess_validation_and_transform,400,0.0928
L03_seed2028,compiled_model_output_numpy,401,8.2345
L03_seed2028,preprocess_validation_and_transform,401,0.0775
L03_seed2028,compiled_model_output_numpy,402,4.81
L03_seed2028,preprocess_validation_and_transform,402,0.0615
L03_seed2028,compiled_model_output_numpy,403,4.4372
L03_seed2028,preprocess_validation_and_transform,403,0.0603
L03_seed2028,compiled_model_output_numpy,404,7.5056
L03_seed2028,preprocess_validation_and_transform,404,0.0622
L03_seed2028,compiled_model_output_numpy,405,8.5036
L03_seed2028,preprocess_validation_and_transform,405,0.06
L03_seed2028,compiled_model_output_numpy,406,7.9915
L03_seed2028,preprocess_validation_and_transform,406,0.0921
L03_seed2028,compiled_model_output_numpy,407,5.2576
L03_seed2028,preprocess_validation_and_transform,407,0.1
L03_seed2028,compiled_model_output_numpy,408,5.8862
L03_seed2028,preprocess_validation_and_transform,408,0.1029
L03_seed2028,compiled_model_output_numpy,409,6.701
L03_seed2028,preprocess_validation_and_transform,409,0.0689
L03_seed2028,compiled_model_output_numpy,410,5.3213
L03_seed2028,preprocess_validation_and_transform,410,0.0578
L03_seed2028,compiled_model_output_numpy,411,4.5418
L03_seed2028,preprocess_validation_and_transform,411,0.0592
L03_seed2028,compiled_model_output_numpy,412,5.4351
L03_seed2028,preprocess_validation_and_transform,412,0.0643
L03_seed2028,compiled_model_output_numpy,413,4.4672
L03_seed2028,preprocess_validation_and_transform,413,0.0588
L03_seed2028,compiled_model_output_numpy,414,4.7
L03_seed2028,preprocess_validation_and_transform,414,0.1522
L03_seed2028,compiled_model_output_numpy,415,4.7666
L03_seed2028,preprocess_validation_and_transform,415,0.0559
L03_seed2028,compiled_model_output_numpy,416,4.9772
L03_seed2028,preprocess_validation_and_transform,416,0.0545
L03_seed2028,compiled_model_output_numpy,417,4.6005
L03_seed2028,preprocess_validation_and_transform,417,0.0543
L03_seed2028,compiled_model_output_numpy,418,8.4742
L03_seed2028,preprocess_validation_and_transform,418,0.0603
L03_seed2028,compiled_model_output_numpy,419,4.7432
L03_seed2028,preprocess_validation_and_transform,419,0.0558
L03_seed2028,compiled_model_output_numpy,420,8.3838
L03_seed2028,preprocess_validation_and_transform,420,0.0631
L03_seed2028,compiled_model_output_numpy,421,4.526
L03_seed2028,preprocess_validation_and_transform,421,0.0549
L03_seed2028,compiled_model_output_numpy,422,4.5258
L03_seed2028,preprocess_validation_and_transform,422,0.0559
L03_seed2028,compiled_model_output_numpy,423,4.3443
L03_seed2028,preprocess_validation_and_transform,423,0.0538
L03_seed2028,compiled_model_output_numpy,424,4.6548
L03_seed2028,preprocess_validation_and_transform,424,0.0568
L03_seed2028,compiled_model_output_numpy,425,4.5989
L03_seed2028,preprocess_validation_and_transform,425,0.0525
L03_seed2028,compiled_model_output_numpy,426,4.4101
L03_seed2028,preprocess_validation_and_transform,426,0.0493
L03_seed2028,compiled_model_output_numpy,427,4.2947
L03_seed2028,preprocess_validation_and_transform,427,0.0539
L03_seed2028,compiled_model_output_numpy,428,5.7269
L03_seed2028,preprocess_validation_and_transform,428,0.0546
L03_seed2028,compiled_model_output_numpy,429,4.7193
L03_seed2028,preprocess_validation_and_transform,429,0.0869
L03_seed2028,compiled_model_output_numpy,430,5.7862
L03_seed2028,preprocess_validation_and_transform,430,0.0646
L03_seed2028,compiled_model_output_numpy,431,4.7414
L03_seed2028,preprocess_validation_and_transform,431,0.0626
L03_seed2028,compiled_model_output_numpy,432,4.4761
L03_seed2028,preprocess_validation_and_transform,432,0.0588
L03_seed2028,compiled_model_output_numpy,433,4.3169
L03_seed2028,preprocess_validation_and_transform,433,0.0548
L03_seed2028,compiled_model_output_numpy,434,4.4332
L03_seed2028,preprocess_validation_and_transform,434,0.0587
L03_seed2028,compiled_model_output_numpy,435,6.419
L03_seed2028,preprocess_validation_and_transform,435,0.094
L03_seed2028,compiled_model_output_numpy,436,5.7909
L03_seed2028,preprocess_validation_and_transform,436,0.0945
L03_seed2028,compiled_model_output_numpy,437,5.8364
L03_seed2028,preprocess_validation_and_transform,437,0.0958
L03_seed2028,compiled_model_output_numpy,438,7.2409
L03_seed2028,preprocess_validation_and_transform,438,0.0703
L03_seed2028,compiled_model_output_numpy,439,6.8794
L03_seed2028,preprocess_validation_and_transform,439,0.0928
L03_seed2028,compiled_model_output_numpy,440,6.0538
L03_seed2028,preprocess_validation_and_transform,440,0.0975
L03_seed2028,compiled_model_output_numpy,441,5.517
L03_seed2028,preprocess_validation_and_transform,441,0.0972
L03_seed2028,compiled_model_output_numpy,442,4.7428
L03_seed2028,preprocess_validation_and_transform,442,0.0669
L03_seed2028,compiled_model_output_numpy,443,4.3492
L03_seed2028,preprocess_validation_and_transform,443,0.0635
L03_seed2028,compiled_model_output_numpy,444,4.4447
L03_seed2028,preprocess_validation_and_transform,444,0.0511
L03_seed2028,compiled_model_output_numpy,445,4.2866
L03_seed2028,preprocess_validation_and_transform,445,0.0481
L03_seed2028,compiled_model_output_numpy,446,4.7118
L03_seed2028,preprocess_validation_and_transform,446,0.0582
L03_seed2028,compiled_model_output_numpy,447,4.3532
L03_seed2028,preprocess_validation_and_transform,447,0.0531
L03_seed2028,compiled_model_output_numpy,448,4.1863
L03_seed2028,preprocess_validation_and_transform,448,0.0522
L03_seed2028,compiled_model_output_numpy,449,4.2725
L03_seed2028,preprocess_validation_and_transform,449,0.0572
L03_seed2028,compiled_model_output_numpy,450,4.9201
L03_seed2028,preprocess_validation_and_transform,450,0.0577
L03_seed2028,compiled_model_output_numpy,451,4.7418
L03_seed2028,preprocess_validation_and_transform,451,0.0576
L03_seed2028,compiled_model_output_numpy,452,4.4579
L03_seed2028,preprocess_validation_and_transform,452,0.0487
L03_seed2028,compiled_model_output_numpy,453,4.3453
L03_seed2028,preprocess_validation_and_transform,453,0.0878
L03_seed2028,compiled_model_output_numpy,454,4.7169
L03_seed2028,preprocess_validation_and_transform,454,0.0612
L03_seed2028,compiled_model_output_numpy,455,4.6159
L03_seed2028,preprocess_validation_and_transform,455,0.0571
L03_seed2028,compiled_model_output_numpy,456,4.3569
L03_seed2028,preprocess_validation_and_transform,456,0.0456
L03_seed2028,compiled_model_output_numpy,457,5.8045
L03_seed2028,preprocess_validation_and_transform,457,0.0619
L03_seed2028,compiled_model_output_numpy,458,4.3874
L03_seed2028,preprocess_validation_and_transform,458,0.0584
L03_seed2028,compiled_model_output_numpy,459,4.3008
L03_seed2028,preprocess_validation_and_transform,459,0.0612
L03_seed2028,compiled_model_output_numpy,460,4.3891
L03_seed2028,preprocess_validation_and_transform,460,0.0553
L03_seed2028,compiled_model_output_numpy,461,4.2638
L03_seed2028,preprocess_validation_and_transform,461,0.0481
L03_seed2028,compiled_model_output_numpy,462,4.2425
L03_seed2028,preprocess_validation_and_transform,462,0.0466
L03_seed2028,compiled_model_output_numpy,463,4.3417
L03_seed2028,preprocess_validation_and_transform,463,0.0594
L03_seed2028,compiled_model_output_numpy,464,4.2869
L03_seed2028,preprocess_validation_and_transform,464,0.0556
L03_seed2028,compiled_model_output_numpy,465,4.2589
L03_seed2028,preprocess_validation_and_transform,465,0.0392
L03_seed2028,compiled_model_output_numpy,466,4.4469
L03_seed2028,preprocess_validation_and_transform,466,0.1104
L03_seed2028,compiled_model_output_numpy,467,4.3346
L03_seed2028,preprocess_validation_and_transform,467,0.0474
L03_seed2028,compiled_model_output_numpy,468,4.4176
L03_seed2028,preprocess_validation_and_transform,468,0.057
L03_seed2028,compiled_model_output_numpy,469,6.5863
L03_seed2028,preprocess_validation_and_transform,469,0.0585
L03_seed2028,compiled_model_output_numpy,470,6.7625
L03_seed2028,preprocess_validation_and_transform,470,0.059
L03_seed2028,compiled_model_output_numpy,471,4.5106
L03_seed2028,preprocess_validation_and_transform,471,0.0557
L03_seed2028,compiled_model_output_numpy,472,4.3094
L03_seed2028,preprocess_validation_and_transform,472,0.0395
L03_seed2028,compiled_model_output_numpy,473,4.1495
L03_seed2028,preprocess_validation_and_transform,473,0.0486
L03_seed2028,compiled_model_output_numpy,474,4.2426
L03_seed2028,preprocess_validation_and_transform,474,0.057
L03_seed2028,compiled_model_output_numpy,475,5.119
L03_seed2028,preprocess_validation_and_transform,475,0.0557
L03_seed2028,compiled_model_output_numpy,476,5.8802
L03_seed2028,preprocess_validation_and_transform,476,0.0568
L03_seed2028,compiled_model_output_numpy,477,4.4663
L03_seed2028,preprocess_validation_and_transform,477,0.0479
L03_seed2028,compiled_model_output_numpy,478,4.5657
L03_seed2028,preprocess_validation_and_transform,478,0.0559
L03_seed2028,compiled_model_output_numpy,479,4.341
L03_seed2028,preprocess_validation_and_transform,479,0.0575
L03_seed2028,compiled_model_output_numpy,480,6.5996
L03_seed2028,preprocess_validation_and_transform,480,0.067
L03_seed2028,compiled_model_output_numpy,481,4.6099
L03_seed2028,preprocess_validation_and_transform,481,0.0589
L03_seed2028,compiled_model_output_numpy,482,4.3013
L03_seed2028,preprocess_validation_and_transform,482,0.0949
L03_seed2028,compiled_model_output_numpy,483,4.4218
L03_seed2028,preprocess_validation_and_transform,483,0.0612
L03_seed2028,compiled_model_output_numpy,484,4.544
L03_seed2028,preprocess_validation_and_transform,484,0.0668
L03_seed2028,compiled_model_output_numpy,485,4.6393
L03_seed2028,preprocess_validation_and_transform,485,0.0579
L03_seed2028,compiled_model_output_numpy,486,4.5799
L03_seed2028,preprocess_validation_and_transform,486,0.0564
L03_seed2028,compiled_model_output_numpy,487,4.4903
L03_seed2028,preprocess_validation_and_transform,487,0.0566
L03_seed2028,compiled_model_output_numpy,488,4.4001
L03_seed2028,preprocess_validation_and_transform,488,0.0582
L03_seed2028,compiled_model_output_numpy,489,4.3091
L03_seed2028,preprocess_validation_and_transform,489,0.0566
L03_seed2028,compiled_model_output_numpy,490,4.4407
L03_seed2028,preprocess_validation_and_transform,490,0.0575
L03_seed2028,compiled_model_output_numpy,491,4.5293
L03_seed2028,preprocess_validation_and_transform,491,0.0553
L03_seed2028,compiled_model_output_numpy,492,4.266
L03_seed2028,preprocess_validation_and_transform,492,0.0536
L03_seed2028,compiled_model_output_numpy,493,4.3525
L03_seed2028,preprocess_validation_and_transform,493,0.0553
L03_seed2028,compiled_model_output_numpy,494,4.3354
L03_seed2028,preprocess_validation_and_transform,494,0.0546
L03_seed2028,compiled_model_output_numpy,495,6.4862
L03_seed2028,preprocess_validation_and_transform,495,0.0603
L03_seed2028,compiled_model_output_numpy,496,4.4456
L03_seed2028,preprocess_validation_and_transform,496,0.06
L03_seed2028,compiled_model_output_numpy,497,4.8867
L03_seed2028,preprocess_validation_and_transform,497,0.0616
L03_seed2028,compiled_model_output_numpy,498,4.4075
L03_seed2028,preprocess_validation_and_transform,498,0.062
L03_seed2028,compiled_model_output_numpy,499,4.6229
L03_seed2028,preprocess_validation_and_transform,499,0.0616
